duration,protocol_type,service,flag,src_bytes,dst_bytes,logged_in,num_failed_logins,root_shell,su_attempted,num_file_creations,num_access_files,same_srv_rate,diff_srv_rate,attack_type
2005,EHR,patient_records,SF,7379,1720,1,1,0,0,18,64,0.63,0.98,unauthorized_access
426,PACS,patient_records,REJ,8830,1701,1,2,0,1,12,64,0.56,0.39,credential_sharing
2252,HL7_API,billing,S0,3458,7693,0,3,0,1,17,10,0.15,0.52,unauthorized_access
469,PACS,radiology,REJ,8226,2428,0,0,0,0,9,44,0.06,0.4,normal
3026,PACS,prescriptions,REJ,544,3837,0,4,0,1,15,41,0.27,0.29,data_modification
2101,HL7_API,prescriptions,SF,3456,1262,1,4,1,0,5,73,0.65,0.4,audit_log_tampering
1188,EHR,patient_records,SF,2042,1139,1,5,1,0,0,69,0.34,0.65,credential_sharing
372,EHR,prescriptions,SF,3351,1119,1,4,1,0,0,37,0.26,0.83,unauthorized_access
1420,PACS,lab_results,SF,710,5217,0,1,0,0,3,42,0.92,0.95,normal
1088,EHR,radiology,REJ,1621,448,1,2,0,1,1,1,0.88,0.19,policy_violation
1508,HL7_API,lab_results,SF,8669,3052,0,4,0,1,14,98,0.59,0.9,credential_sharing
1370,PACS,prescriptions,REJ,2717,5341,0,3,1,0,3,66,0.02,0.99,privilege_misuse
2235,HL7_API,prescriptions,S0,3535,2282,1,0,0,0,1,42,0.25,0.44,normal
2319,HL7_API,billing,S0,5919,3854,1,3,1,0,4,9,0.55,0.4,insider_data_leakage
851,HL7_API,patient_records,REJ,5338,1984,0,5,1,0,8,31,0.5,0.54,credential_sharing
2264,HL7_API,lab_results,SF,1142,26,0,5,1,0,0,79,0.95,0.18,audit_log_tampering
1255,PACS,billing,SF,2073,4990,1,3,0,1,10,39,0.75,0.15,credential_sharing
883,HL7_API,billing,SF,1119,7805,1,1,1,0,14,51,0.38,0.64,credential_sharing
414,EHR,billing,REJ,1209,2579,1,5,1,0,15,13,0.94,0.89,data_modification
397,PACS,radiology,SF,5999,6977,0,3,1,0,6,62,0.04,0.65,credential_sharing
3472,PACS,lab_results,S0,9672,2407,0,1,0,1,2,75,0.63,0.82,credential_sharing
2690,HL7_API,radiology,REJ,7827,591,1,2,0,0,5,19,0.85,0.71,audit_log_tampering
2127,PACS,patient_records,SF,4309,6108,1,5,1,0,10,60,0.04,0.12,data_modification
3127,PACS,prescriptions,S0,2183,6703,1,1,0,0,8,2,0.02,0.3,normal
763,EHR,lab_results,REJ,1491,7336,0,2,0,0,5,29,0.97,0.53,audit_log_tampering
335,PACS,billing,REJ,5025,4989,0,2,1,0,15,88,0.17,0.26,credential_sharing
225,EHR,billing,SF,6336,517,0,2,0,0,14,63,0.32,0.83,privilege_misuse
1513,EHR,radiology,S0,4292,4051,0,3,1,0,1,66,0.11,0.08,policy_violation
835,EHR,lab_results,REJ,9951,5935,1,1,0,0,10,63,0.52,0.65,normal
758,PACS,billing,S0,7010,6921,1,2,0,1,13,61,0.9,0.33,audit_log_tampering
3025,PACS,lab_results,REJ,5969,5058,1,5,0,0,15,89,0.34,0.15,audit_log_tampering
2655,PACS,lab_results,S0,8478,7926,1,5,1,1,14,90,0.79,0.88,policy_violation
1324,HL7_API,lab_results,REJ,9699,5545,0,5,1,0,9,64,0.53,0.31,unauthorized_access
636,EHR,billing,SF,3944,4529,1,5,1,0,13,36,0.1,0.83,insider_data_leakage
1049,EHR,lab_results,REJ,1397,2576,0,1,0,0,0,85,0.58,0.59,normal
2824,EHR,radiology,REJ,1637,1727,1,3,1,0,15,82,0.42,0.17,data_modification
372,PACS,prescriptions,REJ,5674,4399,0,4,0,1,8,84,0.45,0.25,policy_violation
3223,EHR,patient_records,SF,4371,6843,0,5,1,1,16,90,0.15,0.68,audit_log_tampering
1862,EHR,patient_records,REJ,3094,6093,1,1,0,0,7,98,0.3,0.33,normal
1935,EHR,lab_results,REJ,7355,419,1,1,0,0,2,47,0.66,0.23,audit_log_tampering
3321,PACS,radiology,SF,5986,4915,1,1,1,1,8,85,0.96,0.25,policy_violation
3409,PACS,billing,SF,2525,1874,0,5,0,1,14,81,0.05,0.17,audit_log_tampering
516,PACS,radiology,REJ,5193,2876,0,5,1,0,7,24,0.73,0.86,credential_sharing
2559,PACS,prescriptions,SF,6139,5472,0,4,0,0,12,96,0.39,0.16,data_modification
2907,HL7_API,lab_results,REJ,2643,3447,0,1,0,0,4,64,0.04,0.68,unauthorized_access
633,EHR,lab_results,REJ,2379,3827,1,1,0,0,16,92,0.62,0.13,insider_data_leakage
1878,EHR,patient_records,S0,7916,1021,1,5,1,0,7,48,0.05,0.69,credential_sharing
1981,PACS,prescriptions,SF,6108,1010,0,1,1,0,6,85,0.03,0.14,insider_data_leakage
508,PACS,radiology,REJ,7505,6431,0,1,1,0,6,5,0.43,0.69,policy_violation
3144,PACS,patient_records,SF,1547,3795,1,1,0,0,6,52,0.17,0.62,normal
3373,EHR,patient_records,S0,8255,7179,0,4,0,0,5,94,0.66,0.87,privilege_misuse
599,EHR,patient_records,S0,9745,2922,0,4,1,0,8,61,0.63,0.26,unauthorized_access
1756,HL7_API,prescriptions,SF,3687,7499,0,1,1,1,0,61,0.53,0.94,privilege_misuse
1873,PACS,lab_results,SF,595,4487,1,1,0,1,5,7,0.54,0.21,policy_violation
675,PACS,billing,REJ,1788,4836,1,3,0,1,14,24,0.26,0.31,unauthorized_access
852,PACS,lab_results,REJ,5431,5756,1,1,1,0,9,39,0.56,0.8,data_modification
3109,PACS,radiology,SF,8394,4499,0,5,0,0,6,80,0.15,0.87,privilege_misuse
838,EHR,prescriptions,REJ,1101,838,1,1,0,0,3,73,0.57,0.83,normal
3087,HL7_API,patient_records,REJ,7437,6662,1,2,1,0,3,72,0.58,0.57,audit_log_tampering
233,PACS,prescriptions,REJ,1746,197,1,1,0,0,0,81,0.25,0.71,normal
2873,PACS,lab_results,S0,715,3032,0,0,0,0,14,46,0.79,0.77,normal
576,PACS,lab_results,S0,5715,5131,1,0,0,0,15,38,0.43,0.21,normal
2716,PACS,prescriptions,S0,7583,1462,0,5,0,1,17,17,0.44,0.01,insider_data_leakage
1811,EHR,prescriptions,REJ,1530,6290,1,4,0,0,5,95,0.43,0.32,unauthorized_access
1096,EHR,lab_results,SF,8508,588,1,3,1,0,12,95,0.66,0.0,policy_violation
627,PACS,lab_results,S0,1799,2816,0,1,0,0,12,19,0.0,0.59,normal
3045,PACS,radiology,S0,771,16,0,1,0,1,5,5,0.48,0.41,audit_log_tampering
396,HL7_API,radiology,S0,7735,2640,0,4,0,1,9,29,0.14,0.3,policy_violation
2958,PACS,lab_results,S0,9919,3240,0,2,0,0,9,66,0.79,0.79,policy_violation
1964,PACS,prescriptions,REJ,2795,4538,1,0,0,0,6,9,0.46,0.1,normal
1898,EHR,radiology,SF,2822,4275,1,4,1,1,0,42,0.88,0.84,policy_violation
2217,EHR,radiology,SF,8872,2870,0,5,1,1,6,22,0.07,0.13,policy_violation
1003,PACS,radiology,SF,3152,6099,1,1,1,0,3,41,0.65,0.13,privilege_misuse
1315,EHR,prescriptions,SF,7794,1298,0,2,1,1,1,59,0.84,0.74,privilege_misuse
1222,EHR,radiology,REJ,5602,2837,1,5,1,0,5,87,0.41,0.17,unauthorized_access
2701,PACS,lab_results,S0,9919,1637,1,1,0,1,1,80,0.29,0.03,unauthorized_access
659,HL7_API,patient_records,S0,3155,7844,1,1,0,0,9,92,0.27,0.55,unauthorized_access
1176,HL7_API,radiology,S0,9308,4933,1,4,0,1,6,50,0.85,0.71,data_modification
1610,PACS,patient_records,REJ,4212,4820,1,4,1,1,12,59,0.13,0.45,unauthorized_access
1593,PACS,patient_records,REJ,3495,6399,1,2,0,1,17,9,0.2,0.71,insider_data_leakage
386,PACS,lab_results,S0,7541,3887,1,5,1,1,14,60,0.94,0.52,credential_sharing
3437,HL7_API,billing,REJ,8441,2140,0,2,1,1,3,67,0.98,0.09,policy_violation
186,PACS,patient_records,SF,7741,6264,1,0,0,0,6,71,0.78,0.97,normal
2498,EHR,prescriptions,REJ,4891,2672,1,4,0,0,9,72,0.55,0.07,credential_sharing
1502,HL7_API,radiology,REJ,468,4887,1,4,0,1,15,30,0.01,0.11,privilege_misuse
1534,EHR,billing,SF,1990,3346,0,2,0,0,15,57,0.61,0.39,audit_log_tampering
2341,PACS,prescriptions,SF,1934,2808,0,3,1,0,8,4,0.34,0.54,privilege_misuse
2492,HL7_API,prescriptions,SF,2967,4142,1,4,1,1,5,56,0.3,0.1,credential_sharing
1594,PACS,billing,S0,2359,6706,1,1,0,0,16,78,0.81,0.99,privilege_misuse
768,EHR,lab_results,SF,8407,1602,1,3,0,1,0,15,0.8,0.83,privilege_misuse
2559,PACS,billing,S0,792,5602,1,4,0,1,13,44,0.39,0.4,data_modification
685,PACS,prescriptions,SF,3085,895,1,1,0,1,18,37,0.63,0.28,credential_sharing
1429,PACS,patient_records,SF,1395,1391,0,5,1,1,11,10,0.11,0.97,unauthorized_access
2024,EHR,lab_results,REJ,7930,1807,1,5,0,0,12,41,0.84,0.47,credential_sharing
2209,HL7_API,prescriptions,SF,9555,1216,0,0,0,0,19,25,0.36,0.44,normal
1619,EHR,prescriptions,REJ,8974,150,0,2,1,1,11,56,0.92,0.73,credential_sharing
3307,PACS,billing,REJ,4406,2996,0,0,0,0,15,66,0.24,0.9,normal
315,HL7_API,lab_results,S0,6897,6431,1,1,0,0,2,58,0.27,0.54,audit_log_tampering
2390,EHR,billing,REJ,8291,6270,1,3,0,1,16,63,0.67,0.64,data_modification
2014,HL7_API,prescriptions,SF,9755,7162,0,1,1,0,2,9,0.89,0.13,unauthorized_access
1389,EHR,billing,SF,2593,6653,1,4,0,0,14,54,0.4,0.65,credential_sharing
1707,PACS,lab_results,S0,6997,7880,1,2,1,1,12,29,0.36,0.03,insider_data_leakage
413,HL7_API,radiology,S0,4245,290,1,1,0,0,10,48,0.63,0.03,normal
565,EHR,prescriptions,S0,8728,5321,1,2,1,1,20,34,0.49,0.06,insider_data_leakage
787,PACS,radiology,REJ,2740,2063,1,4,1,0,15,2,0.93,0.55,audit_log_tampering
3547,EHR,patient_records,SF,4003,253,0,1,0,0,16,23,0.66,0.06,normal
2239,PACS,billing,SF,5779,3303,1,2,0,0,1,78,0.85,0.12,privilege_misuse
2896,PACS,prescriptions,S0,3623,3224,1,1,0,0,15,70,0.4,0.27,normal
2612,EHR,billing,REJ,5235,7391,1,3,0,1,0,82,0.11,0.26,credential_sharing
1306,EHR,radiology,SF,5540,1452,0,5,0,0,2,22,0.49,0.59,credential_sharing
1771,EHR,prescriptions,REJ,5817,5379,0,2,0,0,11,38,0.84,0.85,unauthorized_access
1852,PACS,lab_results,SF,7460,3145,0,5,0,1,4,99,0.91,0.06,credential_sharing
3332,PACS,patient_records,S0,9060,7674,0,2,1,0,1,66,0.68,0.32,insider_data_leakage
1481,PACS,billing,SF,8448,2090,1,4,1,0,17,23,0.7,0.28,unauthorized_access
2810,HL7_API,patient_records,SF,4113,6439,1,4,0,0,0,96,0.85,0.83,privilege_misuse
1528,HL7_API,prescriptions,S0,1454,2369,1,1,0,0,12,13,0.8,0.09,normal
3008,EHR,prescriptions,S0,4275,2358,1,2,1,0,15,76,0.86,0.11,audit_log_tampering
860,EHR,prescriptions,S0,6300,2655,0,1,1,0,7,89,0.36,0.18,credential_sharing
1830,EHR,radiology,S0,7173,3674,0,4,1,1,10,25,0.31,0.85,credential_sharing
1325,EHR,lab_results,SF,8029,4320,0,3,1,0,11,98,0.26,0.18,insider_data_leakage
2889,PACS,lab_results,SF,9759,5261,1,1,0,0,12,21,0.72,0.39,privilege_misuse
2627,PACS,billing,SF,8098,5714,0,4,1,0,18,27,0.93,0.29,unauthorized_access
1359,EHR,lab_results,SF,4118,3416,1,1,0,0,16,48,0.88,0.06,normal
322,PACS,billing,S0,5799,6551,1,2,0,1,11,14,0.78,0.95,privilege_misuse
69,HL7_API,prescriptions,REJ,7449,3694,1,1,1,1,15,91,0.13,0.74,audit_log_tampering
1654,EHR,patient_records,S0,463,2483,0,2,1,1,10,8,0.93,0.04,credential_sharing
1647,EHR,billing,REJ,5540,2442,0,4,0,1,18,7,0.8,0.9,audit_log_tampering
1777,EHR,patient_records,SF,6507,6833,0,0,0,0,10,88,0.64,0.37,normal
590,EHR,prescriptions,SF,5137,575,1,2,1,0,1,18,0.25,0.44,data_modification
2910,PACS,prescriptions,REJ,7776,2215,0,2,1,1,15,71,0.21,0.5,insider_data_leakage
2491,PACS,radiology,REJ,5573,3324,1,1,0,0,5,21,0.03,0.91,privilege_misuse
2851,HL7_API,lab_results,REJ,1390,6969,0,5,0,1,18,44,0.5,0.7,policy_violation
2094,PACS,radiology,S0,5360,5355,0,4,0,0,5,27,0.15,0.21,data_modification
1864,PACS,billing,S0,515,4845,0,2,1,1,16,89,0.69,0.33,unauthorized_access
875,HL7_API,patient_records,SF,397,6389,0,3,0,1,14,74,0.25,0.68,audit_log_tampering
3443,EHR,billing,S0,450,4361,0,3,1,1,1,97,0.65,0.63,audit_log_tampering
1416,PACS,lab_results,REJ,8642,4661,0,4,0,0,3,22,0.73,0.71,data_modification
2383,PACS,radiology,REJ,5931,5111,0,3,0,0,13,21,0.45,0.15,audit_log_tampering
277,HL7_API,lab_results,SF,9097,3825,0,1,1,1,15,78,0.08,0.98,policy_violation
3167,EHR,patient_records,REJ,9778,4026,0,3,1,0,20,99,0.27,0.45,data_modification
1036,HL7_API,prescriptions,SF,5630,4460,1,1,0,0,1,88,0.74,0.94,normal
761,EHR,radiology,SF,3568,3419,1,5,0,1,9,79,0.22,0.39,privilege_misuse
3137,HL7_API,billing,SF,1459,45,1,3,0,1,20,31,0.0,0.91,audit_log_tampering
1207,PACS,billing,SF,4721,2476,0,4,1,0,14,86,0.0,0.47,privilege_misuse
836,PACS,radiology,SF,5349,1814,0,3,1,0,19,38,0.43,0.9,policy_violation
2515,EHR,prescriptions,SF,9615,4857,0,2,0,0,4,58,0.54,0.02,insider_data_leakage
916,EHR,lab_results,S0,4166,3101,0,1,1,1,5,56,0.56,0.19,audit_log_tampering
2964,EHR,radiology,S0,7559,6810,0,1,0,0,7,83,0.16,0.13,normal
2645,PACS,prescriptions,REJ,398,3859,1,1,0,0,1,51,0.06,0.08,normal
2656,EHR,patient_records,SF,8188,1225,1,1,0,0,20,82,0.2,0.64,normal
2330,EHR,radiology,REJ,4154,2357,0,1,0,0,7,94,0.49,0.71,normal
1277,EHR,billing,S0,9826,5529,0,4,0,0,7,20,0.88,0.11,credential_sharing
166,PACS,radiology,S0,8814,6209,0,4,1,0,12,61,0.05,0.74,data_modification
2343,EHR,lab_results,REJ,4949,63,0,1,0,1,18,56,0.8,0.68,data_modification
817,EHR,patient_records,S0,3764,3722,1,5,1,0,7,67,0.51,0.43,data_modification
3472,PACS,radiology,S0,1698,4912,0,1,0,0,16,99,0.87,0.69,insider_data_leakage
2167,PACS,prescriptions,S0,2600,4005,0,3,1,1,2,26,0.39,0.59,policy_violation
3448,PACS,radiology,SF,4885,632,0,3,0,0,20,11,0.88,0.41,unauthorized_access
3455,PACS,radiology,SF,8702,2968,0,4,0,1,5,79,0.45,0.63,policy_violation
1611,HL7_API,radiology,SF,2957,7783,1,4,1,0,5,19,0.23,0.88,audit_log_tampering
2277,HL7_API,prescriptions,SF,8429,3309,0,3,1,1,12,42,0.41,0.29,policy_violation
741,PACS,lab_results,S0,5043,2555,1,1,0,1,17,26,0.51,0.96,credential_sharing
304,EHR,lab_results,S0,4336,7312,0,0,0,0,16,76,0.09,0.55,normal
1194,HL7_API,lab_results,REJ,2957,3805,0,4,1,0,12,37,0.93,0.47,privilege_misuse
383,HL7_API,billing,REJ,8632,6154,1,3,0,0,1,9,0.26,0.34,privilege_misuse
927,EHR,patient_records,S0,4758,6915,1,3,0,0,4,26,0.93,0.46,credential_sharing
1309,EHR,billing,REJ,4023,4732,0,1,0,0,13,96,0.34,0.69,privilege_misuse
3159,EHR,lab_results,REJ,8666,475,1,3,0,0,16,29,0.48,0.98,policy_violation
3145,PACS,billing,S0,5545,1744,0,3,1,1,15,43,0.92,0.58,insider_data_leakage
3162,PACS,lab_results,SF,8262,55,1,3,1,1,1,64,0.59,0.17,credential_sharing
636,HL7_API,billing,SF,2590,4518,1,2,0,1,16,77,0.5,0.5,audit_log_tampering
339,PACS,billing,SF,417,5477,1,4,1,1,10,35,0.94,0.92,unauthorized_access
2322,EHR,radiology,REJ,9033,5622,1,5,0,0,7,43,0.13,0.24,credential_sharing
1245,PACS,lab_results,S0,3662,5685,1,4,0,0,13,99,0.34,0.29,credential_sharing
2389,HL7_API,prescriptions,SF,4956,4254,1,3,1,1,7,58,0.16,0.11,credential_sharing
2051,EHR,patient_records,S0,6347,6325,0,3,0,1,10,44,0.24,0.09,privilege_misuse
1519,HL7_API,prescriptions,S0,1767,7274,0,2,1,0,7,63,0.25,0.9,audit_log_tampering
2949,EHR,billing,S0,5909,4484,1,5,0,0,1,36,0.05,0.58,privilege_misuse
278,PACS,prescriptions,S0,7979,6198,1,4,0,0,18,1,0.21,0.48,data_modification
2808,HL7_API,radiology,REJ,8512,2957,0,1,1,0,6,37,0.28,0.4,data_modification
990,EHR,prescriptions,SF,8630,1365,1,2,1,0,10,74,0.86,0.97,audit_log_tampering
2521,PACS,prescriptions,SF,8165,6192,0,2,1,0,9,47,0.64,0.39,insider_data_leakage
159,PACS,prescriptions,SF,2997,225,1,1,0,1,0,60,0.3,0.45,data_modification
2094,HL7_API,prescriptions,S0,6287,3300,0,2,0,0,20,47,0.95,0.57,policy_violation
587,EHR,lab_results,S0,8874,4771,1,2,1,1,19,46,0.33,0.95,insider_data_leakage
809,HL7_API,billing,SF,2838,520,0,3,1,1,8,12,0.95,0.7,credential_sharing
2270,PACS,lab_results,SF,4731,7725,0,4,1,1,12,45,0.9,0.75,unauthorized_access
2843,EHR,patient_records,S0,4141,2571,1,4,0,0,3,23,0.62,0.95,unauthorized_access
1597,PACS,billing,SF,8796,504,0,1,0,0,20,19,0.83,0.03,policy_violation
2746,HL7_API,prescriptions,SF,211,4331,1,4,1,0,1,93,0.54,0.63,unauthorized_access
2447,PACS,lab_results,REJ,9416,2358,0,3,1,1,2,39,0.14,0.82,insider_data_leakage
2587,HL7_API,prescriptions,S0,9435,4373,1,2,0,1,20,85,0.2,0.98,credential_sharing
2828,HL7_API,patient_records,SF,1480,583,1,2,1,1,3,11,0.63,0.69,unauthorized_access
1440,EHR,lab_results,REJ,961,3599,0,0,0,0,2,39,0.03,0.18,normal
2693,HL7_API,lab_results,REJ,1736,6421,0,1,0,1,5,2,0.56,0.95,audit_log_tampering
664,EHR,radiology,REJ,2286,6420,1,1,0,0,16,20,0.11,0.39,normal
649,PACS,patient_records,SF,356,1402,1,3,1,1,17,11,0.8,0.69,privilege_misuse
347,PACS,patient_records,SF,7955,4425,0,2,0,0,5,84,0.44,0.07,insider_data_leakage
1451,HL7_API,radiology,S0,4049,4245,0,5,1,0,11,59,0.5,0.32,policy_violation
1860,EHR,lab_results,S0,7002,7841,1,4,0,0,11,93,0.56,0.51,credential_sharing
3540,EHR,prescriptions,SF,4228,4759,1,5,1,0,4,14,0.97,0.17,insider_data_leakage
1021,EHR,billing,REJ,4917,1749,0,1,0,0,4,58,0.66,0.09,privilege_misuse
1954,PACS,radiology,SF,8099,6008,0,1,1,1,4,96,0.67,0.1,insider_data_leakage
2775,EHR,patient_records,S0,6494,914,0,2,0,1,15,77,0.27,0.72,audit_log_tampering
2049,HL7_API,prescriptions,SF,7446,3237,0,2,1,1,4,13,0.6,0.91,unauthorized_access
2089,HL7_API,lab_results,REJ,7193,7547,1,4,0,1,0,96,0.57,0.04,credential_sharing
2344,PACS,billing,REJ,6244,4114,0,5,1,0,6,89,0.29,0.87,privilege_misuse
2700,PACS,billing,SF,6165,1557,0,5,0,0,15,53,0.12,0.11,credential_sharing
1121,HL7_API,patient_records,REJ,8671,2888,0,2,0,0,11,2,0.21,0.75,unauthorized_access
1090,HL7_API,billing,S0,2508,7487,0,1,1,1,18,23,0.56,0.62,data_modification
2490,PACS,prescriptions,REJ,8602,1925,1,2,1,1,0,17,0.6,0.81,data_modification
1410,EHR,radiology,REJ,3855,5852,0,5,1,1,13,50,0.07,0.51,insider_data_leakage
1588,HL7_API,prescriptions,S0,6783,3332,0,1,0,0,13,90,0.05,0.69,normal
3505,HL7_API,radiology,SF,9336,5436,1,4,1,1,17,36,0.84,0.97,insider_data_leakage
403,HL7_API,billing,S0,5405,2359,0,1,0,0,0,58,0.38,0.28,privilege_misuse
1553,HL7_API,prescriptions,S0,2911,4562,1,3,1,0,12,37,0.87,0.22,unauthorized_access
1884,HL7_API,patient_records,SF,7850,6176,0,1,0,0,2,82,0.63,0.05,audit_log_tampering
2096,PACS,lab_results,SF,9711,5314,0,4,0,0,13,46,0.14,0.65,privilege_misuse
3477,EHR,radiology,S0,6311,4582,1,2,0,1,7,72,0.45,0.37,privilege_misuse
1311,PACS,prescriptions,REJ,5096,3798,0,5,0,0,9,70,0.04,0.32,insider_data_leakage
2909,PACS,lab_results,S0,6344,963,0,3,0,1,20,17,0.05,0.56,insider_data_leakage
2204,HL7_API,radiology,REJ,6889,5425,1,2,0,0,19,59,0.86,0.9,data_modification
949,HL7_API,radiology,S0,1526,1666,1,3,1,0,13,10,0.7,0.06,credential_sharing
2596,EHR,radiology,SF,7435,4840,1,4,1,0,9,71,0.35,0.39,insider_data_leakage
157,HL7_API,radiology,S0,3978,6725,1,1,1,0,1,66,0.19,0.24,insider_data_leakage
3093,PACS,patient_records,S0,7878,7315,1,5,0,1,4,91,0.99,0.06,policy_violation
1423,HL7_API,lab_results,SF,5728,7188,1,5,1,0,12,95,0.25,0.87,credential_sharing
1127,EHR,prescriptions,S0,5673,5601,0,1,1,1,13,44,0.67,0.81,policy_violation
2391,EHR,patient_records,SF,4249,6713,0,3,0,0,17,90,0.71,0.76,credential_sharing
1756,EHR,prescriptions,S0,5502,7009,0,3,0,0,13,1,0.28,0.06,credential_sharing
3125,EHR,radiology,SF,5158,3805,0,4,1,0,8,30,0.62,0.94,policy_violation
546,PACS,billing,S0,5146,4168,1,5,0,0,13,29,0.83,0.09,unauthorized_access
1204,PACS,lab_results,REJ,496,7309,1,1,0,1,19,86,0.15,0.94,insider_data_leakage
2939,EHR,billing,S0,3780,3962,0,5,1,0,3,20,0.2,0.81,insider_data_leakage
1213,PACS,billing,S0,9706,2257,0,1,0,1,9,50,0.34,0.15,policy_violation
990,EHR,lab_results,SF,2040,5864,1,1,1,1,3,62,0.36,0.12,policy_violation
1920,PACS,prescriptions,S0,5300,2661,1,1,0,0,1,8,0.73,0.25,insider_data_leakage
879,EHR,billing,SF,7689,414,1,1,0,0,4,69,0.36,0.82,audit_log_tampering
246,EHR,prescriptions,S0,4224,49,0,2,0,1,16,5,0.31,0.83,insider_data_leakage
3087,HL7_API,billing,SF,2737,733,1,3,0,1,3,82,0.7,0.06,audit_log_tampering
2296,EHR,lab_results,REJ,4163,6765,0,1,0,0,10,3,0.79,0.37,credential_sharing
720,PACS,billing,S0,4798,6200,0,4,1,1,19,93,0.08,0.45,insider_data_leakage
3337,HL7_API,lab_results,S0,6971,2930,1,1,0,0,5,71,0.6,0.03,policy_violation
44,EHR,lab_results,S0,1135,5999,1,1,0,1,19,53,0.19,0.01,privilege_misuse
1248,EHR,patient_records,REJ,1143,637,1,5,1,1,2,59,0.07,0.62,privilege_misuse
3337,PACS,prescriptions,S0,4608,2072,1,1,0,0,0,67,0.0,0.83,normal
2777,EHR,radiology,SF,4588,5145,0,5,1,1,8,53,0.23,0.3,credential_sharing
1654,PACS,billing,SF,3106,3678,0,2,1,1,18,78,0.7,0.41,privilege_misuse
661,PACS,patient_records,REJ,2112,5668,1,1,0,1,12,1,0.53,0.77,unauthorized_access
149,HL7_API,patient_records,S0,9233,3692,1,3,0,1,10,58,0.15,0.63,credential_sharing
520,EHR,patient_records,S0,2344,7011,1,5,1,1,2,64,0.86,0.37,privilege_misuse
467,HL7_API,patient_records,SF,8354,4918,0,3,1,0,20,81,0.0,0.43,unauthorized_access
2819,HL7_API,prescriptions,SF,9606,7426,1,1,1,0,13,36,0.01,0.42,credential_sharing
2861,EHR,billing,S0,9121,2451,1,2,1,1,20,65,0.16,0.45,insider_data_leakage
3282,PACS,billing,SF,8168,1872,1,2,0,0,12,32,0.02,0.05,privilege_misuse
137,PACS,prescriptions,REJ,4332,1970,0,5,1,1,18,71,0.22,0.18,audit_log_tampering
928,EHR,prescriptions,S0,7627,2054,1,2,0,0,6,67,0.62,0.47,data_modification
537,PACS,billing,SF,6721,7955,1,2,1,0,14,20,0.36,0.99,data_modification
1567,EHR,lab_results,REJ,9877,1196,0,0,0,0,14,60,0.88,0.93,normal
819,HL7_API,radiology,SF,9242,3353,1,2,0,0,7,97,0.7,0.59,data_modification
2232,HL7_API,patient_records,S0,9691,3720,0,2,1,1,8,39,0.72,0.06,credential_sharing
376,HL7_API,radiology,SF,9962,4226,1,2,0,0,11,27,0.52,0.02,policy_violation
3041,HL7_API,lab_results,SF,7684,6175,1,3,0,1,13,73,0.85,0.28,data_modification
2865,PACS,billing,SF,5061,2125,0,2,1,0,5,98,0.9,0.7,credential_sharing
1888,EHR,lab_results,SF,3226,7785,1,1,0,0,0,43,0.78,0.88,normal
337,PACS,prescriptions,S0,2122,4803,1,1,1,1,3,36,0.66,0.32,credential_sharing
1439,HL7_API,prescriptions,SF,6838,5735,0,1,0,0,9,95,0.75,1.0,normal
1134,EHR,radiology,SF,2478,983,1,0,0,0,18,87,0.96,0.17,normal
1355,HL7_API,radiology,REJ,8958,5507,1,3,1,0,6,32,0.87,0.22,unauthorized_access
2303,EHR,prescriptions,REJ,4812,1891,0,5,1,1,6,17,0.32,0.09,unauthorized_access
3158,HL7_API,lab_results,S0,5073,1493,0,5,1,1,17,35,0.75,0.04,data_modification
1139,HL7_API,patient_records,SF,3164,5939,1,1,0,0,15,59,0.92,0.85,privilege_misuse
691,PACS,lab_results,REJ,4783,7526,1,3,1,1,6,69,0.08,0.26,unauthorized_access
2950,EHR,billing,REJ,4524,6810,1,5,1,0,9,62,0.69,0.28,policy_violation
1113,PACS,lab_results,REJ,2597,5124,0,3,0,0,3,86,0.79,0.32,audit_log_tampering
3565,PACS,prescriptions,S0,8481,6370,1,5,0,0,1,13,0.79,0.82,data_modification
1181,HL7_API,billing,SF,3882,3045,1,4,1,0,20,94,0.4,0.84,audit_log_tampering
1926,HL7_API,lab_results,SF,9363,386,0,1,0,0,2,39,0.48,0.78,normal
99,HL7_API,lab_results,S0,9247,4148,1,4,0,1,8,62,0.97,0.72,privilege_misuse
1210,HL7_API,radiology,SF,1401,6736,0,2,0,1,4,81,0.68,0.99,credential_sharing
1765,PACS,lab_results,REJ,1655,5065,0,2,1,0,11,58,0.4,0.92,privilege_misuse
3376,HL7_API,billing,REJ,412,6128,1,2,1,0,5,41,0.19,0.23,data_modification
1409,HL7_API,lab_results,SF,6886,2494,0,5,0,1,3,30,0.32,0.15,unauthorized_access
2551,PACS,prescriptions,REJ,7381,1770,1,3,0,0,18,35,0.54,0.11,audit_log_tampering
1987,HL7_API,billing,SF,1181,5344,1,1,0,0,14,14,0.32,0.5,insider_data_leakage
2970,HL7_API,prescriptions,REJ,6570,6414,1,3,1,1,20,33,0.99,0.13,data_modification
1413,HL7_API,radiology,SF,751,2660,1,5,0,1,17,91,0.17,0.26,audit_log_tampering
62,EHR,billing,SF,5221,1787,0,4,0,0,14,14,0.66,0.44,audit_log_tampering
672,EHR,lab_results,REJ,6854,220,0,2,0,0,17,100,0.09,0.48,privilege_misuse
138,PACS,prescriptions,SF,4030,5892,0,5,1,1,19,99,0.14,0.31,insider_data_leakage
1473,HL7_API,billing,SF,3957,875,1,1,0,0,1,31,0.43,0.99,normal
956,HL7_API,prescriptions,REJ,3088,4025,1,2,0,0,9,40,0.27,0.98,audit_log_tampering
1640,HL7_API,lab_results,REJ,4004,2165,1,1,0,0,12,1,0.91,0.45,normal
3377,HL7_API,lab_results,S0,5279,6273,1,5,1,0,11,87,0.9,0.02,data_modification
390,PACS,lab_results,REJ,1064,635,1,1,1,0,1,78,0.78,0.17,insider_data_leakage
2457,EHR,lab_results,REJ,6340,7715,0,0,0,0,12,7,0.97,0.27,normal
808,HL7_API,patient_records,S0,3010,4753,0,2,1,1,3,76,0.6,0.1,audit_log_tampering
2719,EHR,patient_records,SF,5107,2640,1,2,0,1,14,47,0.49,0.65,unauthorized_access
209,EHR,prescriptions,SF,7170,6724,1,1,0,0,11,88,0.75,0.08,normal
352,HL7_API,prescriptions,SF,4637,6016,0,2,1,0,3,55,0.07,0.52,insider_data_leakage
3321,PACS,radiology,S0,2659,1465,1,5,1,0,15,88,0.43,0.63,unauthorized_access
1089,PACS,prescriptions,SF,7795,5583,1,2,1,0,12,41,0.31,0.17,insider_data_leakage
270,PACS,patient_records,SF,3206,6085,1,0,0,0,19,74,0.8,0.96,normal
3354,EHR,patient_records,REJ,9438,2547,1,1,0,0,3,66,0.16,0.72,normal
3234,HL7_API,lab_results,SF,7659,4544,1,3,1,1,13,87,0.37,0.95,audit_log_tampering
2930,PACS,prescriptions,S0,9578,6499,1,2,1,0,11,7,0.82,0.43,unauthorized_access
2364,HL7_API,radiology,REJ,6901,6475,1,1,0,0,5,22,0.86,0.07,normal
1473,EHR,prescriptions,REJ,4426,5838,0,3,0,1,0,64,0.84,0.02,insider_data_leakage
467,PACS,radiology,S0,1355,457,0,5,0,0,11,75,0.34,0.89,privilege_misuse
2786,HL7_API,prescriptions,REJ,7109,986,0,3,1,1,1,78,0.68,0.18,credential_sharing
1324,EHR,billing,S0,1873,4657,1,0,0,0,12,88,0.11,0.59,normal
269,PACS,billing,REJ,4822,6111,0,1,0,0,19,19,0.59,0.26,normal
1142,EHR,lab_results,SF,3867,1598,0,4,0,0,13,60,0.04,0.57,data_modification
1774,PACS,radiology,S0,341,3209,0,1,0,0,15,93,0.33,0.77,privilege_misuse
2168,PACS,lab_results,S0,8913,6430,1,3,1,0,9,11,0.57,0.29,data_modification
1713,PACS,radiology,REJ,9122,768,1,1,0,0,19,56,0.07,0.58,audit_log_tampering
1808,HL7_API,radiology,SF,4815,5536,1,1,0,0,11,75,0.78,0.17,normal
681,PACS,lab_results,SF,514,4374,0,1,0,0,1,73,0.57,0.34,privilege_misuse
1960,PACS,radiology,S0,1815,5275,0,1,1,1,16,16,0.31,0.21,unauthorized_access
3130,PACS,patient_records,S0,9635,7387,0,2,0,1,9,49,0.02,0.55,privilege_misuse
81,EHR,prescriptions,SF,3048,2636,0,4,0,0,1,71,0.97,0.35,unauthorized_access
2637,HL7_API,radiology,REJ,9284,4252,1,4,1,0,11,73,0.21,0.21,credential_sharing
2816,PACS,patient_records,REJ,8943,1162,1,1,1,0,17,38,0.46,0.4,privilege_misuse
1069,HL7_API,patient_records,SF,7356,3449,1,4,0,0,6,83,0.4,0.32,insider_data_leakage
2887,HL7_API,patient_records,REJ,8833,3729,1,2,0,1,9,38,0.9,0.66,unauthorized_access
738,HL7_API,billing,REJ,5236,1837,1,1,1,1,14,12,0.75,0.39,insider_data_leakage
1321,PACS,billing,SF,2339,1071,0,2,1,1,3,19,0.84,0.27,unauthorized_access
1923,HL7_API,lab_results,SF,1598,6985,1,4,0,0,18,15,0.06,0.57,policy_violation
1725,HL7_API,lab_results,REJ,5577,3448,1,5,1,0,10,51,0.03,0.96,credential_sharing
3270,EHR,radiology,SF,1195,3749,0,4,0,0,19,11,0.34,0.07,insider_data_leakage
171,EHR,billing,REJ,4829,1069,1,3,1,1,15,81,0.34,0.05,credential_sharing
806,EHR,prescriptions,SF,4810,5871,0,5,1,0,14,64,0.65,0.66,policy_violation
1193,HL7_API,billing,S0,7466,2239,0,1,1,0,15,80,0.96,0.08,policy_violation
1561,HL7_API,prescriptions,S0,6803,957,0,2,0,1,17,16,0.29,0.94,privilege_misuse
843,PACS,billing,REJ,626,928,1,2,0,0,17,97,0.29,0.25,unauthorized_access
1222,PACS,lab_results,S0,638,549,1,5,1,1,14,64,0.72,0.69,credential_sharing
3189,EHR,billing,S0,4650,5693,1,3,1,0,19,10,0.97,0.2,audit_log_tampering
626,EHR,lab_results,REJ,5989,7553,0,2,1,0,19,67,0.74,0.33,credential_sharing
2691,HL7_API,billing,SF,4281,3024,1,1,0,0,8,89,0.3,0.84,normal
1131,PACS,radiology,S0,4478,1652,1,2,0,0,3,93,0.99,0.44,insider_data_leakage
2528,HL7_API,prescriptions,REJ,5316,3375,0,4,0,1,16,69,0.57,0.31,insider_data_leakage
1861,HL7_API,patient_records,REJ,8415,1430,0,3,0,1,18,66,0.81,0.27,privilege_misuse
622,HL7_API,lab_results,REJ,1309,2263,0,1,0,0,17,33,0.59,0.68,data_modification
1794,PACS,prescriptions,S0,9755,5448,0,3,0,1,5,97,0.42,0.38,insider_data_leakage
1591,EHR,lab_results,S0,1194,2657,0,1,0,0,19,48,0.43,0.31,normal
2250,EHR,billing,S0,4345,6839,1,5,1,0,13,85,0.86,0.04,policy_violation
1788,PACS,lab_results,S0,3886,6239,1,4,1,1,17,93,0.18,0.83,credential_sharing
1006,EHR,radiology,S0,4474,2525,0,3,1,0,7,7,0.08,0.92,credential_sharing
3418,HL7_API,radiology,S0,3876,7341,1,3,0,0,20,64,0.75,0.07,credential_sharing
352,HL7_API,billing,SF,5132,7451,0,1,1,0,13,73,0.06,0.55,insider_data_leakage
298,EHR,prescriptions,REJ,6603,6183,0,5,1,0,9,23,0.89,0.26,unauthorized_access
1816,EHR,radiology,SF,3589,3011,1,3,0,1,1,48,0.36,0.89,audit_log_tampering
2226,EHR,radiology,SF,3361,4120,1,2,1,1,10,71,0.45,0.58,data_modification
2081,EHR,billing,S0,2254,806,1,3,1,0,17,93,0.21,0.86,privilege_misuse
2377,HL7_API,lab_results,S0,3395,3716,0,3,1,1,4,6,0.84,0.33,unauthorized_access
1119,EHR,lab_results,REJ,4836,6905,0,3,0,0,16,2,0.96,0.32,audit_log_tampering
1739,HL7_API,lab_results,SF,945,619,1,4,1,1,18,19,0.59,0.48,audit_log_tampering
1535,PACS,patient_records,SF,5650,4746,1,1,0,0,17,87,0.61,0.08,unauthorized_access
3116,EHR,radiology,S0,2656,1241,1,2,0,0,17,25,0.57,0.55,audit_log_tampering
1818,EHR,prescriptions,S0,7493,3641,0,1,0,0,20,89,0.4,0.13,normal
821,EHR,billing,REJ,5519,5568,0,1,1,0,14,29,0.89,0.39,unauthorized_access
2375,EHR,lab_results,SF,3845,3149,1,1,0,0,11,32,0.1,0.64,data_modification
3195,EHR,patient_records,S0,4601,7384,1,0,0,0,15,64,0.95,0.08,normal
3319,EHR,patient_records,SF,4938,5240,0,4,1,1,3,56,0.98,0.82,privilege_misuse
756,EHR,billing,SF,8777,3867,0,3,0,0,1,92,0.31,0.76,data_modification
677,EHR,patient_records,S0,3751,1085,0,2,0,0,5,44,0.99,0.44,data_modification
1102,HL7_API,patient_records,REJ,3851,7555,1,3,1,1,11,24,0.49,0.5,privilege_misuse
3187,PACS,prescriptions,REJ,7327,4372,1,1,1,1,0,97,0.76,0.82,privilege_misuse
805,PACS,radiology,SF,3641,6173,1,3,1,0,19,39,0.6,0.2,audit_log_tampering
3583,PACS,lab_results,S0,7610,5920,0,5,0,1,12,44,0.77,0.53,insider_data_leakage
2091,HL7_API,prescriptions,S0,7460,3650,0,4,1,0,19,46,0.5,0.08,privilege_misuse
3075,HL7_API,patient_records,SF,2674,5311,0,1,0,0,19,41,0.31,0.49,normal
131,EHR,prescriptions,S0,8476,7649,0,5,1,0,20,74,0.04,0.24,insider_data_leakage
928,HL7_API,prescriptions,REJ,9696,6149,1,2,0,1,5,97,0.21,0.0,policy_violation
1663,EHR,prescriptions,S0,1398,3774,0,2,0,0,9,91,0.88,0.47,audit_log_tampering
878,PACS,patient_records,S0,1449,6777,1,3,0,0,8,94,0.4,0.38,unauthorized_access
3076,HL7_API,billing,SF,3654,62,1,0,0,0,20,1,0.78,0.91,normal
3476,HL7_API,billing,S0,8929,6123,1,0,0,0,17,82,0.49,0.74,normal
1358,HL7_API,radiology,REJ,9035,7036,0,2,0,0,17,57,0.0,0.14,insider_data_leakage
2586,EHR,lab_results,REJ,6778,3923,1,2,1,1,16,98,0.33,0.48,privilege_misuse
279,EHR,lab_results,REJ,9000,1317,1,2,0,1,5,17,0.99,0.13,audit_log_tampering
1357,EHR,billing,REJ,9962,1242,1,3,0,0,10,33,0.21,0.14,data_modification
3105,HL7_API,prescriptions,S0,842,5274,1,1,1,0,20,88,0.25,0.03,data_modification
1932,HL7_API,billing,REJ,1494,2777,0,5,0,1,7,29,0.76,0.52,credential_sharing
2782,PACS,patient_records,SF,9409,6405,1,1,1,1,8,28,0.19,0.47,audit_log_tampering
2804,EHR,prescriptions,S0,8506,3065,1,5,0,0,2,22,0.13,0.31,unauthorized_access
1665,EHR,patient_records,S0,8985,3996,0,1,0,1,13,51,0.53,0.0,audit_log_tampering
387,PACS,prescriptions,S0,9694,1446,0,4,0,1,20,41,0.86,1.0,unauthorized_access
800,PACS,prescriptions,S0,3286,4343,1,1,0,0,2,98,0.47,0.77,normal
2397,EHR,prescriptions,SF,8100,6129,1,4,1,0,1,60,0.72,0.81,audit_log_tampering
2050,EHR,radiology,S0,7194,5638,0,1,1,0,9,73,0.46,0.3,credential_sharing
1535,HL7_API,lab_results,REJ,4853,4741,1,3,0,0,8,51,0.96,0.26,policy_violation
3554,HL7_API,billing,S0,3158,2672,1,0,0,0,6,60,0.15,0.45,normal
1963,HL7_API,prescriptions,SF,2793,4419,1,0,0,0,11,84,0.31,0.67,normal
1189,PACS,patient_records,REJ,4216,6186,0,3,0,0,6,68,0.68,0.53,data_modification
151,PACS,billing,S0,9443,4045,0,1,1,1,19,28,0.36,0.9,privilege_misuse
3025,PACS,radiology,REJ,4219,2455,0,4,0,1,5,4,0.03,0.65,data_modification
423,HL7_API,billing,S0,2841,3457,1,5,1,0,20,95,0.04,0.81,unauthorized_access
2490,EHR,prescriptions,REJ,3063,3492,1,0,0,0,12,83,0.28,0.6,normal
565,EHR,radiology,REJ,6742,3990,1,0,0,0,10,5,0.13,0.29,normal
481,HL7_API,prescriptions,REJ,815,3302,1,3,1,1,11,13,0.94,0.42,insider_data_leakage
3307,PACS,prescriptions,REJ,6844,6554,0,1,0,0,3,89,0.37,0.52,data_modification
1755,EHR,prescriptions,SF,5891,6873,0,2,1,1,19,67,0.8,0.51,insider_data_leakage
432,PACS,lab_results,REJ,8361,981,0,4,1,0,1,79,0.74,0.3,credential_sharing
2460,EHR,radiology,REJ,9335,1365,0,2,0,1,13,24,0.02,0.6,audit_log_tampering
2615,HL7_API,billing,REJ,8053,453,0,1,0,0,5,1,0.17,0.23,unauthorized_access
893,EHR,prescriptions,SF,3865,7280,1,3,0,0,12,4,0.8,0.59,credential_sharing
1908,PACS,radiology,SF,6913,1921,1,4,0,1,19,20,0.82,0.82,credential_sharing
1505,EHR,lab_results,SF,8413,7172,1,1,0,0,9,59,0.75,0.71,policy_violation
2624,PACS,prescriptions,S0,3123,6771,1,0,0,0,3,34,0.79,0.85,normal
1301,PACS,radiology,S0,8354,5084,1,0,0,0,3,22,0.21,0.03,normal
711,EHR,radiology,S0,9425,7282,1,4,0,0,6,83,0.23,0.78,data_modification
2753,PACS,prescriptions,SF,6307,3017,1,2,0,1,18,95,0.12,0.81,data_modification
2575,EHR,lab_results,SF,2286,3830,1,3,0,1,11,68,0.18,0.74,credential_sharing
1600,HL7_API,billing,REJ,9917,2182,0,1,0,0,14,87,0.12,0.27,unauthorized_access
2089,HL7_API,radiology,S0,936,5921,0,4,1,0,0,93,0.57,0.63,unauthorized_access
542,EHR,patient_records,REJ,7672,3146,0,5,0,0,13,99,0.95,0.84,audit_log_tampering
2868,PACS,prescriptions,SF,4068,427,0,3,0,1,3,82,0.82,0.33,audit_log_tampering
1098,PACS,lab_results,SF,3551,5649,1,1,0,1,19,87,0.58,0.32,unauthorized_access
1122,PACS,prescriptions,SF,783,2292,1,5,1,0,13,83,0.68,0.22,policy_violation
3401,HL7_API,billing,SF,2564,3384,1,3,1,0,14,39,0.7,0.76,privilege_misuse
332,HL7_API,lab_results,SF,8131,3721,0,1,1,1,1,19,0.38,0.62,insider_data_leakage
1044,EHR,radiology,S0,6681,7910,1,4,0,1,0,19,0.45,0.87,data_modification
632,HL7_API,prescriptions,REJ,6020,5291,0,2,1,1,5,44,0.05,0.49,credential_sharing
496,HL7_API,lab_results,REJ,8398,1906,0,5,1,0,10,63,0.97,0.23,insider_data_leakage
3103,PACS,lab_results,S0,2305,4088,1,3,0,0,12,51,0.7,0.84,privilege_misuse
3552,PACS,patient_records,S0,8059,5051,1,5,1,1,4,77,0.16,0.97,insider_data_leakage
3298,PACS,radiology,REJ,7220,2418,1,5,1,1,16,35,0.46,0.63,policy_violation
3406,EHR,billing,S0,3323,3789,0,4,0,0,17,32,0.17,0.17,policy_violation
862,PACS,billing,S0,2445,2506,0,5,0,1,0,3,0.25,0.95,insider_data_leakage
3445,HL7_API,radiology,S0,3364,739,1,5,0,0,18,85,0.81,0.29,insider_data_leakage
2844,PACS,patient_records,SF,3826,4274,0,2,1,1,5,71,0.06,0.57,unauthorized_access
2801,EHR,billing,S0,8299,2197,0,2,0,1,1,86,0.81,0.48,audit_log_tampering
3217,PACS,billing,S0,1290,2554,0,5,1,1,11,35,0.77,0.96,unauthorized_access
2256,EHR,prescriptions,S0,4078,3407,0,3,1,0,12,50,0.48,0.68,privilege_misuse
3346,EHR,lab_results,SF,621,1857,0,4,0,1,19,54,0.46,0.07,policy_violation
20,PACS,radiology,S0,7001,3999,0,1,0,1,0,21,0.06,0.45,data_modification
677,HL7_API,radiology,REJ,6812,5760,0,3,0,0,2,57,0.32,0.77,credential_sharing
3575,EHR,radiology,S0,3204,4005,1,5,0,0,0,24,0.51,0.44,unauthorized_access
3364,HL7_API,radiology,SF,9904,2424,1,1,1,1,0,35,0.46,0.48,unauthorized_access
938,HL7_API,billing,S0,9461,1355,0,5,1,0,17,47,0.4,0.65,insider_data_leakage
675,EHR,patient_records,S0,1567,5469,1,0,0,0,17,67,0.29,0.82,normal
3399,PACS,radiology,REJ,6739,6247,1,4,1,1,20,72,0.56,0.69,insider_data_leakage
3545,HL7_API,prescriptions,S0,1882,5833,1,3,0,1,13,21,0.09,0.68,audit_log_tampering
2886,HL7_API,patient_records,REJ,6053,1659,0,5,0,0,8,13,0.33,0.52,audit_log_tampering
2196,PACS,radiology,REJ,9499,3458,1,3,1,0,20,38,0.32,0.57,credential_sharing
3600,EHR,lab_results,SF,8347,5008,0,2,0,0,13,65,0.43,0.76,insider_data_leakage
543,EHR,prescriptions,S0,410,5078,1,5,1,1,5,58,0.66,0.8,policy_violation
1275,EHR,prescriptions,SF,8840,7059,1,0,0,0,4,41,0.08,0.02,normal
3421,PACS,billing,S0,8212,2365,1,4,1,0,8,6,0.42,0.42,unauthorized_access
449,HL7_API,prescriptions,S0,7776,5729,0,4,0,1,8,82,0.1,0.74,unauthorized_access
1699,PACS,prescriptions,S0,879,5717,1,5,1,1,0,47,0.63,0.43,policy_violation
1407,HL7_API,patient_records,SF,5044,662,1,1,0,0,20,94,0.79,0.38,normal
638,PACS,radiology,S0,1477,2004,1,1,0,0,7,100,0.58,0.71,normal
1133,EHR,billing,S0,4340,529,1,4,1,0,16,27,0.16,0.9,privilege_misuse
1712,PACS,prescriptions,REJ,2732,5299,1,5,0,0,3,62,0.95,0.06,policy_violation
1730,HL7_API,billing,S0,4372,959,0,5,0,1,1,71,0.11,0.35,credential_sharing
3199,HL7_API,patient_records,REJ,217,2307,0,1,0,0,0,45,0.85,0.5,credential_sharing
3526,EHR,lab_results,REJ,5284,736,0,5,0,1,15,70,0.38,0.89,policy_violation
2571,EHR,prescriptions,SF,2793,1574,1,3,0,1,0,96,0.6,0.5,privilege_misuse
265,HL7_API,patient_records,REJ,6150,1134,0,2,0,1,7,78,0.54,0.62,privilege_misuse
3059,HL7_API,radiology,S0,2067,5331,0,5,0,0,5,21,0.15,0.45,credential_sharing
1071,PACS,radiology,SF,992,1441,0,2,0,1,5,34,0.34,0.5,unauthorized_access
2729,HL7_API,billing,REJ,5420,6370,0,1,0,1,6,94,0.91,0.86,privilege_misuse
1102,PACS,lab_results,S0,8211,3490,1,3,0,1,9,56,1.0,0.39,data_modification
3523,PACS,patient_records,REJ,2598,2426,0,3,0,0,1,81,0.4,0.16,audit_log_tampering
2240,HL7_API,patient_records,SF,8403,5060,0,4,0,0,4,1,0.99,0.15,insider_data_leakage
2696,PACS,billing,S0,9760,954,0,0,0,0,12,57,0.21,0.15,normal
859,HL7_API,billing,SF,6660,4946,0,5,0,0,20,63,0.91,0.67,audit_log_tampering
3108,EHR,billing,S0,1639,2301,1,4,0,1,14,58,0.64,0.78,data_modification
73,HL7_API,patient_records,S0,6593,610,0,4,0,1,10,3,0.18,0.65,privilege_misuse
686,EHR,lab_results,REJ,9959,2349,0,3,1,0,13,96,0.53,0.52,insider_data_leakage
1733,HL7_API,patient_records,S0,1430,999,1,4,1,0,17,89,0.74,0.12,unauthorized_access
234,HL7_API,patient_records,REJ,1696,5536,1,5,1,0,6,77,0.67,0.02,policy_violation
2382,EHR,prescriptions,S0,4618,7573,0,1,0,0,2,22,0.38,0.03,credential_sharing
1151,EHR,patient_records,REJ,9613,4612,1,5,1,0,3,37,0.31,0.9,policy_violation
70,EHR,billing,S0,4735,6243,1,5,1,1,8,84,0.41,0.52,credential_sharing
1896,PACS,lab_results,REJ,2290,6741,0,2,1,1,13,82,0.97,0.08,privilege_misuse
545,PACS,radiology,REJ,5621,1083,0,4,1,0,5,70,0.47,0.59,privilege_misuse
427,PACS,lab_results,REJ,9881,25,0,4,0,1,2,23,0.82,0.32,insider_data_leakage
1423,PACS,billing,SF,7971,3108,0,4,1,0,20,100,0.02,0.4,policy_violation
3435,PACS,patient_records,SF,8302,1827,1,1,1,0,9,58,0.49,0.15,audit_log_tampering
545,PACS,radiology,SF,1198,3042,0,2,0,0,2,38,0.47,0.58,data_modification
235,HL7_API,lab_results,SF,3802,6596,0,1,1,1,1,74,0.43,0.72,insider_data_leakage
224,HL7_API,radiology,S0,9568,6786,0,4,0,1,0,1,0.01,0.93,insider_data_leakage
3027,HL7_API,patient_records,REJ,3766,220,0,3,1,1,3,73,0.04,0.48,policy_violation
2421,HL7_API,prescriptions,S0,2277,2331,0,2,1,1,0,71,0.81,0.6,credential_sharing
3449,PACS,radiology,S0,4055,1010,0,1,0,0,17,37,0.91,0.41,normal
1777,EHR,radiology,SF,832,3069,0,2,1,1,19,82,0.43,0.84,data_modification
1025,EHR,patient_records,S0,9486,3126,1,1,1,1,0,23,0.97,0.69,insider_data_leakage
2083,PACS,prescriptions,S0,2152,4708,0,4,0,1,0,67,0.78,0.88,policy_violation
1688,PACS,billing,SF,6998,4555,0,2,0,0,3,94,0.08,0.71,insider_data_leakage
2479,HL7_API,lab_results,SF,782,6196,1,5,1,0,13,43,0.65,0.75,policy_violation
2781,EHR,radiology,REJ,7300,1116,0,5,1,1,6,68,0.03,0.48,audit_log_tampering
689,HL7_API,patient_records,SF,1165,5304,1,5,0,0,9,12,0.52,1.0,unauthorized_access
1080,EHR,prescriptions,SF,4485,7339,1,0,0,0,3,6,0.21,0.78,normal
2736,EHR,patient_records,S0,1083,5781,1,1,1,1,8,100,0.47,0.58,policy_violation
2156,HL7_API,radiology,SF,969,5753,0,3,0,0,10,12,0.03,0.05,audit_log_tampering
2056,EHR,prescriptions,REJ,6370,2459,0,5,1,0,5,10,0.08,0.89,data_modification
2645,PACS,lab_results,S0,9374,6188,0,5,0,0,14,76,0.16,0.95,insider_data_leakage
557,EHR,billing,REJ,2080,7223,1,5,0,0,7,48,0.24,0.2,privilege_misuse
909,HL7_API,radiology,S0,6080,649,1,0,0,0,0,15,0.65,0.8,normal
2220,HL7_API,prescriptions,SF,6846,854,0,1,1,1,19,83,0.6,0.75,privilege_misuse
593,HL7_API,patient_records,SF,3151,2249,0,4,0,1,20,70,0.46,0.68,credential_sharing
1273,HL7_API,billing,S0,6078,7962,0,5,1,1,15,71,0.57,0.48,audit_log_tampering
1943,HL7_API,billing,SF,9520,3562,0,3,1,1,6,15,0.09,0.76,unauthorized_access
313,PACS,radiology,REJ,7316,1747,0,2,0,1,15,81,0.3,0.51,insider_data_leakage
2706,PACS,prescriptions,REJ,7307,2919,0,3,1,0,8,1,0.32,0.85,insider_data_leakage
1678,PACS,radiology,REJ,259,1350,0,4,1,1,10,79,0.53,0.26,privilege_misuse
2793,HL7_API,billing,S0,4848,4785,1,1,1,1,9,63,0.95,0.51,audit_log_tampering
3051,HL7_API,lab_results,S0,9561,6330,1,4,1,1,20,77,0.92,0.02,audit_log_tampering
3287,EHR,patient_records,S0,6120,5952,1,3,0,0,17,22,0.43,0.24,audit_log_tampering
1293,EHR,lab_results,SF,8440,7316,1,4,0,1,0,67,0.81,0.61,audit_log_tampering
487,EHR,patient_records,SF,8707,2457,1,1,0,0,11,100,0.77,0.06,normal
1922,HL7_API,billing,REJ,2827,3130,0,5,0,0,17,39,0.65,0.41,policy_violation
666,PACS,lab_results,S0,7197,2406,0,1,0,1,18,17,0.2,0.95,credential_sharing
1884,HL7_API,lab_results,S0,2681,298,0,4,1,1,15,45,0.82,0.33,privilege_misuse
3352,HL7_API,patient_records,REJ,5079,862,0,4,1,1,7,17,0.14,0.67,privilege_misuse
932,EHR,lab_results,SF,6562,2461,0,1,0,0,7,93,0.85,0.18,normal
2762,HL7_API,patient_records,S0,2136,1475,0,3,0,1,0,93,0.68,0.36,data_modification
1696,PACS,billing,REJ,7247,2999,1,5,1,0,6,72,0.99,0.19,data_modification
2063,PACS,patient_records,SF,1083,445,0,1,0,0,12,69,0.46,0.72,normal
263,HL7_API,radiology,SF,8069,1693,1,5,0,0,8,24,0.71,0.48,audit_log_tampering
3491,PACS,prescriptions,REJ,7334,4991,0,2,1,1,5,73,0.1,0.43,audit_log_tampering
3478,PACS,radiology,S0,1408,6341,1,0,0,0,8,12,0.36,0.65,normal
2980,HL7_API,billing,S0,6576,5315,1,5,0,0,3,73,0.83,0.68,privilege_misuse
1915,HL7_API,prescriptions,SF,1790,6646,1,3,1,0,19,77,0.65,0.9,insider_data_leakage
3229,HL7_API,radiology,SF,4392,5393,0,2,1,1,19,95,0.38,0.75,privilege_misuse
2886,PACS,billing,REJ,5386,5247,1,2,0,0,8,59,0.75,0.94,policy_violation
2495,EHR,patient_records,S0,4058,7715,1,3,0,0,14,68,0.26,0.53,insider_data_leakage
1448,PACS,radiology,S0,7343,4487,0,0,0,0,17,80,0.58,0.53,normal
2769,PACS,billing,SF,8187,576,1,3,0,0,16,78,0.37,0.16,credential_sharing
2313,EHR,lab_results,REJ,7264,3774,0,5,1,0,11,79,0.37,0.38,privilege_misuse
2114,EHR,billing,REJ,9015,6057,1,5,0,0,7,44,0.76,0.74,audit_log_tampering
204,HL7_API,radiology,S0,3944,2364,1,1,0,0,9,29,0.93,0.52,normal
3550,PACS,prescriptions,REJ,1243,399,1,3,0,0,1,89,0.13,0.49,unauthorized_access
767,HL7_API,patient_records,REJ,6241,227,1,1,1,0,14,31,0.58,0.79,insider_data_leakage
3392,EHR,radiology,SF,3428,5669,0,2,1,0,6,63,0.45,0.64,data_modification
969,EHR,patient_records,SF,8987,2062,1,3,0,1,10,57,0.57,0.47,policy_violation
2794,PACS,prescriptions,S0,5692,4901,1,4,1,1,6,91,0.53,0.62,data_modification
3465,EHR,lab_results,S0,7375,3830,1,4,0,1,8,18,0.36,0.93,audit_log_tampering
1150,EHR,lab_results,S0,7153,5370,0,1,1,1,20,77,0.0,0.26,insider_data_leakage
1154,PACS,prescriptions,REJ,9777,3243,1,3,0,0,4,48,0.3,0.64,data_modification
3502,EHR,billing,REJ,1621,7968,0,3,1,0,11,76,0.85,0.5,unauthorized_access
1995,PACS,patient_records,SF,1459,6258,0,3,1,1,11,74,0.18,0.74,unauthorized_access
128,HL7_API,billing,SF,2687,2738,0,5,0,0,13,97,0.02,0.74,insider_data_leakage
1886,PACS,patient_records,SF,1758,500,1,1,1,1,20,40,0.9,0.44,insider_data_leakage
1937,PACS,patient_records,REJ,8791,7899,0,4,0,1,16,20,0.86,0.53,credential_sharing
1111,EHR,prescriptions,S0,3864,4655,0,1,1,1,17,81,0.44,0.72,unauthorized_access
793,EHR,lab_results,SF,1359,7880,1,3,0,1,2,96,0.74,0.38,unauthorized_access
1204,HL7_API,patient_records,SF,796,1641,0,3,1,0,20,91,0.65,0.69,data_modification
878,EHR,patient_records,SF,5238,5302,0,1,0,0,13,47,0.56,0.97,unauthorized_access
367,EHR,patient_records,REJ,5410,1149,1,4,1,1,13,66,0.21,0.55,credential_sharing
2132,HL7_API,prescriptions,SF,3752,7864,0,2,1,0,2,17,0.92,0.13,audit_log_tampering
1659,EHR,patient_records,REJ,8509,6461,0,5,0,0,14,66,0.99,0.58,data_modification
1749,EHR,patient_records,REJ,1830,4780,1,4,1,0,18,39,0.74,0.95,insider_data_leakage
338,EHR,billing,S0,6213,2355,0,3,1,0,20,71,0.55,0.92,unauthorized_access
2776,PACS,patient_records,REJ,7334,2105,0,2,1,0,9,76,0.13,0.14,policy_violation
2891,PACS,radiology,SF,9887,1921,0,3,1,0,7,55,0.73,0.37,credential_sharing
2254,HL7_API,radiology,REJ,5400,7413,0,1,0,1,6,79,0.47,0.74,credential_sharing
1154,PACS,prescriptions,REJ,8789,4348,0,5,1,0,16,89,0.69,0.95,credential_sharing
1783,EHR,billing,REJ,2366,6104,0,4,0,0,4,71,0.41,0.39,audit_log_tampering
774,HL7_API,prescriptions,SF,4553,1648,0,5,0,0,10,10,0.45,0.8,audit_log_tampering
1282,EHR,radiology,S0,3361,379,1,3,0,0,12,75,0.24,0.72,credential_sharing
436,HL7_API,patient_records,SF,5023,3522,1,3,0,0,4,89,0.51,0.72,data_modification
2219,HL7_API,radiology,REJ,7088,1931,0,5,0,0,15,28,0.9,0.62,policy_violation
3540,HL7_API,patient_records,REJ,762,2607,0,1,1,1,17,3,0.73,0.93,unauthorized_access
533,HL7_API,billing,S0,2005,6386,1,4,1,1,3,92,0.02,0.18,data_modification
2903,EHR,prescriptions,SF,1123,69,0,5,0,1,10,63,0.58,0.78,unauthorized_access
2388,PACS,billing,REJ,9291,4525,1,0,0,0,8,44,0.82,0.46,normal
2996,HL7_API,radiology,SF,4946,1037,0,2,1,0,3,95,0.27,0.02,unauthorized_access
2275,EHR,lab_results,S0,2148,7767,0,3,0,1,19,52,0.46,0.86,unauthorized_access
2080,PACS,prescriptions,S0,7362,3007,0,4,0,0,19,87,0.49,0.05,audit_log_tampering
3045,PACS,lab_results,S0,3667,3741,0,5,0,1,6,69,0.92,0.8,insider_data_leakage
2797,PACS,billing,REJ,2364,5012,0,3,0,0,13,65,0.88,0.45,data_modification
2288,HL7_API,billing,SF,8597,6680,1,1,1,0,0,16,0.17,0.46,credential_sharing
1082,PACS,patient_records,SF,7047,1836,0,1,0,0,13,78,0.66,0.38,audit_log_tampering
2175,EHR,prescriptions,SF,6611,491,1,3,0,0,12,73,0.76,0.87,privilege_misuse
1452,EHR,prescriptions,S0,3379,7515,1,4,0,0,20,24,0.22,0.48,audit_log_tampering
68,EHR,patient_records,S0,5389,7444,1,0,0,0,5,73,0.49,0.26,normal
2660,EHR,billing,REJ,2246,7772,1,0,0,0,9,16,0.26,0.68,normal
1043,EHR,radiology,SF,7743,3075,1,5,0,0,16,82,0.46,0.02,audit_log_tampering
255,PACS,prescriptions,SF,3031,5115,1,1,0,0,5,43,0.85,0.02,audit_log_tampering
3404,EHR,billing,REJ,2038,1410,1,4,0,0,5,98,0.67,0.76,audit_log_tampering
3401,HL7_API,radiology,SF,2997,2544,1,5,0,0,8,83,0.11,0.42,data_modification
3468,EHR,radiology,SF,3268,741,1,5,1,0,14,40,0.61,0.67,unauthorized_access
1071,PACS,billing,SF,3714,6650,1,0,0,0,9,66,0.08,0.92,normal
1952,EHR,patient_records,S0,805,1967,1,4,1,1,11,33,0.7,0.58,credential_sharing
24,EHR,radiology,REJ,3672,3185,1,0,0,0,2,93,0.61,0.91,normal
619,PACS,billing,SF,2767,7480,1,0,0,0,1,68,0.09,0.13,normal
3192,EHR,radiology,REJ,304,1628,0,4,0,0,12,40,0.03,0.61,data_modification
1914,EHR,billing,S0,1722,3906,1,4,1,0,13,39,0.11,0.55,audit_log_tampering
2272,EHR,prescriptions,S0,5713,7336,0,4,0,1,9,41,0.88,0.65,credential_sharing
3377,EHR,patient_records,SF,3360,3944,0,4,0,1,0,69,0.57,0.46,audit_log_tampering
672,HL7_API,lab_results,REJ,1531,2924,0,1,0,0,16,78,0.18,0.34,credential_sharing
790,HL7_API,billing,SF,5432,7637,1,5,1,1,1,95,0.3,0.51,policy_violation
1695,HL7_API,billing,REJ,8660,4444,0,2,1,0,15,88,0.9,0.82,insider_data_leakage
1225,PACS,prescriptions,REJ,1984,3074,1,2,1,0,3,18,0.92,0.14,data_modification
1590,EHR,patient_records,SF,7314,284,0,3,0,1,13,39,0.87,0.88,data_modification
2852,EHR,radiology,SF,9412,1537,1,2,0,1,16,73,0.41,0.0,credential_sharing
1651,PACS,radiology,SF,2519,6066,0,1,1,0,19,53,0.67,0.19,privilege_misuse
1092,HL7_API,radiology,SF,2410,1689,1,1,0,0,2,14,0.84,0.36,insider_data_leakage
3019,PACS,patient_records,SF,7798,1662,0,4,0,1,9,18,0.76,0.07,privilege_misuse
641,PACS,lab_results,S0,7496,3472,1,4,1,0,12,71,0.8,0.33,audit_log_tampering
1012,HL7_API,prescriptions,REJ,4724,2766,1,1,0,0,13,96,0.92,0.75,normal
820,HL7_API,prescriptions,SF,5671,3766,0,2,1,1,16,93,0.92,0.4,data_modification
544,PACS,patient_records,REJ,6613,6855,0,4,1,0,8,99,0.47,0.34,policy_violation
2150,PACS,prescriptions,SF,814,4967,1,3,0,0,3,50,0.53,0.09,credential_sharing
799,EHR,billing,SF,8189,3040,1,5,0,1,17,63,0.4,0.59,privilege_misuse
1471,EHR,patient_records,SF,7261,4680,1,4,1,0,8,46,0.2,0.22,unauthorized_access
453,PACS,lab_results,REJ,397,832,1,0,0,0,5,58,0.47,0.82,normal
709,HL7_API,lab_results,SF,6535,6346,0,3,1,0,9,46,0.02,0.7,privilege_misuse
540,EHR,billing,REJ,7452,790,1,5,1,0,4,54,0.08,0.87,insider_data_leakage
1693,PACS,radiology,S0,2706,6984,1,5,1,0,11,74,0.2,0.59,privilege_misuse
684,PACS,billing,SF,8130,6607,0,3,1,0,8,14,0.35,0.55,unauthorized_access
2919,EHR,prescriptions,S0,2993,282,0,3,0,1,6,13,0.1,0.48,privilege_misuse
3000,EHR,lab_results,S0,2389,4140,1,3,0,1,16,67,0.03,0.83,policy_violation
2804,PACS,prescriptions,SF,7532,5538,0,1,0,1,3,22,0.43,0.93,data_modification
3406,EHR,radiology,SF,6201,3088,1,2,1,1,19,50,0.28,0.91,privilege_misuse
2686,HL7_API,billing,REJ,9685,7482,1,5,0,0,14,55,0.21,0.34,credential_sharing
312,PACS,lab_results,S0,4173,5162,0,2,0,1,9,29,0.75,0.28,data_modification
1017,HL7_API,prescriptions,SF,4364,2892,1,5,1,0,15,31,0.62,0.36,credential_sharing
3154,HL7_API,patient_records,S0,744,3415,0,3,0,0,17,8,0.14,1.0,unauthorized_access
1045,PACS,billing,SF,1279,960,1,2,0,1,14,1,0.23,0.49,insider_data_leakage
1186,HL7_API,radiology,REJ,4863,7963,0,5,1,1,8,38,0.2,0.74,credential_sharing
3491,PACS,lab_results,REJ,7834,6315,1,5,1,1,14,77,0.05,0.52,data_modification
2027,EHR,lab_results,S0,5499,5291,1,1,0,0,17,43,1.0,0.86,normal
2197,HL7_API,lab_results,SF,9941,2602,0,5,1,1,6,55,0.49,0.19,insider_data_leakage
1519,EHR,patient_records,REJ,6107,2727,1,5,0,1,10,65,0.59,0.39,policy_violation
1520,EHR,radiology,REJ,7794,6010,1,5,1,1,14,73,0.49,0.86,unauthorized_access
460,PACS,patient_records,S0,6585,5252,1,0,0,0,5,77,0.34,0.57,normal
3044,HL7_API,prescriptions,S0,668,1491,1,5,0,0,9,17,0.73,0.83,insider_data_leakage
1559,EHR,billing,REJ,8344,2180,0,3,1,0,20,5,0.5,0.95,credential_sharing
82,HL7_API,radiology,REJ,8165,2570,1,3,1,0,14,91,0.74,0.95,data_modification
1708,HL7_API,lab_results,SF,5527,4413,0,2,1,0,9,52,0.4,0.43,privilege_misuse
3555,PACS,prescriptions,SF,7444,2549,1,4,1,0,12,70,0.08,0.63,data_modification
1632,EHR,billing,S0,8000,6777,1,0,0,0,15,14,0.99,0.61,normal
2528,HL7_API,billing,SF,371,7918,0,1,1,1,19,3,0.94,0.68,audit_log_tampering
2445,EHR,billing,REJ,3375,7024,0,2,0,0,13,39,0.62,0.66,policy_violation
112,EHR,prescriptions,REJ,5282,7123,1,5,0,0,2,93,0.79,0.95,data_modification
165,PACS,radiology,S0,3065,3869,0,1,0,0,0,8,0.76,0.02,data_modification
1515,HL7_API,billing,REJ,1019,456,0,5,0,1,15,59,0.26,0.75,data_modification
1556,PACS,radiology,S0,7546,4347,1,3,0,1,9,23,0.54,0.39,policy_violation
3218,HL7_API,radiology,S0,2503,5530,0,1,1,0,17,56,0.01,0.52,privilege_misuse
1032,PACS,lab_results,REJ,5617,7629,0,3,1,0,9,73,0.27,0.79,audit_log_tampering
1661,HL7_API,billing,REJ,7870,5245,1,3,1,0,11,89,0.25,0.16,privilege_misuse
2387,PACS,lab_results,S0,4288,2910,1,3,0,0,16,16,0.63,0.36,policy_violation
1002,EHR,lab_results,REJ,6837,2020,1,3,1,1,10,88,0.09,0.59,privilege_misuse
3064,HL7_API,radiology,SF,3809,6376,1,3,0,1,18,42,0.3,0.24,insider_data_leakage
3200,PACS,prescriptions,REJ,5611,4259,0,2,0,0,20,80,0.07,0.7,data_modification
2236,EHR,lab_results,REJ,2418,121,1,3,1,0,20,32,0.03,0.72,privilege_misuse
552,PACS,radiology,S0,5961,3468,1,1,1,1,1,61,0.13,0.68,policy_violation
1074,PACS,prescriptions,REJ,4698,2328,0,4,0,0,19,30,0.59,0.71,privilege_misuse
1393,PACS,lab_results,S0,1252,992,0,2,0,0,18,51,0.28,0.33,policy_violation
277,HL7_API,patient_records,REJ,5243,975,0,0,0,0,12,64,0.43,0.45,normal
3346,EHR,lab_results,S0,7173,968,0,0,0,0,9,10,0.92,0.04,normal
1944,HL7_API,radiology,S0,2867,7232,0,4,1,0,19,42,0.73,0.69,audit_log_tampering
3135,PACS,patient_records,SF,2905,6515,1,1,1,1,13,61,0.49,0.54,privilege_misuse
3231,PACS,prescriptions,REJ,2303,1628,1,2,0,0,14,28,0.42,0.37,unauthorized_access
29,PACS,billing,REJ,6715,419,0,3,1,0,13,4,0.71,0.35,unauthorized_access
1836,EHR,billing,SF,7473,3863,0,1,1,0,0,33,0.82,0.51,insider_data_leakage
3499,EHR,billing,SF,4519,5048,1,5,0,1,8,61,0.03,0.37,credential_sharing
2661,EHR,lab_results,S0,8732,2418,1,2,1,0,17,38,0.25,0.86,data_modification
2088,PACS,prescriptions,S0,1349,4875,1,4,0,0,15,55,0.85,0.94,credential_sharing
72,PACS,radiology,SF,3698,6758,1,1,0,0,0,57,0.07,0.69,normal
3312,HL7_API,billing,SF,3374,6843,0,2,0,0,17,37,1.0,0.06,unauthorized_access
3401,PACS,lab_results,SF,9328,6631,1,4,1,1,16,6,0.33,0.58,audit_log_tampering
2576,EHR,prescriptions,SF,3513,7479,1,5,1,1,11,89,0.81,0.28,data_modification
1634,PACS,billing,SF,4774,6287,0,1,0,0,0,47,0.06,0.31,normal
2209,PACS,prescriptions,SF,5943,579,0,4,0,1,2,5,0.29,0.25,policy_violation
511,HL7_API,patient_records,SF,9091,2825,0,1,0,0,19,49,0.57,0.4,normal
1463,EHR,radiology,REJ,5020,4159,0,2,1,1,1,2,0.36,0.21,insider_data_leakage
1905,EHR,radiology,S0,8605,6219,1,3,0,0,11,76,0.48,0.67,policy_violation
3226,HL7_API,lab_results,SF,4127,3285,0,2,0,1,11,69,0.67,0.47,data_modification
203,EHR,prescriptions,REJ,1467,5015,0,4,1,0,2,97,0.42,0.57,credential_sharing
2875,PACS,radiology,S0,2635,7514,1,2,0,1,0,42,0.12,0.03,policy_violation
2914,HL7_API,radiology,REJ,8053,5423,1,1,0,0,20,51,0.65,0.4,normal
1951,HL7_API,billing,SF,2551,1738,0,5,1,1,5,98,0.31,0.05,policy_violation
1120,EHR,prescriptions,REJ,7202,856,1,4,1,0,9,38,0.19,0.05,credential_sharing
1243,HL7_API,lab_results,S0,4137,2456,1,1,0,1,6,62,0.59,0.75,policy_violation
1772,PACS,radiology,S0,7597,3725,1,1,1,0,16,54,0.06,0.9,audit_log_tampering
1204,HL7_API,prescriptions,SF,8295,3286,0,0,0,0,14,49,0.89,0.99,normal
274,PACS,lab_results,SF,3112,751,0,2,1,1,4,86,0.71,0.36,privilege_misuse
827,HL7_API,billing,SF,1613,4298,0,3,1,1,7,49,0.91,0.88,audit_log_tampering
3576,HL7_API,billing,SF,5922,4384,0,1,0,0,3,42,0.59,0.23,normal
3590,EHR,billing,SF,2449,5221,0,4,0,0,4,62,0.73,0.7,privilege_misuse
1595,PACS,lab_results,S0,5394,5387,0,3,0,0,3,18,0.08,0.26,insider_data_leakage
2131,HL7_API,patient_records,SF,1621,1227,1,0,0,0,4,93,0.78,0.46,normal
168,HL7_API,prescriptions,REJ,1463,6116,0,1,0,0,14,51,0.63,0.52,normal
1207,HL7_API,lab_results,S0,9095,6349,1,1,0,0,10,48,0.83,0.47,unauthorized_access
3093,PACS,prescriptions,S0,596,1141,1,2,0,0,1,8,0.64,0.18,insider_data_leakage
3280,EHR,radiology,S0,1866,472,0,4,0,0,16,61,0.63,0.77,unauthorized_access
184,HL7_API,patient_records,SF,629,3763,1,2,1,0,7,76,0.16,0.1,credential_sharing
2683,EHR,patient_records,REJ,1672,3922,1,1,1,0,17,82,0.45,0.65,unauthorized_access
1458,HL7_API,radiology,S0,7298,1433,0,4,1,0,15,22,0.98,0.91,unauthorized_access
370,PACS,patient_records,SF,1184,40,1,2,1,1,7,35,0.75,0.79,insider_data_leakage
148,HL7_API,lab_results,REJ,3914,5401,0,5,0,0,18,65,0.48,0.83,privilege_misuse
2812,PACS,billing,REJ,4858,7269,0,1,0,0,11,41,0.51,0.91,normal
489,HL7_API,lab_results,REJ,4320,3034,0,0,0,0,20,78,0.58,0.21,normal
161,PACS,lab_results,REJ,7036,1337,0,4,1,0,3,48,0.26,0.1,unauthorized_access
1635,PACS,patient_records,S0,4981,494,0,5,0,0,8,92,0.87,0.64,insider_data_leakage
600,HL7_API,patient_records,S0,4862,6132,0,2,0,1,20,68,0.64,0.89,insider_data_leakage
1264,EHR,billing,S0,5770,7000,1,3,0,0,19,95,0.58,0.17,data_modification
1321,EHR,lab_results,REJ,7575,5000,1,3,1,1,17,14,0.58,0.07,unauthorized_access
561,PACS,prescriptions,REJ,4464,464,0,1,1,1,13,41,0.71,0.52,insider_data_leakage
2845,HL7_API,billing,REJ,695,2399,0,5,0,1,20,18,0.97,0.28,insider_data_leakage
3543,HL7_API,prescriptions,S0,8938,3598,1,5,0,1,19,3,0.25,0.84,insider_data_leakage
1834,HL7_API,billing,REJ,6219,4555,0,2,1,0,0,100,0.12,0.13,data_modification
1610,PACS,prescriptions,S0,8473,6301,0,2,0,0,11,10,0.91,0.82,privilege_misuse
3018,EHR,prescriptions,S0,1806,7415,0,5,0,0,4,7,0.8,0.15,audit_log_tampering
563,HL7_API,patient_records,REJ,8256,2225,0,2,0,0,1,59,0.74,0.73,unauthorized_access
1099,PACS,radiology,SF,460,451,0,5,0,0,7,78,0.99,0.04,data_modification
535,HL7_API,patient_records,SF,3716,7245,1,2,1,0,3,68,0.87,0.61,policy_violation
396,EHR,billing,SF,9561,7923,1,3,0,1,7,33,0.94,0.03,insider_data_leakage
168,EHR,billing,REJ,4175,4601,0,3,0,0,4,91,0.71,0.47,data_modification
121,HL7_API,radiology,REJ,8147,3317,0,4,0,0,19,4,0.99,0.13,data_modification
497,PACS,lab_results,REJ,9150,738,1,4,0,1,9,31,0.1,0.89,insider_data_leakage
1119,PACS,lab_results,S0,1305,1854,0,2,1,0,6,33,0.17,0.58,insider_data_leakage
1004,EHR,radiology,SF,445,138,1,1,0,0,11,92,0.85,0.93,normal
1458,PACS,lab_results,SF,5379,2007,1,2,0,0,11,21,0.36,0.51,insider_data_leakage
1035,EHR,lab_results,SF,8400,3068,0,0,0,0,10,12,0.59,0.32,normal
2835,PACS,billing,SF,9780,6625,0,3,0,0,14,55,0.55,0.98,policy_violation
1256,HL7_API,radiology,REJ,4656,1778,1,0,0,0,15,75,0.77,0.34,normal
2618,EHR,lab_results,REJ,3112,3636,1,3,0,1,2,70,0.18,0.4,audit_log_tampering
125,PACS,prescriptions,REJ,2580,5567,1,5,1,0,7,61,0.31,0.62,credential_sharing
2559,HL7_API,billing,S0,9229,266,0,1,0,0,13,72,0.29,0.72,normal
572,EHR,radiology,S0,4063,7864,0,1,1,1,5,29,0.52,0.06,credential_sharing
471,PACS,prescriptions,SF,2936,4525,0,4,1,1,1,1,0.93,0.69,privilege_misuse
589,HL7_API,patient_records,SF,9091,1101,0,1,1,1,11,43,0.35,0.12,insider_data_leakage
2418,EHR,prescriptions,REJ,9671,5974,0,3,0,0,6,73,1.0,0.98,insider_data_leakage
84,PACS,billing,S0,3518,1288,0,2,1,0,18,20,0.57,0.95,credential_sharing
2614,HL7_API,lab_results,SF,4441,3260,1,3,0,0,11,6,0.28,0.21,insider_data_leakage
1049,EHR,patient_records,S0,2649,6149,0,1,0,0,15,48,0.07,0.24,normal
374,PACS,patient_records,S0,7862,4585,1,1,1,1,10,85,0.36,0.86,credential_sharing
2947,HL7_API,patient_records,SF,7361,4300,1,5,1,1,3,26,0.42,0.02,insider_data_leakage
778,EHR,patient_records,SF,2411,1455,0,4,0,0,20,85,0.15,0.09,policy_violation
3379,EHR,billing,SF,4414,4070,0,3,1,1,16,58,0.68,0.18,credential_sharing
931,EHR,lab_results,REJ,6822,2733,0,2,0,0,13,2,0.72,0.56,audit_log_tampering
2756,PACS,billing,S0,9175,285,1,0,0,0,17,71,0.34,0.99,normal
787,HL7_API,lab_results,REJ,8274,6161,1,3,1,0,8,77,0.92,0.54,audit_log_tampering
2534,HL7_API,prescriptions,REJ,4095,6434,0,3,0,0,12,88,0.99,0.33,unauthorized_access
3465,HL7_API,radiology,S0,3741,3213,0,2,1,0,20,99,0.63,0.05,policy_violation
2133,PACS,patient_records,SF,6020,1218,1,5,1,0,16,60,0.34,0.77,unauthorized_access
1654,HL7_API,patient_records,REJ,8745,4889,0,5,1,1,10,33,0.9,0.68,audit_log_tampering
775,HL7_API,lab_results,REJ,6139,3258,1,4,0,1,1,46,0.09,0.17,privilege_misuse
2028,EHR,billing,S0,1958,6516,1,1,1,0,0,64,0.03,0.68,data_modification
3319,EHR,patient_records,SF,8087,3701,1,2,1,1,20,57,0.75,0.94,insider_data_leakage
1513,PACS,patient_records,SF,5743,6540,1,1,0,0,14,55,0.08,0.11,privilege_misuse
315,EHR,prescriptions,SF,7344,6592,0,5,1,1,18,36,0.75,0.18,audit_log_tampering
1182,PACS,billing,REJ,8663,4043,1,5,0,0,5,32,0.41,0.34,credential_sharing
808,HL7_API,billing,REJ,7313,5990,1,1,1,0,16,21,0.4,0.31,audit_log_tampering
1390,HL7_API,patient_records,REJ,1754,201,0,3,1,0,4,71,0.59,0.65,unauthorized_access
241,HL7_API,prescriptions,S0,1486,2667,1,4,1,1,6,25,0.12,0.07,unauthorized_access
1151,EHR,patient_records,S0,8454,3238,0,4,0,1,11,27,0.89,0.62,privilege_misuse
1004,EHR,patient_records,SF,2833,2464,0,4,1,0,13,42,0.01,0.31,privilege_misuse
825,PACS,prescriptions,S0,9503,4636,0,4,0,0,12,59,0.88,0.59,unauthorized_access
1527,HL7_API,prescriptions,S0,6347,4173,1,1,0,1,9,30,0.33,0.14,unauthorized_access
587,HL7_API,patient_records,S0,8021,2561,1,1,0,0,18,84,0.17,0.64,normal
3444,EHR,radiology,S0,1849,4728,0,5,0,1,12,83,0.28,0.01,credential_sharing
1521,PACS,patient_records,REJ,6164,2812,1,5,1,1,2,61,0.58,0.05,unauthorized_access
925,EHR,billing,SF,2520,1201,1,4,1,1,1,29,0.39,0.17,credential_sharing
1999,EHR,billing,S0,3749,4321,1,4,0,1,12,18,0.47,0.92,unauthorized_access
613,EHR,prescriptions,REJ,5223,2719,0,2,0,1,16,29,0.92,0.23,data_modification
30,EHR,lab_results,S0,424,562,0,5,0,0,13,58,0.7,0.8,unauthorized_access
520,EHR,lab_results,S0,6905,5286,1,1,0,0,17,79,0.33,0.63,normal
7,PACS,lab_results,REJ,8829,36,0,2,0,1,11,49,0.99,0.23,audit_log_tampering
380,HL7_API,billing,S0,9859,5242,0,4,0,1,3,78,0.72,0.66,insider_data_leakage
162,PACS,lab_results,SF,2607,5059,0,4,1,1,9,12,0.81,0.42,policy_violation
3591,HL7_API,patient_records,SF,3333,5746,1,5,1,0,18,3,0.98,0.36,insider_data_leakage
2854,HL7_API,patient_records,S0,7893,7255,0,3,1,0,11,19,0.05,0.13,credential_sharing
185,EHR,patient_records,REJ,5708,1169,0,2,1,1,12,25,0.7,0.68,policy_violation
2453,EHR,patient_records,SF,6171,1517,1,0,0,0,10,69,0.82,0.23,normal
309,EHR,lab_results,S0,246,6289,1,3,0,0,13,10,0.32,0.73,privilege_misuse
2266,PACS,billing,S0,4633,3321,0,5,1,1,12,51,0.6,0.22,unauthorized_access
442,EHR,patient_records,REJ,1595,6018,0,2,0,0,17,22,1.0,0.97,privilege_misuse
289,PACS,billing,SF,6916,2386,0,4,1,0,0,41,0.3,0.78,privilege_misuse
669,EHR,radiology,REJ,884,1114,1,5,1,1,7,30,1.0,0.13,audit_log_tampering
25,PACS,lab_results,S0,8022,6899,0,0,0,0,1,9,0.37,0.35,normal
2279,HL7_API,patient_records,SF,3842,376,0,2,0,0,2,36,0.02,0.05,policy_violation
274,HL7_API,prescriptions,SF,6456,1769,1,5,0,0,17,14,0.09,0.92,data_modification
456,EHR,patient_records,SF,6601,5021,1,5,0,0,15,7,0.52,0.24,insider_data_leakage
2424,EHR,lab_results,S0,1515,5463,1,1,0,0,20,23,0.55,0.64,normal
1609,EHR,lab_results,SF,6900,6512,0,1,0,0,0,18,0.11,0.99,normal
396,HL7_API,radiology,REJ,6634,7297,1,3,1,0,18,14,0.71,0.65,policy_violation
654,PACS,prescriptions,REJ,3819,3191,1,0,0,0,5,10,0.16,0.99,normal
800,EHR,prescriptions,S0,4125,801,0,2,1,1,14,55,0.79,0.4,audit_log_tampering
3109,EHR,lab_results,S0,6197,650,0,1,0,0,6,7,0.9,0.07,normal
910,EHR,lab_results,REJ,9403,768,0,1,1,1,11,7,0.81,0.39,audit_log_tampering
51,HL7_API,lab_results,SF,7871,5308,1,0,0,0,8,18,0.8,0.27,normal
3028,PACS,lab_results,S0,4585,567,0,3,1,0,19,4,0.21,0.09,data_modification
2272,EHR,radiology,S0,9696,546,1,1,0,0,7,97,0.17,0.56,privilege_misuse
2940,HL7_API,patient_records,S0,8410,658,0,1,0,0,7,33,0.65,0.15,credential_sharing
771,HL7_API,patient_records,REJ,4398,1937,0,5,0,0,13,40,0.33,0.92,privilege_misuse
2785,EHR,patient_records,SF,4271,6859,0,1,0,0,18,30,0.69,0.94,normal
1770,EHR,billing,REJ,613,5894,1,5,0,0,20,52,0.37,0.97,insider_data_leakage
2728,PACS,radiology,REJ,2804,718,0,3,1,0,9,17,0.96,0.73,unauthorized_access
539,PACS,prescriptions,SF,4891,3138,1,3,0,1,12,57,0.11,0.73,credential_sharing
2997,HL7_API,radiology,SF,7505,549,0,2,1,0,10,32,0.23,0.74,unauthorized_access
7,HL7_API,lab_results,REJ,7884,6402,0,4,1,1,2,37,0.53,0.51,policy_violation
1606,PACS,billing,SF,6273,6897,1,2,0,0,9,1,0.7,0.12,policy_violation
54,EHR,billing,S0,3017,6125,0,1,1,1,4,77,0.23,0.02,audit_log_tampering
2446,HL7_API,patient_records,REJ,4534,780,1,2,1,0,4,32,0.18,0.4,insider_data_leakage
1774,PACS,radiology,S0,1508,3072,1,4,1,1,3,34,0.97,0.67,policy_violation
1384,PACS,radiology,S0,3882,954,1,5,1,0,17,35,0.01,0.01,credential_sharing
976,HL7_API,radiology,SF,3030,5010,0,1,0,1,12,71,0.05,0.37,unauthorized_access
1253,HL7_API,billing,S0,3444,5048,0,2,0,0,9,67,0.22,0.14,data_modification
448,EHR,billing,REJ,6319,3378,1,5,1,1,0,37,0.25,0.48,policy_violation
957,HL7_API,lab_results,S0,7135,7401,0,0,0,0,14,46,0.7,0.72,normal
155,HL7_API,lab_results,SF,8711,279,1,1,0,0,7,6,0.51,0.0,normal
2795,HL7_API,patient_records,SF,1429,7225,1,4,1,1,16,26,0.03,0.9,unauthorized_access
196,PACS,billing,SF,5411,7586,0,1,0,1,7,2,0.86,0.12,data_modification
2386,HL7_API,prescriptions,REJ,5482,4897,0,3,0,1,19,16,0.27,0.34,unauthorized_access
2809,PACS,billing,S0,6639,6926,1,5,0,1,6,77,0.82,0.37,insider_data_leakage
1372,HL7_API,lab_results,REJ,9034,6612,1,3,0,1,9,29,0.56,0.22,credential_sharing
2967,EHR,billing,SF,7036,1948,0,5,0,1,12,10,0.93,0.37,privilege_misuse
2382,EHR,patient_records,S0,674,6268,1,1,0,0,11,6,0.25,0.1,normal
1660,HL7_API,radiology,REJ,5126,5424,1,1,0,1,6,52,0.9,0.54,policy_violation
1318,HL7_API,radiology,S0,3521,2250,1,4,1,0,8,37,0.16,0.01,credential_sharing
3437,PACS,prescriptions,SF,997,7921,0,5,0,0,17,33,0.56,0.97,policy_violation
1551,EHR,patient_records,S0,9339,3752,0,4,1,1,3,86,0.38,0.74,policy_violation
3377,PACS,lab_results,SF,8788,905,1,1,0,0,14,33,0.9,0.92,normal
3389,HL7_API,radiology,REJ,207,6185,1,3,1,0,8,25,0.0,0.04,credential_sharing
61,PACS,lab_results,REJ,2461,4084,1,2,0,1,11,32,0.36,1.0,unauthorized_access
3094,HL7_API,prescriptions,S0,6319,5933,0,2,1,1,20,40,0.44,0.4,unauthorized_access
2824,HL7_API,radiology,SF,3944,503,1,4,1,0,16,54,0.97,0.37,unauthorized_access
2999,EHR,prescriptions,REJ,9432,6343,0,1,0,0,8,85,0.06,0.76,normal
1786,PACS,radiology,S0,9194,3770,0,4,1,1,17,75,0.85,0.16,data_modification
1622,HL7_API,billing,S0,1973,913,0,2,1,1,13,62,0.17,0.82,credential_sharing
2872,HL7_API,billing,S0,6717,5946,0,5,1,0,20,20,0.58,0.89,privilege_misuse
1224,PACS,billing,REJ,7559,4815,1,1,0,1,6,54,0.08,0.87,policy_violation
2300,HL7_API,radiology,SF,8262,4441,0,4,0,0,18,24,0.63,0.05,privilege_misuse
1496,PACS,patient_records,REJ,4503,477,1,2,1,1,13,22,0.44,0.6,privilege_misuse
3518,HL7_API,radiology,REJ,573,6960,1,1,1,0,16,89,0.51,0.75,data_modification
3186,EHR,patient_records,SF,1800,1286,1,1,0,0,2,7,0.8,0.05,normal
294,PACS,lab_results,S0,5717,277,1,5,0,0,10,82,0.43,0.08,insider_data_leakage
1283,EHR,patient_records,SF,4879,1145,0,1,1,0,10,100,0.99,0.9,credential_sharing
3453,EHR,radiology,S0,549,1817,1,1,0,0,3,1,0.04,0.49,normal
618,PACS,patient_records,SF,9790,7152,1,2,0,0,10,80,0.99,0.97,insider_data_leakage
2414,HL7_API,radiology,SF,7893,1928,1,5,1,1,12,78,0.95,0.51,privilege_misuse
2577,PACS,billing,REJ,5920,2739,1,5,0,0,12,67,0.43,0.85,audit_log_tampering
1620,EHR,billing,SF,8163,3085,0,1,0,1,2,59,0.82,0.44,privilege_misuse
3422,HL7_API,patient_records,REJ,1645,2874,0,5,1,0,4,42,0.71,0.78,credential_sharing
3174,EHR,patient_records,SF,9060,7558,1,3,0,0,7,25,0.17,0.64,credential_sharing
2284,PACS,patient_records,SF,2499,4556,0,5,1,0,19,44,0.18,0.59,audit_log_tampering
703,EHR,prescriptions,SF,3433,543,1,5,1,0,2,68,0.79,0.96,unauthorized_access
3091,PACS,lab_results,REJ,2374,6174,1,1,0,0,18,18,0.82,0.33,privilege_misuse
778,PACS,radiology,S0,3758,3463,1,2,1,0,6,44,0.24,0.54,policy_violation
1214,PACS,prescriptions,S0,6155,4980,0,1,0,0,0,65,0.44,0.15,normal
2339,HL7_API,prescriptions,SF,3389,6927,0,4,0,0,13,95,0.44,0.43,privilege_misuse
3318,HL7_API,prescriptions,S0,7558,5137,0,5,1,0,3,44,0.9,0.87,insider_data_leakage
168,HL7_API,radiology,REJ,1046,4891,0,1,1,1,14,54,0.93,0.28,data_modification
1749,EHR,lab_results,SF,2186,3050,0,3,1,1,9,75,0.66,0.82,data_modification
1592,HL7_API,radiology,REJ,1423,7426,0,5,0,1,18,66,0.27,0.97,insider_data_leakage
3338,PACS,billing,REJ,6065,7749,0,1,0,1,13,38,0.11,0.84,unauthorized_access
1549,PACS,radiology,S0,696,6580,0,1,0,1,1,15,0.04,0.56,privilege_misuse
700,HL7_API,lab_results,S0,9322,7655,0,1,1,0,1,20,0.26,0.13,policy_violation
2757,PACS,lab_results,S0,5365,206,1,5,1,1,12,43,0.76,0.02,privilege_misuse
2810,PACS,radiology,SF,9103,432,1,5,0,1,13,96,0.9,0.22,policy_violation
1506,EHR,radiology,REJ,6825,4776,0,3,1,1,3,46,0.42,0.24,credential_sharing
1270,EHR,patient_records,S0,6159,7999,0,3,1,0,5,65,0.96,0.32,privilege_misuse
1928,PACS,radiology,S0,5033,2653,1,4,1,1,6,95,0.51,0.25,credential_sharing
1518,EHR,patient_records,S0,1259,1320,1,1,1,1,9,18,0.43,0.93,credential_sharing
1793,EHR,billing,SF,1164,3237,0,2,1,0,20,1,0.77,0.55,privilege_misuse
1919,HL7_API,prescriptions,S0,400,5529,0,4,1,1,12,64,0.6,0.84,insider_data_leakage
2073,HL7_API,billing,REJ,7275,1227,1,1,0,0,4,98,0.21,0.95,insider_data_leakage
3267,HL7_API,prescriptions,SF,8530,4449,0,3,0,0,2,43,0.71,0.74,insider_data_leakage
3053,PACS,billing,SF,4108,6096,1,1,0,0,11,7,0.74,0.19,policy_violation
3591,EHR,billing,SF,6753,172,1,2,1,1,2,4,0.48,0.18,policy_violation
2260,PACS,prescriptions,SF,2206,2333,1,5,0,1,8,66,0.57,0.8,privilege_misuse
1734,EHR,radiology,SF,6140,4503,0,3,0,0,2,33,0.73,0.69,policy_violation
3084,EHR,lab_results,REJ,3703,2011,0,4,0,1,4,65,0.69,0.19,policy_violation
2992,HL7_API,radiology,SF,8028,6088,0,0,0,0,18,26,0.44,0.87,normal
2761,EHR,radiology,REJ,8924,2824,1,4,0,1,2,20,0.7,0.93,privilege_misuse
748,EHR,billing,S0,5611,1874,0,1,1,0,18,59,0.57,0.57,privilege_misuse
2800,EHR,patient_records,REJ,381,3296,1,3,0,1,18,27,0.54,0.15,credential_sharing
2772,PACS,billing,REJ,2096,5109,1,4,1,1,13,40,0.04,0.79,audit_log_tampering
2355,PACS,radiology,REJ,3403,1564,1,3,1,0,4,76,0.37,0.9,data_modification
2973,PACS,billing,REJ,633,6074,1,4,1,1,17,17,0.69,0.16,unauthorized_access
588,HL7_API,patient_records,SF,4342,1023,1,4,0,0,16,86,0.7,0.7,credential_sharing
586,HL7_API,lab_results,REJ,3437,4781,0,5,0,0,9,66,0.15,0.82,insider_data_leakage
1801,PACS,lab_results,REJ,1839,4416,0,4,1,0,15,89,0.34,0.53,credential_sharing
2021,PACS,lab_results,S0,2330,4457,1,4,1,1,18,75,0.09,0.4,privilege_misuse
1892,EHR,billing,S0,3754,6080,0,3,1,1,9,25,0.28,0.64,insider_data_leakage
2681,PACS,patient_records,REJ,6834,3109,0,3,1,0,14,94,0.47,0.79,policy_violation
1398,HL7_API,patient_records,REJ,2707,6732,0,3,0,1,0,5,0.03,0.23,insider_data_leakage
1745,HL7_API,radiology,SF,1430,4637,1,4,1,1,2,83,0.52,0.87,credential_sharing
504,PACS,patient_records,S0,3178,5005,1,3,1,0,17,32,0.99,0.51,insider_data_leakage
3396,HL7_API,radiology,S0,8241,2630,0,4,0,1,9,58,0.68,0.12,insider_data_leakage
3248,EHR,billing,SF,4149,1557,1,1,0,0,12,40,0.25,0.56,normal
3584,EHR,patient_records,REJ,5693,701,0,4,1,0,16,53,0.9,0.86,data_modification
132,EHR,lab_results,SF,1577,674,0,4,1,1,9,74,0.96,0.87,privilege_misuse
2791,EHR,billing,REJ,8699,5384,1,5,0,1,11,22,0.4,0.5,credential_sharing
2674,PACS,patient_records,S0,8526,2672,1,5,1,0,6,88,0.54,0.9,insider_data_leakage
3533,HL7_API,patient_records,SF,2490,2717,0,4,1,1,9,16,0.44,0.5,data_modification
2775,PACS,radiology,SF,4613,1290,1,2,0,0,17,39,0.19,0.62,data_modification
3048,HL7_API,lab_results,SF,5173,4200,1,0,0,0,0,39,0.53,0.02,normal
1308,EHR,prescriptions,SF,864,1393,1,4,0,1,10,71,0.92,0.62,policy_violation
1865,PACS,patient_records,SF,5084,3120,1,3,1,1,9,15,0.83,0.45,credential_sharing
21,HL7_API,prescriptions,REJ,4414,6876,0,1,0,1,17,66,0.61,0.04,insider_data_leakage
1983,PACS,lab_results,REJ,4853,5288,0,1,0,1,14,77,0.42,0.28,insider_data_leakage
3321,PACS,prescriptions,SF,289,3794,0,1,1,0,4,33,0.27,0.02,credential_sharing
1174,PACS,patient_records,REJ,307,6917,0,1,0,0,20,20,0.46,0.34,normal
2875,PACS,radiology,SF,8039,2885,1,0,0,0,1,13,0.32,0.64,normal
902,EHR,patient_records,SF,4194,3163,0,5,0,0,1,3,0.68,0.75,credential_sharing
689,HL7_API,radiology,S0,2101,7832,0,0,0,0,7,22,0.88,0.35,normal
2971,EHR,billing,REJ,4340,6633,0,3,0,0,11,92,0.92,0.23,unauthorized_access
1087,PACS,billing,SF,1105,977,1,5,1,1,0,14,0.31,0.54,audit_log_tampering
1552,EHR,patient_records,S0,1491,3355,1,3,1,1,4,12,0.74,0.46,policy_violation
2663,EHR,prescriptions,REJ,2460,7728,1,1,0,1,20,61,0.4,0.07,insider_data_leakage
924,HL7_API,prescriptions,SF,5355,6372,0,1,0,0,14,45,0.25,0.72,normal
2889,HL7_API,prescriptions,S0,6599,6392,0,3,0,0,17,3,0.55,0.13,data_modification
3571,EHR,prescriptions,S0,4369,2300,0,3,1,0,7,32,0.38,0.31,credential_sharing
655,PACS,radiology,S0,9313,3729,1,3,0,1,20,38,0.67,0.4,policy_violation
285,HL7_API,patient_records,SF,5445,811,1,1,0,0,7,32,0.87,0.14,normal
9,HL7_API,billing,REJ,5960,5286,1,1,0,0,10,46,0.58,0.33,normal
2120,HL7_API,patient_records,SF,1814,1803,0,4,0,0,12,34,0.44,0.48,policy_violation
188,HL7_API,lab_results,SF,2882,5251,0,2,1,0,15,70,0.78,0.41,data_modification
3028,PACS,patient_records,REJ,4870,6716,1,4,0,0,20,68,0.6,0.3,insider_data_leakage
604,PACS,patient_records,REJ,895,3408,1,5,1,0,12,98,0.93,0.86,privilege_misuse
1438,EHR,lab_results,SF,2963,7814,0,3,1,0,17,68,0.98,0.67,credential_sharing
1671,PACS,radiology,S0,1518,2881,1,2,1,1,13,3,0.84,0.07,audit_log_tampering
1142,PACS,radiology,SF,1693,4253,1,1,0,1,12,12,0.46,0.42,unauthorized_access
167,PACS,radiology,SF,7010,516,1,4,0,1,4,2,0.28,0.83,credential_sharing
2037,EHR,patient_records,REJ,9786,5959,1,5,1,1,0,26,0.4,0.92,unauthorized_access
2841,HL7_API,billing,S0,1162,5990,0,3,1,1,8,86,0.11,0.28,privilege_misuse
1782,PACS,lab_results,SF,7977,167,0,1,0,0,5,85,0.56,0.37,insider_data_leakage
1744,HL7_API,radiology,S0,8454,4713,1,4,0,1,20,34,0.6,0.29,policy_violation
1073,EHR,billing,REJ,868,4528,0,4,0,0,7,81,1.0,0.3,unauthorized_access
1834,EHR,prescriptions,REJ,1265,5793,1,4,0,0,5,50,0.4,0.55,policy_violation
2801,HL7_API,billing,REJ,8852,77,0,3,1,0,17,73,0.98,0.84,privilege_misuse
1127,EHR,billing,S0,4526,1474,0,4,1,1,15,93,0.9,0.34,policy_violation
1849,PACS,lab_results,SF,7212,5663,1,4,0,0,16,35,0.71,0.36,credential_sharing
1572,PACS,radiology,SF,7877,4436,0,2,1,1,13,64,0.3,0.97,privilege_misuse
1662,HL7_API,lab_results,S0,7758,6212,0,2,1,1,4,41,0.1,0.71,data_modification
2305,EHR,radiology,REJ,4816,68,0,3,0,0,7,32,0.77,0.97,data_modification
1305,PACS,lab_results,S0,2261,5633,0,5,1,1,11,22,0.88,0.61,credential_sharing
3549,EHR,lab_results,SF,2011,31,1,1,0,1,10,19,0.96,0.0,unauthorized_access
2240,EHR,patient_records,SF,1618,3119,0,3,0,1,13,82,0.62,0.89,audit_log_tampering
2172,PACS,lab_results,SF,5855,4376,0,5,0,0,8,28,0.05,0.68,policy_violation
3350,PACS,lab_results,SF,9126,6919,0,2,1,1,4,72,0.96,0.86,audit_log_tampering
1774,PACS,radiology,S0,5713,5200,1,0,0,0,0,67,0.1,0.09,normal
349,PACS,patient_records,REJ,3728,1981,0,2,1,0,8,19,0.41,0.77,data_modification
853,PACS,billing,REJ,9981,5020,0,5,0,1,3,21,0.99,0.13,privilege_misuse
1946,EHR,lab_results,REJ,4038,494,1,3,1,0,14,25,0.25,0.37,audit_log_tampering
2036,HL7_API,billing,S0,1950,1979,1,3,0,1,15,54,0.84,0.39,insider_data_leakage
2357,EHR,patient_records,REJ,7336,6992,0,3,0,0,17,24,0.96,0.51,credential_sharing
3074,HL7_API,radiology,S0,4455,6189,0,1,1,1,9,49,0.82,0.94,data_modification
63,PACS,radiology,SF,9006,5222,0,3,1,0,12,33,0.87,0.56,credential_sharing
206,EHR,lab_results,S0,9173,6123,1,1,0,0,7,48,0.84,0.94,data_modification
1007,PACS,radiology,SF,9829,422,1,2,0,0,1,17,0.44,0.06,insider_data_leakage
868,PACS,billing,REJ,9966,4212,0,3,1,1,0,15,0.69,0.85,audit_log_tampering
2491,PACS,radiology,SF,4901,3200,0,1,1,0,8,88,0.5,0.75,audit_log_tampering
2251,PACS,billing,S0,8550,7428,1,0,0,0,4,61,0.99,0.13,normal
2878,PACS,prescriptions,REJ,737,2320,0,4,1,1,8,36,0.84,0.84,policy_violation
1598,EHR,lab_results,S0,8419,7683,1,1,1,1,9,27,0.11,0.94,credential_sharing
995,PACS,radiology,REJ,2587,3621,1,3,1,1,4,85,0.18,0.93,data_modification
1910,HL7_API,patient_records,REJ,3982,848,0,2,0,0,14,77,0.75,0.17,unauthorized_access
2492,HL7_API,prescriptions,REJ,1058,2061,1,1,1,1,16,42,0.02,0.96,privilege_misuse
1352,EHR,patient_records,S0,3658,6655,1,3,1,0,15,88,0.89,0.01,privilege_misuse
1805,HL7_API,radiology,S0,428,2465,1,5,1,0,20,15,0.04,0.95,privilege_misuse
3573,EHR,patient_records,REJ,3718,2682,1,4,0,1,16,25,0.03,0.7,audit_log_tampering
2206,HL7_API,patient_records,REJ,2590,1541,0,1,1,0,16,61,0.81,0.59,policy_violation
456,HL7_API,prescriptions,REJ,8967,5957,0,1,1,0,20,11,0.98,0.17,privilege_misuse
2673,PACS,billing,S0,5940,6762,0,1,1,1,11,31,0.38,0.25,data_modification
973,HL7_API,lab_results,SF,5635,325,0,0,0,0,18,35,0.55,0.55,normal
922,HL7_API,prescriptions,REJ,5680,2241,1,1,1,1,4,100,0.95,0.42,privilege_misuse
2311,EHR,lab_results,REJ,6978,2712,1,5,0,1,14,76,0.16,0.91,policy_violation
2727,HL7_API,billing,SF,787,2126,0,2,0,0,5,90,0.22,0.08,audit_log_tampering
1278,PACS,prescriptions,REJ,4716,1279,1,3,1,1,8,51,0.73,0.91,credential_sharing
1967,EHR,radiology,REJ,8147,7780,1,1,0,0,8,52,0.78,0.43,audit_log_tampering
134,PACS,prescriptions,REJ,6743,2023,1,1,0,0,7,21,0.36,0.13,normal
1759,HL7_API,patient_records,REJ,4095,888,0,3,1,0,19,95,0.41,0.77,credential_sharing
504,EHR,prescriptions,SF,9143,875,0,4,1,0,4,13,0.6,0.27,privilege_misuse
2726,EHR,billing,SF,2981,7098,0,2,1,0,14,2,0.56,0.16,data_modification
2977,PACS,patient_records,SF,6595,3713,0,1,0,1,20,3,0.84,0.59,policy_violation
2470,HL7_API,prescriptions,S0,4204,1455,1,1,0,1,10,69,0.39,0.63,insider_data_leakage
2663,HL7_API,lab_results,SF,4241,2837,0,5,0,0,6,90,0.71,0.19,data_modification
3170,PACS,lab_results,REJ,4952,2160,0,4,1,0,10,50,0.26,0.94,policy_violation
2163,HL7_API,patient_records,S0,3584,2771,1,1,0,0,6,74,0.59,0.17,privilege_misuse
66,PACS,prescriptions,S0,2271,7193,0,1,0,0,9,42,0.51,0.24,normal
3455,HL7_API,patient_records,SF,2896,2510,1,1,1,0,20,4,0.49,0.26,policy_violation
1714,HL7_API,billing,REJ,5278,3238,1,2,0,0,16,84,0.98,0.86,privilege_misuse
1771,HL7_API,lab_results,SF,5641,5960,1,4,0,0,10,92,0.33,0.17,credential_sharing
2959,HL7_API,prescriptions,SF,7735,1199,0,5,1,0,18,16,0.44,0.38,unauthorized_access
1598,EHR,radiology,S0,3309,4744,0,4,0,1,12,43,0.87,0.68,policy_violation
1966,PACS,prescriptions,REJ,8818,3474,1,1,1,0,11,52,0.6,0.28,insider_data_leakage
79,HL7_API,radiology,REJ,5741,7616,0,1,0,0,6,75,0.47,0.68,unauthorized_access
3227,EHR,patient_records,S0,7590,618,1,1,0,1,7,71,0.33,0.75,credential_sharing
932,PACS,patient_records,SF,3030,858,1,3,1,1,10,41,0.78,0.48,credential_sharing
968,HL7_API,lab_results,REJ,5490,6285,1,1,0,0,4,40,0.27,0.7,normal
3421,PACS,patient_records,SF,674,7285,0,2,0,1,14,54,0.59,0.57,unauthorized_access
368,HL7_API,prescriptions,S0,9338,2836,0,1,0,0,3,71,0.51,0.25,insider_data_leakage
1163,EHR,radiology,REJ,6275,4146,0,1,0,0,8,31,0.86,0.79,audit_log_tampering
283,PACS,billing,SF,2334,129,1,2,1,1,9,94,0.84,0.13,audit_log_tampering
2557,EHR,billing,REJ,5563,2030,1,4,1,0,1,28,0.87,0.76,audit_log_tampering
1788,EHR,prescriptions,S0,5699,7528,1,1,0,1,17,88,0.35,0.3,credential_sharing
3142,PACS,radiology,S0,772,3780,1,5,0,1,13,13,0.0,0.2,insider_data_leakage
3301,HL7_API,radiology,S0,2995,1931,0,4,0,0,19,85,0.44,0.14,data_modification
3029,PACS,prescriptions,REJ,2239,3628,0,4,0,1,6,91,0.06,0.81,policy_violation
221,HL7_API,lab_results,S0,8958,6629,1,1,1,0,8,13,0.94,0.0,audit_log_tampering
1760,EHR,radiology,S0,5910,7770,0,3,0,1,16,87,0.36,0.26,audit_log_tampering
1341,HL7_API,billing,REJ,6080,5384,1,1,1,0,13,86,0.38,0.49,policy_violation
723,EHR,lab_results,S0,1927,6499,0,3,0,0,9,93,0.42,0.08,insider_data_leakage
384,PACS,billing,S0,8705,2391,1,3,1,1,18,36,0.88,0.54,policy_violation
1424,PACS,lab_results,S0,4416,3965,1,1,0,1,17,55,0.83,0.85,unauthorized_access
3569,HL7_API,patient_records,S0,4966,6440,0,4,1,0,0,31,0.91,0.71,credential_sharing
2744,EHR,patient_records,REJ,5808,4799,1,5,0,1,2,92,0.21,0.56,unauthorized_access
208,HL7_API,patient_records,S0,5814,4081,0,2,0,1,9,16,0.8,0.2,insider_data_leakage
2462,HL7_API,radiology,SF,1012,5886,1,1,0,0,0,12,0.08,0.81,normal
229,HL7_API,lab_results,SF,486,5631,0,3,1,0,11,18,0.55,0.14,policy_violation
1800,EHR,lab_results,REJ,2435,4449,0,2,0,0,4,69,0.29,0.15,policy_violation
2840,PACS,patient_records,REJ,649,1566,0,3,0,0,13,73,0.67,0.36,data_modification
3197,PACS,prescriptions,SF,5883,4962,1,5,1,0,19,70,0.0,0.79,policy_violation
1121,PACS,radiology,S0,9540,5239,0,5,1,1,1,96,0.29,0.95,insider_data_leakage
1029,EHR,lab_results,REJ,1402,558,1,5,0,1,4,78,0.24,0.78,unauthorized_access
2920,EHR,patient_records,S0,1573,2148,0,5,1,0,19,19,0.26,0.85,policy_violation
985,PACS,radiology,SF,312,376,1,4,0,0,19,57,0.94,0.75,data_modification
706,HL7_API,billing,REJ,8782,3582,0,1,0,1,2,99,0.61,0.59,credential_sharing
310,HL7_API,billing,REJ,9362,3080,1,3,1,1,13,96,0.97,0.56,data_modification
2356,PACS,lab_results,REJ,7271,3367,1,3,1,1,6,79,0.04,0.99,audit_log_tampering
2150,EHR,radiology,REJ,7872,4772,0,4,1,0,7,28,0.86,0.57,privilege_misuse
1705,HL7_API,patient_records,SF,6572,6586,1,2,1,1,11,67,0.3,0.68,audit_log_tampering
2841,PACS,billing,S0,2130,4695,1,2,0,0,18,82,0.22,0.53,data_modification
3364,EHR,radiology,REJ,3086,1265,0,2,0,1,6,94,0.6,0.01,policy_violation
316,PACS,radiology,S0,4377,1323,1,3,0,1,20,34,0.89,0.37,credential_sharing
1657,PACS,billing,SF,7321,6916,0,4,1,0,13,91,0.83,0.28,credential_sharing
3483,EHR,lab_results,S0,2478,6956,0,5,1,1,4,8,0.43,0.35,insider_data_leakage
436,EHR,prescriptions,SF,5166,3454,1,3,0,0,18,25,0.85,0.62,insider_data_leakage
2438,EHR,lab_results,SF,6356,7007,0,4,1,1,12,70,0.54,0.3,policy_violation
1326,PACS,radiology,S0,2596,6406,0,5,1,1,15,74,0.59,0.23,unauthorized_access
2614,PACS,lab_results,SF,2690,1072,0,5,0,0,1,48,0.73,0.64,insider_data_leakage
1111,PACS,billing,S0,6881,413,0,3,0,1,13,7,0.61,0.89,credential_sharing
702,EHR,radiology,S0,9940,2996,0,2,1,0,16,18,0.7,0.94,privilege_misuse
3212,HL7_API,lab_results,REJ,2150,185,1,5,0,0,11,60,0.99,0.59,policy_violation
116,PACS,prescriptions,S0,1377,6698,0,1,1,1,9,22,0.73,0.95,credential_sharing
1681,EHR,prescriptions,REJ,2513,4170,1,3,0,1,16,16,0.07,0.58,credential_sharing
1074,HL7_API,patient_records,REJ,9274,747,0,4,0,1,19,44,0.2,0.91,unauthorized_access
2786,PACS,prescriptions,SF,4209,2887,1,2,1,0,11,62,0.24,0.77,privilege_misuse
317,PACS,billing,SF,1845,303,1,1,0,0,14,26,0.44,0.53,normal
2321,HL7_API,prescriptions,REJ,3760,3923,0,1,0,0,0,66,0.21,0.96,normal
1014,PACS,lab_results,SF,6182,414,0,3,1,0,12,18,0.18,0.76,credential_sharing
919,PACS,patient_records,REJ,434,51,1,5,1,0,18,66,0.02,0.91,insider_data_leakage
3032,EHR,prescriptions,SF,2844,2075,1,2,0,1,13,49,0.5,0.77,audit_log_tampering
1371,EHR,billing,REJ,4443,1173,0,1,1,0,5,74,0.48,0.29,privilege_misuse
1501,HL7_API,prescriptions,REJ,5273,2374,1,5,0,0,20,20,0.47,0.56,insider_data_leakage
1992,EHR,patient_records,REJ,1356,5434,0,4,0,1,4,24,0.64,0.41,credential_sharing
2156,HL7_API,radiology,REJ,4404,240,0,2,0,0,8,43,0.11,0.21,credential_sharing
2088,HL7_API,billing,SF,220,1046,1,0,0,0,9,47,0.35,0.99,normal
3057,PACS,lab_results,SF,5960,4852,1,2,0,0,6,63,0.22,0.24,privilege_misuse
329,PACS,prescriptions,SF,587,1770,0,1,1,0,13,44,0.39,0.06,policy_violation
327,PACS,prescriptions,REJ,9874,6153,0,4,0,0,15,3,0.72,0.17,data_modification
2971,PACS,lab_results,REJ,6657,7165,1,5,1,1,16,14,0.58,0.16,policy_violation
2581,EHR,patient_records,SF,5356,3679,1,5,1,1,13,69,0.38,0.03,policy_violation
239,HL7_API,patient_records,REJ,1566,6376,0,3,0,0,7,71,0.85,0.89,audit_log_tampering
2830,EHR,billing,S0,841,1216,1,4,1,1,1,62,0.74,0.65,unauthorized_access
892,PACS,billing,SF,7871,5192,0,1,1,1,2,77,0.32,0.97,privilege_misuse
1539,PACS,lab_results,S0,4875,4617,1,5,0,1,16,65,0.68,0.67,insider_data_leakage
2009,EHR,lab_results,SF,2904,1423,1,1,1,1,17,70,0.43,0.27,policy_violation
1628,PACS,lab_results,S0,4208,5832,1,5,0,0,8,67,0.12,0.98,unauthorized_access
3483,PACS,patient_records,REJ,4634,2593,0,5,1,0,11,11,0.97,0.6,privilege_misuse
131,EHR,billing,S0,4220,3375,0,3,1,1,12,6,0.77,0.17,audit_log_tampering
2832,EHR,lab_results,SF,1562,7204,0,0,0,0,18,54,0.27,0.08,normal
530,HL7_API,prescriptions,SF,5847,1755,0,4,0,1,1,20,0.76,0.82,insider_data_leakage
1420,PACS,patient_records,S0,9024,137,0,3,1,0,8,39,0.26,0.1,privilege_misuse
2826,PACS,billing,REJ,5659,623,0,2,0,0,9,13,0.11,0.11,data_modification
602,PACS,billing,SF,9751,790,1,4,1,1,12,95,0.34,0.49,unauthorized_access
3103,PACS,billing,SF,5670,506,1,3,1,1,3,74,0.82,0.29,data_modification
2179,PACS,billing,SF,334,3420,0,1,1,0,13,89,0.61,0.02,privilege_misuse
2402,EHR,billing,REJ,8253,3855,1,0,0,0,16,62,0.5,0.82,normal
455,EHR,billing,SF,5125,5868,0,5,1,0,14,94,0.65,0.17,credential_sharing
1603,HL7_API,patient_records,S0,5695,4329,0,0,0,0,13,70,0.95,0.64,normal
1291,HL7_API,prescriptions,REJ,5815,2645,1,5,1,0,19,38,0.89,0.87,audit_log_tampering
281,EHR,patient_records,SF,9292,5699,0,5,0,0,15,72,0.52,0.19,data_modification
2829,HL7_API,radiology,S0,5466,4157,1,3,1,0,15,18,0.89,0.72,insider_data_leakage
1398,PACS,billing,REJ,9745,5251,0,1,1,1,11,42,0.45,0.64,data_modification
1758,PACS,lab_results,REJ,3122,125,1,4,1,0,15,17,0.67,0.17,privilege_misuse
1892,EHR,lab_results,SF,7610,5387,0,3,1,1,7,23,0.1,0.63,insider_data_leakage
333,PACS,prescriptions,REJ,4985,5567,0,5,0,1,8,82,0.18,0.29,credential_sharing
3542,PACS,lab_results,S0,3911,2276,1,1,1,0,1,71,0.55,0.18,credential_sharing
468,HL7_API,lab_results,REJ,3495,5401,1,5,1,1,1,84,0.17,0.81,policy_violation
326,HL7_API,radiology,SF,8844,6129,1,5,1,0,10,83,0.65,0.73,policy_violation
601,EHR,billing,SF,7175,2669,1,1,0,0,7,37,0.86,0.75,normal
2967,PACS,prescriptions,SF,6723,1442,0,5,0,0,17,33,0.74,0.93,insider_data_leakage
446,PACS,patient_records,SF,8522,3882,1,3,0,0,9,67,0.71,0.94,insider_data_leakage
3539,EHR,prescriptions,SF,5331,5250,0,1,1,1,9,41,0.99,0.92,data_modification
595,PACS,radiology,REJ,6522,1255,0,4,1,1,17,64,0.0,0.65,policy_violation
2188,PACS,billing,SF,354,6955,0,0,0,0,11,33,0.83,0.04,normal
1974,EHR,prescriptions,S0,4721,5089,1,1,0,0,8,76,0.13,0.81,normal
2660,HL7_API,patient_records,S0,9109,3401,0,2,1,1,0,28,0.5,0.84,audit_log_tampering
2167,HL7_API,lab_results,SF,6732,7490,0,5,0,0,11,28,0.85,0.54,privilege_misuse
1032,EHR,patient_records,S0,1745,1975,1,2,0,1,7,73,0.59,0.95,privilege_misuse
2110,EHR,lab_results,REJ,3745,2625,1,2,1,1,16,88,0.74,0.38,data_modification
888,EHR,radiology,REJ,9902,2482,0,1,0,1,10,64,0.24,0.87,data_modification
2036,HL7_API,patient_records,SF,5201,5854,1,4,1,0,10,70,0.91,0.36,unauthorized_access
1048,PACS,prescriptions,REJ,7411,1157,0,1,1,0,9,32,0.26,0.97,data_modification
3527,HL7_API,lab_results,SF,9820,2603,1,1,1,1,19,65,0.3,0.58,privilege_misuse
2000,EHR,patient_records,REJ,9695,3878,1,5,0,1,7,31,0.06,0.27,insider_data_leakage
2849,HL7_API,lab_results,SF,1474,719,0,2,0,1,20,93,0.51,0.39,insider_data_leakage
471,PACS,billing,REJ,6094,1871,0,5,0,0,20,4,0.1,0.14,insider_data_leakage
1725,HL7_API,patient_records,SF,2546,3438,1,4,1,0,4,8,0.29,0.58,policy_violation
1765,PACS,lab_results,REJ,1826,3600,1,5,0,0,17,60,0.03,0.71,policy_violation
937,EHR,lab_results,S0,1180,4860,0,3,1,0,1,6,0.83,0.02,privilege_misuse
608,HL7_API,billing,S0,6486,4725,0,1,0,0,3,24,0.51,0.98,normal
595,PACS,lab_results,S0,2329,3856,0,4,1,0,10,26,0.76,0.51,insider_data_leakage
935,PACS,lab_results,S0,2651,3384,0,3,0,1,5,26,0.66,0.6,data_modification
3552,EHR,radiology,REJ,941,5970,1,5,0,1,9,92,0.16,0.16,privilege_misuse
2023,PACS,radiology,REJ,659,3932,0,4,0,0,16,88,0.63,0.39,privilege_misuse
772,EHR,patient_records,S0,9990,5145,1,3,0,0,4,60,0.04,0.0,insider_data_leakage
1060,EHR,patient_records,SF,5361,5727,0,5,0,0,6,55,0.31,0.21,credential_sharing
915,HL7_API,radiology,REJ,8163,6818,0,5,0,0,8,45,0.59,0.1,data_modification
2212,PACS,radiology,S0,542,666,0,4,0,1,9,58,0.26,0.16,unauthorized_access
377,EHR,prescriptions,REJ,8102,413,1,0,0,0,18,34,0.94,0.96,normal
2366,HL7_API,radiology,REJ,367,4698,1,4,0,1,8,99,0.91,0.04,privilege_misuse
1191,PACS,lab_results,SF,6022,2638,1,1,1,0,2,64,0.81,0.5,privilege_misuse
3164,EHR,patient_records,REJ,1877,3280,1,4,1,0,0,72,0.48,0.62,insider_data_leakage
3150,PACS,patient_records,S0,5058,5809,0,1,1,1,7,29,0.62,0.57,policy_violation
1574,HL7_API,lab_results,SF,1313,3516,1,3,1,1,14,69,0.8,0.95,unauthorized_access
1679,PACS,radiology,REJ,1589,5756,1,1,0,0,7,19,0.62,0.45,privilege_misuse
976,HL7_API,lab_results,SF,1801,674,0,1,0,0,13,64,0.3,0.65,normal
567,HL7_API,prescriptions,SF,3279,6302,0,2,1,1,16,18,0.36,0.45,credential_sharing
1739,HL7_API,patient_records,REJ,2719,7384,1,2,1,0,6,80,0.12,0.96,audit_log_tampering
1674,PACS,patient_records,SF,7474,2909,0,5,1,0,15,36,0.12,0.19,privilege_misuse
511,EHR,prescriptions,S0,5706,3549,0,3,1,1,15,33,0.91,0.15,insider_data_leakage
3193,HL7_API,radiology,SF,893,3329,1,4,0,1,18,64,0.67,0.4,insider_data_leakage
220,HL7_API,prescriptions,SF,9974,5561,0,4,0,0,4,30,0.14,0.37,credential_sharing
615,EHR,lab_results,S0,6755,96,1,2,1,1,20,50,0.5,0.27,unauthorized_access
2059,HL7_API,lab_results,S0,8459,1747,0,3,1,0,17,90,0.37,0.21,audit_log_tampering
159,HL7_API,radiology,S0,5592,3912,0,3,0,0,13,36,0.2,0.51,credential_sharing
1675,PACS,lab_results,S0,915,5698,0,3,0,0,1,26,0.18,0.0,data_modification
54,HL7_API,patient_records,S0,7920,2220,1,2,0,0,11,41,0.62,0.17,insider_data_leakage
2973,HL7_API,patient_records,S0,9990,874,0,1,1,1,7,43,0.7,0.97,unauthorized_access
1589,PACS,patient_records,REJ,1382,7611,1,1,1,1,14,95,0.76,0.61,insider_data_leakage
2194,HL7_API,radiology,REJ,9860,7823,0,5,0,0,11,52,0.03,0.29,insider_data_leakage
3230,HL7_API,radiology,S0,4455,6557,0,2,1,0,15,52,0.73,0.46,data_modification
446,PACS,radiology,S0,1160,6787,1,4,1,1,16,98,0.96,0.96,unauthorized_access
2753,EHR,patient_records,S0,1661,7053,1,1,0,0,1,27,0.29,0.79,insider_data_leakage
2598,PACS,patient_records,SF,3630,3410,1,5,0,1,10,49,0.55,0.49,policy_violation
287,PACS,radiology,REJ,8022,6435,1,5,1,0,4,89,0.5,0.92,credential_sharing
3064,HL7_API,billing,SF,6417,4130,0,1,1,0,3,4,0.81,0.86,unauthorized_access
1798,HL7_API,radiology,SF,3804,2620,1,5,1,1,1,12,0.04,0.73,policy_violation
1042,PACS,prescriptions,SF,8707,3976,0,5,0,0,1,95,0.08,0.35,unauthorized_access
2698,HL7_API,lab_results,REJ,2868,4869,1,1,1,1,13,83,0.5,0.48,data_modification
2172,EHR,billing,SF,1229,3268,1,3,1,0,16,17,0.27,0.34,privilege_misuse
1805,HL7_API,patient_records,SF,8793,7256,0,4,0,1,20,51,0.5,0.75,audit_log_tampering
2916,PACS,prescriptions,SF,858,5352,0,0,0,0,9,94,0.16,0.41,normal
1530,EHR,lab_results,REJ,6968,6531,1,1,0,1,10,26,0.93,0.06,policy_violation
2702,HL7_API,radiology,SF,4006,4193,1,3,1,1,6,57,0.6,0.9,credential_sharing
1417,PACS,billing,S0,7560,4512,0,4,0,0,10,75,0.01,0.44,audit_log_tampering
2869,HL7_API,billing,REJ,8965,419,1,5,1,0,7,85,0.39,0.69,unauthorized_access
2394,PACS,prescriptions,REJ,3335,5732,0,3,0,0,8,71,0.96,0.6,unauthorized_access
2008,PACS,radiology,REJ,9284,4958,1,1,0,0,7,40,0.45,0.07,privilege_misuse
656,EHR,billing,S0,749,3666,0,3,1,1,20,17,0.77,0.16,data_modification
2494,EHR,lab_results,S0,1318,4528,1,1,1,0,16,47,0.81,0.08,insider_data_leakage
2134,EHR,radiology,REJ,5933,2350,0,4,1,0,3,76,0.51,0.2,unauthorized_access
1708,HL7_API,billing,S0,5235,1925,0,2,0,0,17,77,0.59,0.51,data_modification
535,PACS,patient_records,S0,6964,1513,1,3,0,0,15,93,0.07,0.21,unauthorized_access
632,PACS,billing,REJ,3577,6629,0,1,0,1,20,53,0.9,0.04,data_modification
2367,HL7_API,patient_records,REJ,3135,7460,0,3,0,1,3,45,0.82,0.32,insider_data_leakage
2562,EHR,lab_results,S0,8501,2428,1,4,1,0,14,22,0.9,0.43,credential_sharing
377,PACS,lab_results,SF,2749,3560,0,4,1,0,5,23,0.74,0.2,audit_log_tampering
1664,EHR,lab_results,S0,2484,1585,0,1,0,1,17,44,0.85,0.9,privilege_misuse
3192,EHR,patient_records,REJ,9961,7740,0,4,0,0,20,25,0.48,0.64,insider_data_leakage
1074,HL7_API,billing,S0,9596,7458,1,2,0,0,4,36,0.97,0.55,data_modification
1418,PACS,radiology,REJ,6040,5582,1,5,1,0,17,4,0.94,0.17,privilege_misuse
698,PACS,lab_results,SF,8004,5318,1,2,0,1,4,68,0.82,0.01,insider_data_leakage
3487,HL7_API,patient_records,SF,9371,1217,1,2,0,0,19,41,0.02,0.34,privilege_misuse
843,PACS,billing,S0,4317,2705,0,0,0,0,16,85,0.86,0.08,normal
118,PACS,lab_results,REJ,291,7038,0,1,0,1,3,21,0.76,0.05,unauthorized_access
1825,HL7_API,patient_records,SF,5642,415,1,4,0,1,3,49,0.4,0.71,policy_violation
1903,PACS,prescriptions,S0,6376,2438,1,5,1,1,5,31,0.78,0.01,audit_log_tampering
3046,EHR,patient_records,SF,6301,6914,0,1,1,1,7,40,0.66,0.02,policy_violation
2994,HL7_API,patient_records,REJ,6904,3834,0,5,0,1,6,58,0.87,0.36,unauthorized_access
952,HL7_API,billing,S0,5626,3599,0,3,0,0,5,75,0.6,0.41,policy_violation
1050,EHR,patient_records,S0,6168,4408,0,3,0,0,11,66,0.3,0.26,insider_data_leakage
1551,HL7_API,radiology,S0,8845,5756,0,4,0,1,1,23,0.9,0.59,data_modification
1942,PACS,prescriptions,S0,5403,1321,0,4,1,0,4,6,0.02,0.3,audit_log_tampering
2501,PACS,radiology,REJ,8573,238,0,5,0,1,8,97,0.13,0.66,insider_data_leakage
2018,EHR,billing,S0,6620,2041,0,2,1,1,7,22,0.42,0.05,credential_sharing
1522,HL7_API,billing,SF,1195,6964,1,3,0,1,20,64,0.45,0.2,data_modification
2817,PACS,radiology,S0,3703,3460,0,3,0,1,2,51,0.3,0.98,policy_violation
3288,PACS,radiology,SF,9163,7523,0,1,0,1,14,90,0.03,0.37,unauthorized_access
476,HL7_API,billing,S0,1062,6538,1,5,0,1,16,87,0.05,0.94,unauthorized_access
796,PACS,prescriptions,REJ,7526,6285,1,2,0,1,14,100,0.24,0.95,privilege_misuse
3468,PACS,prescriptions,S0,7522,4151,0,5,0,0,4,13,0.39,0.96,privilege_misuse
2289,PACS,patient_records,SF,1885,1528,1,3,0,0,17,16,0.65,0.4,insider_data_leakage
1378,HL7_API,radiology,S0,7115,5552,1,4,0,0,3,79,0.14,0.82,policy_violation
2450,HL7_API,patient_records,S0,9930,2218,1,3,0,0,12,84,0.74,0.89,insider_data_leakage
2790,EHR,billing,SF,2192,4162,0,1,0,0,3,50,0.31,0.13,normal
2231,EHR,billing,REJ,9938,2544,1,2,0,1,15,61,0.37,0.58,data_modification
965,HL7_API,radiology,S0,8399,4167,0,1,1,1,8,23,0.11,0.54,insider_data_leakage
2317,HL7_API,prescriptions,S0,2927,1260,0,3,0,0,1,42,0.11,0.97,unauthorized_access
3389,HL7_API,prescriptions,SF,3848,3782,0,2,0,0,14,78,0.57,0.91,privilege_misuse
1305,PACS,prescriptions,S0,1431,1878,0,4,0,0,3,88,0.93,0.94,privilege_misuse
265,EHR,radiology,SF,6068,2402,0,3,0,1,9,27,0.73,0.39,credential_sharing
666,EHR,billing,REJ,4070,1645,0,1,1,0,20,55,0.16,0.26,data_modification
2933,EHR,patient_records,S0,4750,7916,0,0,0,0,8,24,0.29,0.13,normal
2756,PACS,prescriptions,SF,7150,3303,0,1,1,0,10,5,0.23,0.61,policy_violation
2003,EHR,billing,S0,8001,5597,0,2,1,1,13,39,0.27,0.21,audit_log_tampering
368,EHR,billing,SF,5031,2514,1,4,0,0,0,73,0.57,0.28,policy_violation
3583,PACS,lab_results,REJ,9544,3641,0,2,1,0,9,59,0.32,1.0,insider_data_leakage
2707,HL7_API,billing,SF,303,742,0,4,1,1,5,16,0.58,0.49,data_modification
1783,PACS,prescriptions,SF,3414,1540,0,5,1,1,8,35,0.41,0.98,audit_log_tampering
2104,HL7_API,patient_records,REJ,1742,58,0,5,1,1,17,1,0.24,0.17,policy_violation
3053,EHR,lab_results,REJ,4074,496,1,5,0,1,13,22,0.11,0.45,insider_data_leakage
509,PACS,radiology,REJ,5129,7618,1,5,0,1,19,13,0.02,0.73,unauthorized_access
829,EHR,radiology,S0,8765,257,0,5,1,0,7,10,0.28,0.28,data_modification
498,HL7_API,billing,SF,4116,667,1,0,0,0,8,97,0.01,0.31,normal
2889,EHR,prescriptions,S0,2430,4156,1,3,0,0,14,42,0.73,0.15,privilege_misuse
2283,EHR,prescriptions,SF,4909,4368,0,4,0,1,13,68,0.13,0.12,audit_log_tampering
980,PACS,billing,S0,8934,2020,1,5,0,1,5,50,0.67,0.11,insider_data_leakage
220,HL7_API,patient_records,SF,2164,1722,0,3,0,0,1,44,0.26,0.76,policy_violation
2374,HL7_API,lab_results,S0,584,1245,1,1,0,0,13,20,0.79,0.8,normal
1747,PACS,prescriptions,REJ,8304,3837,0,3,0,1,19,95,0.04,0.92,data_modification
630,PACS,lab_results,SF,2609,7434,0,1,0,0,5,46,0.35,0.19,normal
1008,HL7_API,billing,S0,5663,5112,0,5,1,1,0,86,0.65,0.4,audit_log_tampering
3017,HL7_API,radiology,REJ,9421,3652,0,1,0,0,17,26,0.85,0.49,audit_log_tampering
2013,HL7_API,prescriptions,S0,3518,244,1,4,1,0,13,80,0.97,0.29,audit_log_tampering
1728,PACS,billing,SF,7797,6903,0,4,1,0,19,56,0.53,0.65,policy_violation
2213,EHR,lab_results,REJ,8859,2509,1,3,0,0,7,75,0.6,0.91,audit_log_tampering
2676,EHR,patient_records,REJ,9938,1767,0,5,1,1,4,35,0.4,0.22,unauthorized_access
908,EHR,prescriptions,S0,2007,1238,1,1,1,0,18,90,0.88,0.48,insider_data_leakage
2481,PACS,prescriptions,SF,888,5205,0,5,1,0,6,9,0.62,0.1,audit_log_tampering
304,EHR,radiology,SF,9596,2513,1,0,0,0,14,20,0.74,0.81,normal
1604,EHR,prescriptions,SF,8654,1550,0,5,1,1,6,48,0.28,0.65,insider_data_leakage
1889,HL7_API,billing,REJ,7513,5878,0,2,0,0,12,74,0.89,0.04,credential_sharing
75,HL7_API,radiology,S0,5957,1340,1,4,0,0,10,92,0.38,0.14,insider_data_leakage
1220,HL7_API,prescriptions,S0,7958,1852,1,5,0,1,2,75,0.62,0.83,insider_data_leakage
910,PACS,radiology,S0,3152,1950,0,1,0,1,3,39,0.75,0.64,credential_sharing
2420,PACS,patient_records,S0,6809,3722,0,1,0,0,16,84,0.13,0.02,normal
3067,HL7_API,billing,S0,5512,2760,0,5,1,1,2,54,0.77,0.48,insider_data_leakage
2014,EHR,patient_records,SF,4339,247,1,1,0,0,17,65,0.3,0.52,normal
423,EHR,lab_results,S0,9097,2930,0,0,0,0,12,52,0.76,0.49,normal
2146,EHR,radiology,SF,9278,1227,1,2,1,1,13,67,0.54,0.89,unauthorized_access
2935,EHR,radiology,S0,4428,2345,1,1,1,1,5,98,0.7,0.49,policy_violation
935,EHR,billing,REJ,5327,4503,0,2,0,1,1,46,0.43,0.95,unauthorized_access
1699,PACS,billing,REJ,3242,4029,0,1,0,0,20,84,0.7,0.3,unauthorized_access
2774,PACS,radiology,REJ,5125,6610,1,2,1,0,1,31,0.91,0.25,privilege_misuse
2007,EHR,billing,S0,1212,7878,1,5,1,1,7,9,0.96,0.83,policy_violation
3080,HL7_API,lab_results,S0,9102,989,1,3,1,1,13,43,0.21,0.61,data_modification
1822,EHR,patient_records,REJ,1938,4527,1,1,0,0,19,39,0.13,0.24,normal
1821,EHR,prescriptions,SF,4335,4883,1,1,0,0,9,86,0.12,0.5,normal
2762,HL7_API,radiology,SF,3221,573,0,4,1,1,19,2,0.73,0.21,insider_data_leakage
580,HL7_API,lab_results,S0,9876,1628,0,1,0,0,17,10,0.4,0.38,audit_log_tampering
731,EHR,billing,SF,8332,1590,1,1,0,0,14,45,0.98,0.15,policy_violation
2076,EHR,radiology,S0,4344,6662,0,1,0,0,4,95,0.15,0.98,insider_data_leakage
822,HL7_API,billing,S0,2585,4599,0,5,1,0,17,19,0.64,0.61,insider_data_leakage
1139,PACS,prescriptions,S0,6171,7364,0,5,1,0,1,94,0.99,0.12,privilege_misuse
3224,EHR,prescriptions,SF,1176,5655,0,1,1,0,6,9,0.0,0.34,privilege_misuse
661,EHR,patient_records,S0,270,4806,0,0,0,0,17,52,0.99,0.2,normal
319,HL7_API,radiology,SF,4656,2563,0,2,0,1,20,46,0.58,0.66,credential_sharing
1603,EHR,prescriptions,SF,8163,7214,1,4,1,1,8,3,0.46,0.74,audit_log_tampering
299,EHR,prescriptions,REJ,7666,892,0,0,0,0,3,70,0.81,0.18,normal
2581,EHR,billing,S0,3083,3689,1,2,1,0,20,17,0.37,0.01,credential_sharing
2837,EHR,patient_records,SF,9062,3198,0,4,1,0,16,36,0.91,0.7,insider_data_leakage
2830,PACS,patient_records,REJ,1971,4754,1,3,1,0,9,98,0.82,0.67,audit_log_tampering
178,EHR,billing,SF,2113,751,1,2,1,0,1,36,0.35,0.74,audit_log_tampering
1088,HL7_API,billing,SF,4175,4069,0,5,1,0,11,30,0.38,0.24,unauthorized_access
637,PACS,prescriptions,S0,9729,1077,1,5,0,1,4,63,0.11,0.0,insider_data_leakage
2965,PACS,lab_results,S0,3117,4516,1,2,0,1,18,87,0.59,0.5,insider_data_leakage
3544,PACS,radiology,REJ,5716,6289,1,2,0,1,11,20,0.9,0.44,unauthorized_access
1423,HL7_API,billing,S0,7595,4154,1,3,1,0,11,59,0.07,0.12,unauthorized_access
937,PACS,radiology,REJ,1152,2588,1,3,1,1,17,73,0.66,0.43,unauthorized_access
3338,PACS,lab_results,REJ,4688,4881,0,1,1,0,2,48,0.91,0.58,unauthorized_access
1745,HL7_API,prescriptions,S0,3851,811,0,2,1,1,20,65,0.6,0.99,policy_violation
1509,EHR,radiology,SF,3531,5978,0,2,0,0,2,16,0.32,0.57,credential_sharing
2654,PACS,billing,SF,3086,7154,1,4,1,1,0,1,0.45,0.73,data_modification
3103,EHR,prescriptions,SF,997,7854,0,0,0,0,5,37,0.57,0.08,normal
11,EHR,billing,REJ,7626,4640,0,1,0,1,15,34,0.98,0.86,audit_log_tampering
3407,PACS,patient_records,S0,4892,2333,0,2,1,1,11,3,0.62,0.76,privilege_misuse
426,HL7_API,radiology,S0,1580,7313,1,5,0,1,4,94,0.84,0.86,insider_data_leakage
2941,HL7_API,radiology,S0,3190,5986,1,4,0,1,18,72,0.29,0.37,data_modification
1906,EHR,radiology,REJ,7298,2238,0,1,0,0,12,37,0.91,0.25,data_modification
2567,EHR,lab_results,REJ,7754,5853,1,1,0,0,16,9,0.86,0.27,normal
976,EHR,radiology,REJ,9823,570,0,5,1,1,15,4,0.94,0.33,privilege_misuse
1279,HL7_API,patient_records,REJ,6266,3066,0,2,1,0,18,61,0.1,0.25,insider_data_leakage
2502,HL7_API,billing,REJ,5683,4012,0,2,1,1,16,38,0.97,0.36,audit_log_tampering
1231,HL7_API,patient_records,REJ,2067,5396,0,0,0,0,16,7,0.59,0.86,normal
3305,EHR,patient_records,SF,3721,5436,1,3,1,1,20,86,0.46,0.65,credential_sharing
631,EHR,prescriptions,SF,9930,6016,1,4,0,1,3,9,0.17,0.8,data_modification
911,HL7_API,prescriptions,S0,6923,703,1,2,1,0,5,5,0.35,0.81,policy_violation
1290,PACS,prescriptions,REJ,3568,7176,0,1,0,0,2,41,0.87,0.17,unauthorized_access
148,EHR,patient_records,S0,762,2992,1,3,0,0,11,4,0.87,0.77,policy_violation
2075,HL7_API,prescriptions,REJ,3562,6380,1,1,0,0,18,1,0.4,0.74,normal
2051,PACS,lab_results,S0,1111,2760,0,4,1,1,6,80,0.14,0.69,insider_data_leakage
3554,EHR,lab_results,REJ,8592,201,1,5,0,1,14,6,0.46,0.81,credential_sharing
178,HL7_API,lab_results,SF,2645,3093,0,5,0,1,14,13,0.47,0.51,policy_violation
3378,EHR,radiology,S0,9451,3443,1,3,0,0,1,59,0.9,0.93,unauthorized_access
519,EHR,patient_records,S0,8198,2734,0,2,0,0,15,61,0.44,0.32,privilege_misuse
3428,HL7_API,radiology,REJ,6577,5535,1,5,1,1,14,82,0.73,0.05,credential_sharing
623,EHR,patient_records,SF,7558,924,1,5,0,1,0,51,0.19,0.0,credential_sharing
496,PACS,prescriptions,REJ,9092,3344,1,2,1,0,11,22,0.94,0.71,credential_sharing
3579,PACS,billing,S0,7197,6059,0,4,0,1,9,19,0.19,0.71,insider_data_leakage
860,HL7_API,lab_results,SF,1897,128,1,4,0,0,0,44,0.94,0.91,privilege_misuse
3146,PACS,prescriptions,REJ,2457,6598,1,5,1,0,0,59,0.49,0.31,insider_data_leakage
2450,HL7_API,prescriptions,SF,3444,5822,0,2,0,1,18,29,0.51,0.01,unauthorized_access
102,EHR,patient_records,REJ,9778,3101,0,1,0,1,7,13,0.66,0.68,credential_sharing
678,PACS,patient_records,S0,5920,5373,1,2,1,0,20,73,0.87,0.77,privilege_misuse
2269,EHR,lab_results,S0,5795,3843,1,1,0,0,2,49,0.4,0.89,credential_sharing
2906,EHR,billing,SF,328,342,0,0,0,0,10,75,0.32,0.68,normal
1756,PACS,lab_results,SF,4942,1964,0,5,0,0,18,18,0.58,0.07,unauthorized_access
3435,EHR,billing,REJ,7275,51,0,2,1,0,0,84,0.12,0.63,unauthorized_access
1337,EHR,radiology,REJ,7514,2697,1,1,1,0,12,18,0.1,0.77,unauthorized_access
1997,PACS,lab_results,S0,5337,4973,0,2,0,0,6,13,0.62,0.97,data_modification
1588,PACS,billing,SF,7344,7114,1,5,1,0,11,81,0.13,0.6,credential_sharing
209,HL7_API,billing,SF,8754,356,0,1,1,1,9,4,0.06,0.95,insider_data_leakage
195,PACS,prescriptions,SF,8787,4801,1,4,0,0,20,70,0.06,0.52,policy_violation
1553,PACS,radiology,SF,8012,7126,1,4,0,0,8,8,0.24,0.63,audit_log_tampering
3585,EHR,billing,SF,6173,909,0,3,0,1,18,74,0.8,0.65,data_modification
2878,PACS,radiology,SF,9151,2456,1,5,1,1,14,41,0.35,0.28,audit_log_tampering
2412,HL7_API,radiology,SF,3070,1683,1,3,0,0,14,66,0.6,0.66,unauthorized_access
3553,EHR,billing,SF,5418,52,0,1,0,1,8,8,0.99,0.19,privilege_misuse
541,EHR,patient_records,REJ,3340,1237,0,2,1,0,10,61,0.64,0.65,policy_violation
2485,EHR,radiology,REJ,9280,6455,0,1,0,1,12,84,0.49,0.72,policy_violation
3357,EHR,lab_results,S0,4630,7804,0,3,0,0,14,57,0.31,0.35,privilege_misuse
2741,PACS,billing,REJ,3662,5974,0,4,0,1,1,30,0.69,0.9,policy_violation
1254,PACS,radiology,REJ,4117,5071,1,4,0,0,14,74,0.62,0.9,policy_violation
2371,HL7_API,patient_records,REJ,3477,2013,0,3,0,1,19,7,0.51,0.45,privilege_misuse
422,PACS,lab_results,S0,9469,520,1,5,0,1,2,38,0.57,0.45,insider_data_leakage
2280,HL7_API,lab_results,REJ,7083,5190,0,4,1,0,3,57,0.93,0.87,audit_log_tampering
2399,EHR,radiology,S0,2054,2594,0,4,0,0,11,18,0.23,0.84,audit_log_tampering
7,HL7_API,radiology,REJ,7664,1345,0,2,0,0,12,80,0.29,0.63,privilege_misuse
3584,EHR,lab_results,REJ,8867,949,1,5,1,0,4,8,0.91,0.12,policy_violation
2329,HL7_API,billing,REJ,1764,1033,0,1,0,0,0,45,0.16,0.86,audit_log_tampering
119,PACS,prescriptions,S0,3545,6933,0,1,1,0,10,70,0.62,0.96,unauthorized_access
3190,PACS,prescriptions,S0,4145,3646,1,1,0,0,0,82,0.37,0.12,unauthorized_access
1116,PACS,patient_records,S0,2439,3237,1,4,0,1,10,19,0.0,0.11,insider_data_leakage
2176,EHR,radiology,SF,6506,4535,1,5,0,0,12,50,0.84,0.93,insider_data_leakage
1667,PACS,lab_results,SF,1600,497,1,0,0,0,5,51,0.77,0.2,normal
3069,HL7_API,prescriptions,REJ,750,3375,0,4,1,1,10,47,0.19,0.41,privilege_misuse
2375,EHR,patient_records,SF,9066,3207,1,3,0,1,0,68,0.5,0.23,insider_data_leakage
3353,HL7_API,radiology,SF,203,4729,1,0,0,0,9,91,0.66,0.87,normal
1066,HL7_API,radiology,SF,9518,1293,0,0,0,0,12,41,0.05,0.98,normal
1529,EHR,patient_records,SF,5986,3397,1,1,0,0,2,23,0.08,0.34,normal
2999,PACS,radiology,REJ,2239,5648,0,4,1,1,13,30,0.73,0.82,credential_sharing
3356,PACS,patient_records,SF,2741,1789,1,1,0,0,14,16,0.81,0.42,credential_sharing
1290,EHR,radiology,SF,2545,4241,0,1,0,0,4,76,0.07,0.57,normal
1970,PACS,radiology,SF,7205,7496,0,1,0,1,11,51,0.82,0.56,unauthorized_access
110,HL7_API,lab_results,REJ,336,2237,1,1,0,0,13,18,0.15,0.46,data_modification
594,HL7_API,prescriptions,REJ,3576,3096,1,3,1,0,13,100,0.22,0.69,unauthorized_access
3022,PACS,billing,SF,1367,6027,1,1,1,1,5,15,0.46,0.24,insider_data_leakage
2735,PACS,prescriptions,REJ,1370,6370,1,1,0,0,18,29,0.43,0.34,audit_log_tampering
3398,PACS,prescriptions,REJ,8905,398,0,5,0,0,9,87,0.33,0.27,audit_log_tampering
2962,HL7_API,prescriptions,REJ,9869,798,0,3,1,0,10,32,0.07,0.01,unauthorized_access
217,EHR,lab_results,SF,769,4335,1,2,1,0,19,78,0.11,0.69,insider_data_leakage
2091,HL7_API,radiology,S0,5214,5596,1,4,1,1,0,13,0.68,0.86,credential_sharing
1391,EHR,prescriptions,S0,9010,5386,0,5,1,0,15,40,0.42,0.62,data_modification
1802,HL7_API,billing,S0,9680,7025,0,5,1,0,5,84,0.98,0.51,privilege_misuse
2847,EHR,patient_records,S0,659,3496,0,3,0,1,13,13,0.67,0.37,insider_data_leakage
1619,HL7_API,billing,SF,7474,1556,1,3,0,0,3,59,0.43,0.26,unauthorized_access
1313,EHR,billing,SF,5772,4538,0,4,0,0,17,42,0.98,0.36,audit_log_tampering
2107,EHR,billing,REJ,3435,1739,0,4,1,1,17,61,0.23,0.02,unauthorized_access
1972,EHR,billing,SF,1091,1287,0,5,0,1,8,75,0.98,0.71,unauthorized_access
2253,EHR,radiology,SF,9932,6524,0,2,1,1,3,93,0.57,0.4,privilege_misuse
2582,HL7_API,patient_records,SF,3181,1428,0,4,0,1,3,98,0.58,0.79,policy_violation
1813,PACS,patient_records,S0,8124,3783,0,4,0,1,10,58,0.54,0.72,data_modification
2666,PACS,lab_results,S0,7039,4786,0,1,1,1,0,73,0.44,0.7,privilege_misuse
1884,EHR,lab_results,REJ,693,5824,0,4,0,0,18,99,0.61,0.0,policy_violation
1852,PACS,lab_results,SF,4406,1937,0,5,0,0,0,50,0.51,0.22,unauthorized_access
356,EHR,prescriptions,S0,7212,1010,1,4,1,0,11,4,0.27,0.79,insider_data_leakage
3273,EHR,prescriptions,S0,4883,6458,0,0,0,0,12,49,0.27,0.52,normal
2196,HL7_API,lab_results,S0,8005,3978,1,2,0,1,20,98,0.0,0.78,insider_data_leakage
2531,PACS,radiology,S0,3465,4938,0,1,1,0,11,32,0.16,0.44,insider_data_leakage
1757,HL7_API,billing,S0,7697,7172,0,5,0,0,7,96,0.83,0.41,data_modification
2291,PACS,lab_results,SF,2734,6583,1,4,0,1,3,74,0.52,0.95,privilege_misuse
3533,EHR,billing,SF,7513,6909,0,1,1,0,14,84,0.95,0.52,privilege_misuse
1912,PACS,radiology,S0,2123,6728,0,1,1,1,10,29,0.19,0.1,insider_data_leakage
3399,HL7_API,patient_records,SF,9011,4595,0,5,0,0,8,46,0.13,0.34,unauthorized_access
632,HL7_API,lab_results,S0,3043,5805,0,5,0,0,6,56,0.69,0.68,unauthorized_access
3084,HL7_API,billing,SF,6100,738,0,4,1,1,8,86,0.3,0.01,audit_log_tampering
2150,PACS,billing,SF,9989,7922,1,5,0,0,5,59,0.78,0.58,audit_log_tampering
2110,HL7_API,prescriptions,REJ,211,3522,1,4,0,0,15,20,0.24,0.31,data_modification
3010,HL7_API,prescriptions,SF,4987,7761,1,1,0,0,10,22,0.3,0.37,unauthorized_access
2777,PACS,billing,SF,7507,378,1,4,0,1,10,2,0.39,0.55,credential_sharing
1661,PACS,lab_results,SF,6376,7296,0,4,1,0,13,23,0.08,0.91,insider_data_leakage
2099,PACS,prescriptions,REJ,534,6442,0,2,0,0,3,55,0.39,0.83,data_modification
3032,PACS,billing,REJ,797,2669,1,1,1,0,6,27,0.54,0.12,audit_log_tampering
1923,PACS,radiology,REJ,9268,712,1,2,1,1,10,5,0.54,0.49,insider_data_leakage
3554,EHR,billing,S0,843,5397,1,0,0,0,3,68,0.09,0.52,normal
2360,PACS,radiology,S0,6897,1799,1,2,0,0,17,39,0.98,0.4,audit_log_tampering
762,HL7_API,lab_results,SF,481,3266,1,1,0,0,6,16,0.72,0.83,normal
2191,EHR,prescriptions,SF,3941,4268,1,3,1,1,5,71,0.65,0.0,audit_log_tampering
1193,PACS,billing,SF,5367,2296,1,2,0,1,20,50,0.07,0.06,unauthorized_access
1266,EHR,billing,SF,4958,3932,0,2,1,1,11,95,0.7,0.25,policy_violation
2610,HL7_API,prescriptions,REJ,1391,1871,1,1,0,0,2,13,0.03,0.4,normal
3241,EHR,lab_results,REJ,2817,2407,1,2,1,1,6,86,0.15,0.21,audit_log_tampering
3141,EHR,billing,SF,2174,7182,0,5,0,1,4,5,0.47,0.47,policy_violation
182,EHR,patient_records,S0,4439,7062,1,3,0,0,13,15,0.47,0.27,data_modification
1090,PACS,lab_results,REJ,4093,370,0,3,1,1,20,94,0.59,0.91,data_modification
395,EHR,prescriptions,SF,1982,7962,0,1,1,0,7,67,0.88,0.45,credential_sharing
1358,EHR,prescriptions,S0,3741,6330,1,5,0,1,15,60,0.49,0.22,privilege_misuse
1717,EHR,prescriptions,REJ,6962,1932,0,3,0,1,8,62,0.12,0.65,audit_log_tampering
2181,PACS,patient_records,REJ,6014,3406,0,1,1,0,2,51,0.55,0.8,unauthorized_access
1916,PACS,radiology,SF,8449,6756,1,3,1,0,7,41,0.05,0.65,policy_violation
2992,EHR,billing,SF,1168,1605,0,5,1,0,4,95,0.45,0.68,policy_violation
2461,HL7_API,radiology,S0,6163,170,1,4,1,1,20,62,0.19,0.73,audit_log_tampering
3218,PACS,radiology,REJ,8449,6738,0,5,1,1,5,17,0.88,0.91,insider_data_leakage
377,HL7_API,patient_records,SF,4962,7541,0,3,1,1,7,35,0.78,0.63,credential_sharing
2909,EHR,patient_records,SF,5818,3448,1,3,0,0,14,94,0.23,0.58,data_modification
949,EHR,prescriptions,REJ,9102,998,0,3,0,0,20,21,0.92,0.55,audit_log_tampering
1930,EHR,patient_records,REJ,300,5571,1,4,0,0,0,39,0.05,0.64,policy_violation
1945,PACS,lab_results,SF,3673,1065,1,4,1,1,5,1,0.84,0.18,data_modification
1990,EHR,patient_records,SF,1309,7777,0,1,0,0,11,38,0.6,0.56,normal
2929,HL7_API,lab_results,S0,5906,6796,1,5,0,0,12,50,0.18,0.43,data_modification
3088,HL7_API,lab_results,REJ,3784,607,0,1,0,1,10,94,0.4,0.14,data_modification
272,HL7_API,radiology,S0,852,3248,0,3,0,0,8,60,0.64,0.33,unauthorized_access
2963,EHR,billing,S0,6594,3372,0,1,0,1,1,1,0.99,0.32,policy_violation
1529,EHR,billing,SF,6215,3938,0,1,0,1,10,22,0.76,0.1,insider_data_leakage
796,PACS,prescriptions,SF,9983,1777,0,4,1,0,12,19,0.68,0.64,insider_data_leakage
2151,EHR,prescriptions,REJ,2180,3928,0,4,0,1,15,51,0.09,0.03,policy_violation
1580,HL7_API,radiology,REJ,7916,2556,0,5,0,1,9,51,0.04,0.37,credential_sharing
1167,PACS,billing,S0,8561,6260,1,2,0,0,6,33,0.44,0.66,policy_violation
532,HL7_API,prescriptions,REJ,5026,3554,1,2,0,1,16,8,0.86,0.53,policy_violation
3337,HL7_API,lab_results,S0,3575,2719,0,5,0,1,20,12,0.53,0.87,insider_data_leakage
1282,HL7_API,radiology,SF,6839,2140,0,0,0,0,4,75,0.85,0.87,normal
3106,PACS,radiology,SF,8636,2232,0,4,1,1,17,44,0.12,0.25,unauthorized_access
2366,HL7_API,prescriptions,S0,8196,2395,1,5,1,0,9,84,0.2,0.82,audit_log_tampering
247,PACS,billing,S0,5308,1016,1,3,0,0,14,28,0.02,0.2,audit_log_tampering
292,HL7_API,lab_results,SF,9960,5442,0,5,1,0,7,29,0.24,0.5,unauthorized_access
2689,PACS,prescriptions,SF,9457,284,1,3,1,1,3,1,0.23,0.36,unauthorized_access
926,EHR,prescriptions,SF,3327,6242,0,2,0,0,9,62,0.1,0.16,unauthorized_access
258,PACS,prescriptions,REJ,4789,3762,0,5,1,0,4,10,0.22,0.98,data_modification
3413,HL7_API,prescriptions,SF,2042,2101,0,3,1,1,16,36,0.35,0.07,privilege_misuse
2482,PACS,prescriptions,SF,1687,811,1,1,0,0,20,65,0.22,0.63,normal
1762,EHR,patient_records,S0,8736,7107,0,2,0,0,9,6,0.17,0.19,audit_log_tampering
16,HL7_API,prescriptions,REJ,9647,1459,0,1,1,0,1,91,0.61,0.21,data_modification
3476,HL7_API,prescriptions,REJ,6792,303,1,2,0,0,3,15,0.05,0.42,data_modification
694,PACS,prescriptions,SF,8400,1241,0,1,1,0,2,96,0.76,0.14,audit_log_tampering
1737,HL7_API,patient_records,SF,3099,5912,1,2,0,1,1,48,0.78,0.19,data_modification
1739,PACS,billing,REJ,366,622,0,4,1,1,8,39,0.21,0.03,audit_log_tampering
2346,PACS,patient_records,S0,6234,757,0,4,0,1,2,34,0.76,0.35,policy_violation
1862,PACS,lab_results,S0,1014,2023,1,5,1,1,4,60,0.46,0.54,policy_violation
1511,EHR,radiology,S0,9356,1468,1,3,1,0,14,84,0.8,0.13,insider_data_leakage
2164,EHR,prescriptions,S0,7470,5867,1,3,1,1,17,48,0.47,0.66,credential_sharing
2479,PACS,lab_results,SF,5597,5631,1,2,1,0,2,72,0.75,0.51,unauthorized_access
1872,HL7_API,prescriptions,S0,4211,3250,0,2,0,1,19,80,0.06,0.72,policy_violation
649,HL7_API,lab_results,REJ,495,7907,1,4,0,0,1,32,0.18,0.1,audit_log_tampering
623,PACS,billing,SF,8149,569,0,3,0,0,20,25,0.28,0.89,policy_violation
745,EHR,prescriptions,S0,1739,3670,0,2,1,0,15,67,0.8,0.53,insider_data_leakage
2825,HL7_API,patient_records,S0,8184,5636,1,0,0,0,16,21,0.43,0.48,normal
259,HL7_API,lab_results,REJ,5208,7418,0,1,1,0,20,49,0.13,0.52,credential_sharing
2975,EHR,radiology,SF,5272,7740,0,4,1,0,16,43,0.43,0.07,insider_data_leakage
3451,EHR,lab_results,REJ,2873,1852,1,4,0,1,7,89,0.68,0.68,data_modification
2318,EHR,billing,S0,4430,3072,0,1,1,0,4,100,0.6,0.04,credential_sharing
3007,PACS,billing,S0,2289,2185,0,2,1,1,3,27,0.31,0.95,audit_log_tampering
3393,HL7_API,radiology,REJ,824,3730,1,1,1,1,4,48,0.5,0.05,credential_sharing
2629,EHR,billing,SF,7295,2171,0,4,0,0,19,15,0.73,0.85,unauthorized_access
2611,EHR,prescriptions,S0,916,3957,1,5,1,0,4,76,0.79,0.76,data_modification
2077,PACS,lab_results,REJ,7963,6267,1,3,0,1,4,79,0.14,0.86,policy_violation
547,PACS,radiology,SF,810,4124,1,3,1,1,16,40,0.72,0.38,data_modification
1369,HL7_API,prescriptions,SF,6740,5655,1,3,0,1,20,81,0.13,0.23,audit_log_tampering
2673,PACS,lab_results,REJ,617,5303,0,0,0,0,0,97,0.56,0.21,normal
2764,PACS,radiology,SF,1585,7757,0,1,1,1,10,60,0.12,0.55,audit_log_tampering
1557,EHR,radiology,SF,9297,3380,1,4,0,0,1,61,0.49,0.49,audit_log_tampering
574,HL7_API,radiology,SF,9688,5429,0,5,0,0,9,80,0.93,0.61,data_modification
28,EHR,billing,REJ,4293,1539,1,5,0,0,11,34,0.88,0.22,policy_violation
1600,PACS,lab_results,SF,3562,1037,0,1,1,1,7,8,0.9,0.29,unauthorized_access
1039,HL7_API,radiology,REJ,8435,1233,1,1,0,1,12,66,0.24,0.06,audit_log_tampering
2268,EHR,billing,SF,8702,3968,1,4,1,0,10,7,0.11,0.63,unauthorized_access
2546,EHR,lab_results,REJ,3667,5617,1,4,1,0,2,25,0.09,0.73,credential_sharing
808,EHR,radiology,SF,1827,3352,0,0,0,0,19,76,0.88,0.87,normal
2384,EHR,billing,S0,9285,1236,1,2,0,0,9,50,0.28,0.6,policy_violation
3425,EHR,prescriptions,SF,1638,2676,1,5,0,1,17,16,0.86,0.07,unauthorized_access
514,PACS,billing,S0,9598,1727,0,5,1,0,18,98,0.87,0.16,policy_violation
2225,PACS,prescriptions,SF,2577,595,0,0,0,0,2,67,0.04,0.28,normal
36,PACS,prescriptions,SF,7780,438,0,1,0,1,9,12,0.8,0.89,unauthorized_access
2862,PACS,patient_records,S0,7176,4581,0,1,0,1,14,41,0.38,0.65,unauthorized_access
1240,EHR,prescriptions,REJ,5986,5074,1,4,1,0,20,1,0.83,0.31,audit_log_tampering
2933,EHR,patient_records,REJ,3882,4400,1,1,0,0,5,14,0.08,0.7,insider_data_leakage
3507,PACS,radiology,SF,3391,7396,0,2,1,0,14,89,0.41,0.14,privilege_misuse
1469,PACS,radiology,REJ,1583,2609,1,0,0,0,18,70,0.74,0.69,normal
208,HL7_API,billing,REJ,1830,1000,1,5,1,0,17,64,0.07,0.38,privilege_misuse
3237,EHR,patient_records,SF,7394,7808,0,5,1,0,13,89,0.59,0.3,data_modification
1484,PACS,lab_results,REJ,7633,2453,1,3,0,1,10,9,0.73,0.69,audit_log_tampering
3082,PACS,radiology,SF,2747,4745,0,4,1,0,5,59,0.76,0.41,data_modification
1147,HL7_API,billing,REJ,4163,4018,0,5,0,0,2,98,0.92,0.45,unauthorized_access
1685,EHR,radiology,REJ,1514,7908,0,3,0,1,6,84,0.76,0.55,audit_log_tampering
46,HL7_API,prescriptions,REJ,5070,4403,0,5,1,0,15,78,0.53,0.77,data_modification
1404,HL7_API,prescriptions,S0,7368,7335,0,5,1,0,8,53,0.56,0.52,credential_sharing
2921,EHR,patient_records,SF,8119,4869,0,5,0,0,0,18,0.48,0.83,privilege_misuse
1181,EHR,billing,REJ,2454,4168,0,0,0,0,15,79,0.75,0.41,normal
2474,EHR,radiology,REJ,8578,2527,1,1,1,1,2,22,0.51,0.8,audit_log_tampering
2133,EHR,patient_records,REJ,1547,5866,0,2,0,0,1,19,0.03,0.28,privilege_misuse
1436,EHR,lab_results,REJ,4391,3294,0,2,0,0,20,57,0.22,0.22,insider_data_leakage
256,EHR,lab_results,REJ,7814,4123,0,4,0,0,5,70,0.67,0.75,credential_sharing
2532,EHR,lab_results,S0,4942,3378,1,1,0,1,15,25,0.61,0.43,privilege_misuse
2589,EHR,patient_records,S0,4963,6726,0,4,1,1,12,79,0.79,0.22,credential_sharing
2097,PACS,patient_records,REJ,1118,4036,1,2,0,0,5,48,0.29,0.57,data_modification
3019,PACS,patient_records,REJ,1165,812,1,5,1,1,12,85,0.98,0.08,audit_log_tampering
810,PACS,patient_records,REJ,9468,802,0,2,0,0,20,79,0.37,0.31,audit_log_tampering
1933,EHR,billing,REJ,5873,2903,0,1,0,1,3,5,0.11,0.7,data_modification
3209,PACS,patient_records,SF,6780,2318,1,2,0,1,5,89,0.88,0.75,unauthorized_access
2112,PACS,patient_records,S0,5122,7750,1,1,0,1,7,40,0.43,0.6,data_modification
1124,EHR,lab_results,REJ,4729,5356,1,1,1,0,4,16,0.23,0.99,privilege_misuse
2127,HL7_API,patient_records,REJ,2080,6754,0,4,1,0,2,90,1.0,0.35,insider_data_leakage
1720,PACS,billing,SF,3258,6637,1,4,0,0,12,47,0.9,0.19,privilege_misuse
348,PACS,patient_records,REJ,6897,2738,0,4,1,0,0,9,0.54,0.73,policy_violation
209,HL7_API,patient_records,SF,1166,5976,0,3,1,0,11,66,0.06,0.42,policy_violation
2839,HL7_API,prescriptions,SF,2035,6245,0,4,0,0,15,23,0.04,0.13,policy_violation
839,HL7_API,radiology,S0,3922,805,1,3,0,0,6,39,0.54,0.36,unauthorized_access
1169,EHR,lab_results,REJ,9708,4274,0,5,1,0,4,88,0.92,0.33,credential_sharing
1748,EHR,prescriptions,REJ,3517,2515,0,3,1,0,5,38,0.41,0.39,privilege_misuse
2927,PACS,lab_results,REJ,3491,1788,1,2,1,1,8,46,0.62,0.64,privilege_misuse
35,HL7_API,radiology,S0,9089,603,1,1,0,1,19,98,0.26,0.48,policy_violation
2645,HL7_API,billing,REJ,1119,6448,0,2,0,1,9,87,0.58,0.22,privilege_misuse
3594,EHR,radiology,REJ,1611,3500,1,1,0,0,4,14,0.81,0.46,normal
2942,HL7_API,prescriptions,SF,6508,6961,0,5,1,0,20,56,0.8,0.24,policy_violation
2890,HL7_API,radiology,SF,9526,3558,1,1,1,1,15,45,0.42,0.57,data_modification
58,EHR,billing,SF,1955,6874,1,1,1,0,3,15,0.72,0.01,privilege_misuse
2473,PACS,billing,S0,3310,3054,0,1,0,0,17,61,0.83,0.37,normal
2339,PACS,prescriptions,SF,4767,5307,1,2,0,1,5,16,0.09,0.85,audit_log_tampering
717,EHR,radiology,S0,1108,408,0,4,0,0,11,66,0.28,0.22,unauthorized_access
2761,PACS,prescriptions,S0,1310,6901,0,1,0,1,12,31,0.73,0.02,audit_log_tampering
2842,PACS,radiology,S0,8348,1569,0,4,0,1,5,80,0.42,0.67,data_modification
687,EHR,lab_results,S0,4084,5203,0,1,1,1,2,37,0.86,0.33,privilege_misuse
3116,EHR,radiology,REJ,1328,827,1,5,1,1,2,28,0.51,0.3,audit_log_tampering
2778,PACS,patient_records,REJ,594,3036,1,5,1,0,9,50,0.16,0.24,audit_log_tampering
1289,HL7_API,billing,SF,5824,7671,1,5,1,0,17,38,0.33,0.43,unauthorized_access
3148,PACS,patient_records,SF,709,4565,0,4,0,1,18,89,0.14,0.26,policy_violation
54,HL7_API,prescriptions,SF,7337,6676,0,4,1,1,5,68,0.1,0.85,credential_sharing
3163,EHR,billing,REJ,4071,6087,0,3,0,1,3,23,0.31,0.96,policy_violation
2762,EHR,prescriptions,REJ,1235,5346,1,1,0,1,16,77,0.99,0.8,privilege_misuse
2281,EHR,lab_results,SF,3656,2220,0,4,1,0,15,42,0.76,0.68,data_modification
3102,EHR,billing,SF,5211,890,0,1,1,1,4,45,0.18,0.35,credential_sharing
2612,PACS,radiology,S0,2532,306,1,2,0,0,11,13,0.6,0.5,audit_log_tampering
3019,PACS,patient_records,SF,9908,2360,1,3,1,1,17,64,0.63,0.3,unauthorized_access
1,PACS,radiology,REJ,4751,5300,1,2,0,1,3,82,0.95,0.96,credential_sharing
2900,PACS,lab_results,S0,2438,5355,0,1,0,0,1,98,0.53,0.62,normal
337,PACS,patient_records,SF,7445,5005,0,5,1,0,6,54,0.71,0.43,audit_log_tampering
594,EHR,billing,REJ,472,2037,1,3,1,0,5,37,0.35,0.27,credential_sharing
1649,PACS,lab_results,SF,7135,2648,1,4,0,1,20,49,0.57,0.45,credential_sharing
1623,HL7_API,lab_results,REJ,3122,4131,0,5,1,1,0,50,0.92,0.04,credential_sharing
1787,EHR,billing,REJ,2080,868,0,4,0,0,20,25,0.42,0.58,policy_violation
73,HL7_API,radiology,SF,3790,6024,1,4,1,0,20,55,0.73,0.14,audit_log_tampering
2105,HL7_API,radiology,SF,6027,7005,1,4,0,0,16,89,0.77,0.56,credential_sharing
1432,HL7_API,lab_results,REJ,4247,7668,0,1,0,0,0,58,0.89,0.96,audit_log_tampering
2376,HL7_API,billing,REJ,1658,6971,0,1,0,0,1,47,0.21,0.78,normal
428,EHR,billing,SF,1138,5172,1,2,1,1,4,94,0.92,0.25,insider_data_leakage
2426,HL7_API,radiology,S0,3021,6799,0,4,0,1,19,65,0.84,0.62,audit_log_tampering
3354,PACS,billing,SF,9067,1457,0,3,1,0,7,73,0.88,0.66,data_modification
957,PACS,patient_records,SF,6654,6735,0,1,0,0,4,17,0.47,0.54,normal
2331,EHR,lab_results,REJ,6641,3769,0,2,1,0,12,28,0.61,0.23,unauthorized_access
1164,PACS,patient_records,REJ,9672,5917,1,3,1,0,10,71,0.29,0.21,policy_violation
3480,EHR,billing,REJ,4867,4909,0,0,0,0,15,52,0.33,0.19,normal
3117,PACS,billing,SF,8372,2302,1,3,0,0,20,30,0.78,0.36,credential_sharing
1326,PACS,billing,SF,934,3519,1,2,1,1,1,64,0.44,1.0,credential_sharing
248,PACS,prescriptions,REJ,3962,2711,0,3,0,0,7,42,0.01,0.15,audit_log_tampering
2305,PACS,patient_records,REJ,2820,4809,0,4,1,0,14,47,0.22,0.51,audit_log_tampering
550,EHR,prescriptions,SF,9761,5876,0,2,0,0,9,68,0.85,0.6,data_modification
1612,EHR,patient_records,REJ,4697,3811,0,3,1,1,15,42,0.44,0.04,credential_sharing
1439,PACS,patient_records,S0,4780,7015,0,4,1,0,16,12,0.37,0.15,credential_sharing
617,PACS,billing,S0,9920,339,1,2,0,0,16,44,0.22,0.66,data_modification
2006,EHR,patient_records,S0,1102,3939,1,2,1,0,17,70,0.27,0.97,insider_data_leakage
325,EHR,billing,S0,2892,63,1,5,0,0,4,18,0.53,0.59,unauthorized_access
994,HL7_API,lab_results,S0,5492,6767,1,3,1,1,19,69,0.1,0.44,policy_violation
682,HL7_API,radiology,SF,2811,2408,1,2,1,0,3,90,0.35,0.28,unauthorized_access
2261,HL7_API,prescriptions,REJ,2202,3525,0,4,1,0,1,56,0.34,0.58,audit_log_tampering
360,EHR,radiology,S0,4675,7244,1,2,0,1,19,45,0.89,0.47,insider_data_leakage
2322,PACS,prescriptions,SF,8495,2410,0,3,1,0,8,16,0.93,0.94,insider_data_leakage
2021,HL7_API,lab_results,S0,1162,1003,1,2,0,1,16,52,0.37,0.65,policy_violation
2336,HL7_API,lab_results,S0,2118,3422,1,3,1,0,15,29,0.83,0.2,unauthorized_access
2011,HL7_API,radiology,SF,2417,3455,1,4,0,0,13,56,0.17,0.95,data_modification
359,HL7_API,patient_records,S0,3046,1779,1,4,1,0,0,48,0.67,0.15,credential_sharing
3485,HL7_API,radiology,REJ,7512,7352,1,3,0,1,7,84,0.48,0.15,insider_data_leakage
2801,PACS,lab_results,REJ,7854,1184,0,1,0,1,2,87,0.53,0.98,insider_data_leakage
2648,PACS,lab_results,SF,9946,4795,1,5,1,1,6,18,0.71,0.99,unauthorized_access
1250,EHR,prescriptions,S0,9126,7805,0,5,1,0,8,7,0.16,0.26,policy_violation
876,HL7_API,lab_results,REJ,8398,7889,1,4,0,0,14,67,0.16,0.75,privilege_misuse
1992,EHR,radiology,SF,8080,1209,0,5,0,1,2,30,0.47,0.4,audit_log_tampering
2356,EHR,billing,REJ,8746,2319,0,4,1,0,16,3,0.58,0.49,unauthorized_access
2156,HL7_API,billing,S0,4759,5860,1,2,0,1,10,60,0.74,0.14,data_modification
1487,EHR,patient_records,REJ,4834,4157,0,5,1,1,14,96,0.77,0.08,audit_log_tampering
9,PACS,billing,SF,1554,7871,0,2,0,1,10,14,0.49,0.64,privilege_misuse
2330,EHR,prescriptions,SF,6619,3657,1,2,1,1,0,36,0.51,0.59,audit_log_tampering
1005,HL7_API,radiology,S0,9218,2029,1,5,0,0,2,42,0.95,0.14,insider_data_leakage
2674,EHR,patient_records,REJ,9719,4375,1,2,0,1,20,92,0.06,0.36,insider_data_leakage
1234,PACS,radiology,SF,1419,1042,1,4,0,1,18,54,0.31,0.68,unauthorized_access
3450,HL7_API,prescriptions,SF,6217,4223,1,1,0,0,17,80,0.88,0.74,normal
2795,PACS,patient_records,SF,633,5822,1,2,1,1,16,83,0.37,0.14,privilege_misuse
151,EHR,billing,REJ,9040,4208,1,3,0,0,8,33,0.3,0.06,insider_data_leakage
104,HL7_API,lab_results,S0,930,239,1,2,0,1,12,84,0.4,0.77,privilege_misuse
491,PACS,patient_records,REJ,402,6741,0,4,1,0,7,85,0.72,0.31,policy_violation
3569,HL7_API,patient_records,SF,6135,26,0,3,1,1,15,13,0.27,0.52,unauthorized_access
1325,PACS,lab_results,S0,662,92,0,1,1,0,12,65,0.19,0.73,insider_data_leakage
122,HL7_API,billing,REJ,508,4683,0,1,0,0,10,69,0.54,0.9,insider_data_leakage
490,PACS,patient_records,SF,9601,3679,1,3,1,0,16,22,0.66,0.73,unauthorized_access
1323,PACS,radiology,REJ,679,1858,0,5,1,0,2,15,0.31,0.96,credential_sharing
2738,PACS,billing,S0,6158,453,1,2,0,1,1,23,0.97,0.78,credential_sharing
387,PACS,prescriptions,SF,4339,4479,0,2,1,1,18,69,0.69,0.37,privilege_misuse
270,HL7_API,prescriptions,REJ,2168,250,1,2,0,1,2,62,0.27,0.34,data_modification
1796,EHR,radiology,SF,909,7568,1,5,0,1,3,56,0.05,0.35,insider_data_leakage
849,HL7_API,lab_results,S0,7515,1390,1,3,1,1,0,24,0.38,0.24,privilege_misuse
432,HL7_API,patient_records,REJ,7730,6226,1,1,1,0,14,56,0.83,0.04,credential_sharing
3553,PACS,billing,S0,7274,5339,0,5,1,1,6,86,0.18,0.32,data_modification
2148,HL7_API,prescriptions,SF,3221,7551,1,0,0,0,17,94,0.96,0.22,normal
2658,EHR,billing,S0,3136,3542,0,2,0,1,11,64,0.43,0.81,unauthorized_access
2469,PACS,patient_records,S0,1156,5537,0,2,1,0,18,72,0.48,0.52,unauthorized_access
1885,EHR,radiology,SF,5524,7420,1,4,0,0,11,78,0.87,0.41,credential_sharing
264,HL7_API,prescriptions,REJ,1823,7843,1,1,0,0,10,14,0.05,0.92,normal
2421,PACS,billing,REJ,5816,4677,0,1,1,1,10,32,0.6,0.01,insider_data_leakage
3422,HL7_API,prescriptions,REJ,5272,2838,1,1,0,0,9,54,0.45,0.45,normal
2481,PACS,patient_records,SF,7000,1075,0,5,1,1,5,24,0.07,0.17,insider_data_leakage
2767,HL7_API,billing,REJ,4007,7662,1,5,0,1,16,57,0.28,0.99,privilege_misuse
2434,PACS,patient_records,S0,5788,823,0,1,0,0,6,58,0.53,0.22,data_modification
1245,EHR,prescriptions,REJ,4937,7567,0,2,1,1,16,71,0.56,0.53,unauthorized_access
3526,PACS,patient_records,SF,9222,5916,1,1,0,0,6,16,1.0,0.81,normal
774,EHR,radiology,SF,5769,4018,0,1,0,0,0,40,0.97,0.53,credential_sharing
767,HL7_API,prescriptions,S0,7190,7258,0,2,0,1,14,44,0.47,0.73,unauthorized_access
2805,EHR,lab_results,SF,3684,3819,1,2,0,0,13,17,0.98,0.46,policy_violation
2186,PACS,prescriptions,SF,8356,2580,0,3,0,1,1,37,0.99,0.48,unauthorized_access
2096,PACS,patient_records,S0,7122,7867,1,1,0,0,13,77,0.9,0.06,normal
1086,PACS,billing,S0,1688,666,1,4,1,0,6,99,0.24,0.82,data_modification
2105,EHR,billing,S0,1402,895,0,1,0,0,9,3,0.42,0.01,unauthorized_access
2354,HL7_API,radiology,SF,9704,2010,1,5,1,0,20,24,0.41,0.34,data_modification
2283,PACS,billing,REJ,3506,681,0,2,0,1,12,14,0.25,0.6,privilege_misuse
1574,HL7_API,lab_results,REJ,9371,2964,1,0,0,0,9,16,0.66,0.72,normal
110,EHR,prescriptions,SF,8202,5064,0,4,1,0,18,96,0.29,0.11,data_modification
398,HL7_API,billing,S0,5717,3612,0,1,1,0,18,70,0.1,0.27,privilege_misuse
862,EHR,radiology,S0,4802,5722,0,1,0,0,8,39,0.77,0.47,normal
358,HL7_API,patient_records,REJ,3469,2836,1,1,0,1,6,49,0.35,0.03,unauthorized_access
2979,PACS,radiology,S0,8982,2173,0,3,1,1,20,77,0.71,0.38,insider_data_leakage
792,PACS,lab_results,REJ,2208,2505,1,2,0,0,2,34,0.69,0.17,insider_data_leakage
513,PACS,patient_records,S0,2563,425,1,4,1,1,14,24,0.47,0.98,data_modification
1289,PACS,prescriptions,REJ,6023,1277,1,2,1,1,20,30,0.51,0.88,unauthorized_access
3022,PACS,radiology,S0,5486,3617,1,1,1,0,16,87,1.0,0.41,credential_sharing
1350,PACS,patient_records,REJ,882,2470,0,4,0,0,5,73,0.06,0.95,policy_violation
2671,EHR,radiology,SF,295,444,1,4,1,0,7,37,0.92,0.5,credential_sharing
2827,PACS,prescriptions,SF,7968,7683,1,5,0,1,18,24,0.14,0.83,credential_sharing
2310,EHR,prescriptions,REJ,5339,108,0,1,1,0,13,27,0.98,0.83,privilege_misuse
416,EHR,billing,S0,1107,5687,0,2,0,0,16,83,0.89,0.62,audit_log_tampering
1896,HL7_API,radiology,S0,4071,2358,0,4,1,1,6,89,0.82,0.05,audit_log_tampering
1636,EHR,patient_records,S0,7306,4472,1,3,0,1,11,33,0.17,0.56,insider_data_leakage
505,HL7_API,lab_results,SF,4477,291,0,2,1,1,8,86,0.66,0.31,policy_violation
567,EHR,prescriptions,SF,3277,2483,1,5,0,0,11,53,0.05,0.75,unauthorized_access
1807,PACS,patient_records,S0,7780,4749,0,1,1,1,18,100,0.54,0.24,insider_data_leakage
3052,PACS,radiology,S0,231,6812,0,2,1,1,10,77,0.4,0.76,privilege_misuse
596,HL7_API,radiology,SF,5773,249,0,1,0,0,19,1,0.98,0.01,normal
1348,PACS,billing,SF,6388,5119,1,4,0,1,16,77,0.95,0.05,insider_data_leakage
2416,PACS,prescriptions,SF,694,565,0,5,1,1,1,91,0.64,0.65,unauthorized_access
1001,HL7_API,billing,REJ,6718,2157,0,5,1,0,10,87,0.38,0.65,unauthorized_access
942,PACS,prescriptions,S0,1092,1876,1,0,0,0,6,14,0.24,0.27,normal
2043,EHR,prescriptions,SF,6211,6703,1,3,1,0,13,35,0.92,0.29,privilege_misuse
3273,PACS,patient_records,SF,1416,5433,1,3,0,0,3,3,0.93,0.61,unauthorized_access
598,PACS,lab_results,S0,4954,2649,1,4,0,0,17,76,0.64,0.88,unauthorized_access
100,EHR,patient_records,REJ,3243,7637,0,3,0,1,16,48,0.02,0.19,insider_data_leakage
2778,PACS,radiology,S0,1868,4233,0,1,1,0,2,29,0.25,0.88,data_modification
842,PACS,patient_records,REJ,8136,1791,1,0,0,0,3,28,0.41,0.75,normal
1421,EHR,billing,S0,1171,4157,0,3,1,1,1,13,0.43,0.17,data_modification
1956,PACS,billing,S0,4358,1285,0,1,0,0,7,5,0.9,0.55,privilege_misuse
1041,EHR,radiology,S0,8060,5459,0,5,1,1,16,59,0.09,0.19,credential_sharing
193,EHR,radiology,S0,3907,2633,0,5,0,1,17,20,0.14,0.93,privilege_misuse
780,EHR,prescriptions,S0,8678,7680,1,2,0,0,8,25,0.24,0.51,credential_sharing
1334,HL7_API,patient_records,S0,8153,2076,1,1,0,0,8,84,0.84,0.55,normal
818,PACS,patient_records,S0,6166,4102,0,5,0,0,3,48,0.25,0.68,data_modification
1074,EHR,radiology,SF,6575,6899,1,1,0,0,9,77,0.65,0.08,normal
2976,HL7_API,radiology,S0,9082,4203,0,4,1,0,11,58,0.89,0.94,unauthorized_access
3051,HL7_API,radiology,S0,9297,5888,0,1,0,0,5,98,0.69,0.25,normal
779,EHR,prescriptions,REJ,7789,7384,0,1,1,0,5,89,0.72,0.76,credential_sharing
3041,PACS,billing,SF,9227,2336,1,1,1,0,20,27,0.43,0.39,privilege_misuse
1900,EHR,lab_results,S0,5285,6948,1,5,1,1,4,66,0.89,0.41,unauthorized_access
924,PACS,patient_records,REJ,8444,3361,0,2,0,0,8,77,0.57,0.68,audit_log_tampering
1476,PACS,radiology,S0,5203,2591,1,3,1,1,6,83,0.33,0.83,insider_data_leakage
140,HL7_API,radiology,S0,9847,7518,0,2,1,0,13,45,0.3,0.27,unauthorized_access
2092,HL7_API,billing,SF,6393,4056,0,4,0,0,10,94,0.11,0.02,data_modification
1591,HL7_API,billing,REJ,1160,5604,0,2,0,1,6,79,0.25,0.36,data_modification
2724,EHR,billing,SF,8091,2540,1,2,0,1,19,40,0.3,0.49,policy_violation
1199,EHR,lab_results,S0,4555,2982,1,4,0,0,10,44,0.77,0.01,audit_log_tampering
2027,PACS,billing,S0,2472,7617,0,4,0,0,7,99,0.17,0.22,credential_sharing
1254,HL7_API,prescriptions,S0,1225,6617,0,1,0,0,5,19,0.52,0.34,normal
2294,HL7_API,prescriptions,REJ,5303,6221,1,0,0,0,14,66,0.65,0.07,normal
606,HL7_API,patient_records,S0,974,3205,1,3,1,0,12,38,0.89,0.88,credential_sharing
277,PACS,radiology,SF,6982,5032,0,4,0,0,20,47,0.23,0.43,insider_data_leakage
2680,HL7_API,prescriptions,S0,2342,1448,0,1,0,0,2,90,0.78,0.56,normal
2478,EHR,prescriptions,S0,7130,2459,1,0,0,0,17,42,0.49,0.21,normal
3099,HL7_API,billing,SF,6881,210,0,4,0,1,6,35,0.65,0.75,policy_violation
2902,PACS,lab_results,REJ,4969,7220,1,1,0,0,9,23,0.42,0.07,normal
3147,HL7_API,radiology,S0,9739,2265,0,4,0,0,17,11,0.13,0.66,data_modification
1515,EHR,prescriptions,SF,5914,4500,0,1,0,0,2,42,0.53,0.1,audit_log_tampering
476,HL7_API,billing,SF,4510,2233,0,2,0,0,19,31,0.68,0.4,privilege_misuse
634,EHR,radiology,SF,3133,5483,0,0,0,0,3,79,0.89,0.9,normal
1511,EHR,lab_results,REJ,2375,3799,1,4,0,0,20,37,0.06,0.07,privilege_misuse
2196,PACS,radiology,S0,9656,6545,1,3,1,1,16,4,0.69,0.58,credential_sharing
2648,EHR,lab_results,REJ,1531,4309,1,1,1,0,16,99,0.01,0.74,privilege_misuse
3087,PACS,lab_results,S0,7633,2157,0,5,0,0,10,95,0.96,0.48,insider_data_leakage
3398,HL7_API,radiology,SF,1433,1702,1,2,0,1,11,86,0.24,0.89,credential_sharing
321,PACS,lab_results,SF,2976,1835,1,3,0,1,7,85,0.74,0.84,audit_log_tampering
2983,EHR,radiology,REJ,7371,7322,1,5,1,0,2,59,0.1,0.04,data_modification
19,HL7_API,patient_records,S0,3615,1497,1,3,1,1,7,43,0.24,0.55,privilege_misuse
604,EHR,prescriptions,REJ,6912,4390,0,1,1,1,6,6,0.81,0.19,insider_data_leakage
643,HL7_API,patient_records,REJ,7692,10,1,5,1,0,17,19,0.38,0.61,audit_log_tampering
1426,PACS,prescriptions,SF,7403,1398,1,4,1,1,0,87,0.88,0.06,credential_sharing
3405,HL7_API,billing,REJ,1754,5275,0,2,0,0,18,41,0.31,0.29,privilege_misuse
2609,EHR,patient_records,REJ,2952,6053,1,3,1,1,2,8,0.71,0.98,data_modification
3556,PACS,radiology,REJ,654,5437,1,0,0,0,18,74,0.97,0.32,normal
2583,PACS,radiology,SF,9306,6731,0,4,1,1,12,50,0.62,0.47,data_modification
2791,HL7_API,prescriptions,REJ,7717,7502,0,1,0,0,5,82,0.58,0.1,normal
944,EHR,lab_results,SF,2650,1785,0,5,1,0,14,60,0.55,0.41,insider_data_leakage
3304,PACS,prescriptions,S0,7439,2795,0,3,0,0,18,13,0.93,0.83,privilege_misuse
1614,HL7_API,radiology,REJ,6101,1796,1,5,0,1,12,30,0.38,0.33,unauthorized_access
2084,EHR,prescriptions,REJ,7916,1091,1,3,1,1,2,37,0.4,0.27,privilege_misuse
2637,EHR,lab_results,S0,3757,3670,0,4,0,1,11,54,0.26,0.3,audit_log_tampering
1489,EHR,patient_records,SF,2106,5638,0,2,1,0,12,34,0.29,0.23,credential_sharing
2772,EHR,billing,S0,4223,5417,0,0,0,0,4,52,0.08,0.1,normal
926,EHR,patient_records,REJ,3296,3228,0,5,0,0,15,77,0.69,0.81,policy_violation
446,HL7_API,patient_records,REJ,1671,7102,1,4,1,0,5,94,0.42,0.77,privilege_misuse
1568,EHR,prescriptions,SF,2071,818,1,5,1,0,2,60,0.37,0.13,privilege_misuse
2307,EHR,lab_results,SF,906,6504,0,1,1,0,4,75,0.01,0.13,unauthorized_access
2862,PACS,prescriptions,REJ,334,4005,0,5,0,1,10,45,0.23,0.65,data_modification
2792,HL7_API,lab_results,REJ,266,6264,1,3,0,1,16,81,0.16,0.24,credential_sharing
1968,PACS,billing,S0,1722,3510,0,0,0,0,4,44,0.79,0.42,normal
2024,HL7_API,billing,SF,1720,668,0,1,0,0,1,87,0.17,0.53,privilege_misuse
676,HL7_API,billing,REJ,5666,2354,0,1,0,0,2,3,0.74,0.59,audit_log_tampering
2070,PACS,billing,S0,8284,1418,0,1,1,1,12,25,0.3,0.74,audit_log_tampering
2308,PACS,radiology,S0,2185,5493,0,3,1,1,5,84,0.57,0.84,credential_sharing
3061,EHR,lab_results,REJ,1137,7491,0,5,0,0,17,80,0.48,0.22,credential_sharing
151,PACS,lab_results,S0,1608,3990,0,1,0,1,16,81,0.81,0.42,credential_sharing
838,HL7_API,lab_results,REJ,2589,5872,1,4,0,1,2,3,0.59,0.28,privilege_misuse
3446,PACS,patient_records,REJ,5088,114,0,0,0,0,11,56,0.97,0.33,normal
1396,EHR,billing,REJ,7477,6860,1,4,0,1,2,39,0.56,0.15,data_modification
1202,PACS,radiology,SF,4708,7889,1,1,0,1,7,91,0.93,0.7,insider_data_leakage
331,PACS,radiology,SF,4756,4338,0,1,0,0,3,30,0.67,0.29,normal
3459,PACS,billing,REJ,9436,6770,1,4,1,1,11,45,0.01,0.73,data_modification
927,EHR,radiology,REJ,9386,940,0,3,1,1,5,86,0.05,0.24,privilege_misuse
1040,PACS,patient_records,REJ,2683,3019,1,3,1,0,18,17,0.65,0.37,privilege_misuse
578,HL7_API,lab_results,SF,4090,1166,0,5,1,1,12,48,0.6,0.34,insider_data_leakage
1578,HL7_API,prescriptions,S0,5403,7351,1,0,0,0,5,57,0.78,0.35,normal
2184,HL7_API,radiology,SF,5056,2706,0,0,0,0,11,29,0.18,0.35,normal
2407,EHR,patient_records,S0,2088,2040,0,1,1,0,10,52,0.69,0.78,unauthorized_access
2904,HL7_API,radiology,SF,5514,2755,0,1,1,1,7,63,0.05,0.7,insider_data_leakage
579,EHR,lab_results,REJ,1963,5784,1,1,0,0,0,82,0.31,0.11,unauthorized_access
1989,PACS,radiology,SF,8157,2987,0,2,0,1,13,96,0.62,0.08,audit_log_tampering
456,HL7_API,radiology,SF,3587,2067,1,2,0,1,9,28,0.77,0.85,unauthorized_access
2511,HL7_API,patient_records,S0,1761,2052,0,3,1,1,9,57,0.11,0.33,unauthorized_access
88,HL7_API,billing,REJ,4881,3504,0,5,0,0,17,46,0.92,0.82,unauthorized_access
3130,HL7_API,billing,SF,5453,1331,1,1,0,0,12,85,0.0,0.61,normal
1777,PACS,radiology,SF,4954,7221,1,3,0,1,18,68,0.24,0.7,unauthorized_access
2973,HL7_API,patient_records,S0,8087,1436,0,3,0,0,9,19,0.31,0.31,unauthorized_access
413,PACS,billing,SF,1443,4432,0,1,0,0,13,21,0.11,0.92,normal
802,HL7_API,radiology,SF,521,6495,0,3,0,1,19,37,0.76,0.25,unauthorized_access
3292,PACS,radiology,REJ,5187,3193,1,5,0,1,10,59,1.0,0.08,policy_violation
3021,HL7_API,radiology,S0,1456,2056,1,4,1,1,1,97,0.51,0.79,insider_data_leakage
2474,PACS,patient_records,REJ,3134,6140,1,4,1,1,11,56,0.71,0.81,policy_violation
1764,HL7_API,billing,S0,5257,7496,0,5,1,1,12,14,0.76,0.81,privilege_misuse
2479,HL7_API,billing,REJ,3405,6405,0,3,1,1,2,65,0.11,0.26,audit_log_tampering
1880,PACS,lab_results,S0,5491,6659,0,2,1,1,11,57,0.49,0.28,credential_sharing
1498,PACS,billing,SF,4247,5109,1,2,0,1,16,77,0.15,0.49,audit_log_tampering
1052,HL7_API,patient_records,REJ,9213,2233,1,4,1,0,7,76,0.54,0.75,credential_sharing
200,HL7_API,prescriptions,SF,9250,2576,0,0,0,0,11,40,0.77,0.72,normal
2200,EHR,radiology,SF,7065,3341,0,2,0,0,3,41,0.59,1.0,insider_data_leakage
183,PACS,lab_results,REJ,6369,4072,1,1,0,1,14,11,0.26,0.86,credential_sharing
1501,EHR,prescriptions,SF,7667,519,0,4,0,0,13,82,0.45,0.26,unauthorized_access
1868,EHR,patient_records,S0,7397,3016,0,4,1,1,0,35,0.62,0.54,policy_violation
2605,EHR,patient_records,SF,8480,1892,0,1,0,0,17,38,0.39,0.21,unauthorized_access
3332,HL7_API,lab_results,S0,7683,2330,1,3,0,1,0,46,0.87,0.05,audit_log_tampering
2791,HL7_API,patient_records,S0,6045,5093,1,0,0,0,4,40,0.21,0.27,normal
2425,PACS,patient_records,S0,3392,6521,0,2,0,0,19,39,0.51,0.19,audit_log_tampering
2142,PACS,patient_records,REJ,7779,455,0,1,1,0,17,96,0.17,0.52,insider_data_leakage
2280,PACS,patient_records,SF,1697,1782,0,3,0,0,9,3,0.77,0.25,policy_violation
2051,EHR,prescriptions,S0,2902,7789,0,4,1,1,17,76,0.59,0.19,privilege_misuse
3586,EHR,billing,REJ,1312,2964,0,2,1,0,0,64,0.52,0.88,data_modification
1666,EHR,radiology,S0,5152,91,0,1,1,0,14,53,0.69,0.45,credential_sharing
1998,HL7_API,lab_results,REJ,9658,6499,1,4,0,0,6,49,0.4,0.53,credential_sharing
1784,PACS,radiology,REJ,2212,7723,0,5,1,0,16,27,0.11,0.23,privilege_misuse
3503,EHR,prescriptions,SF,1506,7609,0,4,0,1,9,18,0.82,0.63,unauthorized_access
2901,PACS,billing,S0,9949,3173,1,4,0,0,9,94,0.34,0.98,audit_log_tampering
1072,HL7_API,radiology,SF,4331,4157,1,1,0,0,10,16,0.05,0.16,normal
3584,PACS,radiology,SF,9562,6034,1,2,1,0,16,19,0.15,0.9,insider_data_leakage
2719,HL7_API,billing,S0,6245,3734,1,4,1,1,11,33,0.68,0.26,data_modification
1966,EHR,billing,SF,8106,2537,0,3,1,1,17,10,0.05,0.33,privilege_misuse
2196,HL7_API,prescriptions,S0,5793,1208,0,3,1,1,6,65,0.62,0.85,insider_data_leakage
2189,EHR,lab_results,S0,8640,1148,0,4,0,1,6,96,0.61,0.27,policy_violation
2070,PACS,billing,SF,6982,3330,0,2,0,1,13,69,0.98,0.63,insider_data_leakage
2495,EHR,radiology,REJ,2396,2858,1,4,1,1,12,60,0.61,0.61,policy_violation
2073,PACS,billing,SF,5876,5692,1,5,1,1,6,99,0.74,0.29,data_modification
1652,PACS,prescriptions,REJ,4111,3014,1,2,1,1,2,7,0.05,0.99,insider_data_leakage
1620,HL7_API,lab_results,REJ,7854,3024,1,5,1,0,18,34,0.25,0.64,audit_log_tampering
2128,EHR,radiology,SF,8896,602,1,3,1,0,1,40,0.09,0.04,insider_data_leakage
2467,EHR,lab_results,S0,9604,6475,0,5,0,1,3,5,0.56,0.13,privilege_misuse
2590,PACS,prescriptions,REJ,7037,5763,0,3,0,0,11,84,0.26,0.76,audit_log_tampering
1960,HL7_API,patient_records,S0,6260,5048,1,1,0,1,12,26,0.4,0.18,credential_sharing
1319,EHR,billing,SF,626,1583,1,4,0,0,12,8,0.14,0.74,audit_log_tampering
2934,PACS,billing,REJ,8920,7521,0,1,1,1,17,82,0.8,0.29,privilege_misuse
2585,EHR,prescriptions,S0,9257,4711,1,1,1,1,9,81,0.31,0.36,privilege_misuse
405,PACS,billing,REJ,1667,6007,0,3,1,0,14,83,0.36,0.42,insider_data_leakage
219,HL7_API,billing,S0,6109,6673,1,4,1,1,6,3,0.48,0.33,audit_log_tampering
272,HL7_API,radiology,REJ,8231,3025,0,5,1,1,10,31,0.34,0.62,insider_data_leakage
3347,EHR,patient_records,SF,3119,7306,0,2,1,0,18,30,0.19,0.06,audit_log_tampering
905,PACS,billing,SF,2079,5493,1,4,0,1,8,65,0.22,0.16,privilege_misuse
2478,HL7_API,billing,S0,1177,4057,0,3,1,0,13,81,0.51,0.83,data_modification
407,PACS,billing,SF,4817,967,0,3,0,0,14,48,0.84,0.85,insider_data_leakage
3360,PACS,lab_results,REJ,2940,1986,1,4,0,0,15,77,0.61,0.8,insider_data_leakage
2995,HL7_API,patient_records,REJ,3916,6259,0,2,0,1,17,89,0.24,0.49,unauthorized_access
1411,PACS,prescriptions,REJ,6198,963,0,1,0,0,11,100,0.69,0.09,normal
3228,EHR,prescriptions,REJ,1140,4135,1,1,0,1,17,95,0.24,0.97,unauthorized_access
774,PACS,billing,SF,1342,1324,1,3,1,1,9,5,0.69,0.28,privilege_misuse
1977,HL7_API,prescriptions,SF,2935,6280,0,1,0,0,1,8,0.75,0.18,normal
78,PACS,billing,REJ,1070,6825,1,3,1,1,12,64,0.23,0.95,policy_violation
3366,PACS,billing,REJ,3019,2069,1,2,0,0,15,18,0.39,0.62,insider_data_leakage
1438,PACS,prescriptions,SF,9201,2993,1,4,0,1,13,85,0.03,0.48,policy_violation
667,EHR,billing,SF,5816,6063,0,2,1,0,4,88,0.7,0.06,policy_violation
2913,HL7_API,lab_results,REJ,3437,732,0,5,1,0,11,21,0.11,0.35,data_modification
1178,PACS,patient_records,S0,10000,20,1,1,0,0,13,48,0.77,0.33,normal
2815,EHR,billing,S0,5343,6289,0,2,0,0,14,62,0.69,0.61,audit_log_tampering
959,HL7_API,billing,REJ,7908,6843,1,1,1,0,2,74,0.82,0.38,data_modification
1485,EHR,billing,REJ,1726,2519,1,5,1,1,11,78,0.91,0.12,unauthorized_access
2362,EHR,prescriptions,REJ,7383,7876,0,4,0,1,8,96,0.32,0.21,privilege_misuse
340,EHR,prescriptions,SF,2319,4834,1,3,1,0,0,73,0.55,0.28,privilege_misuse
1211,HL7_API,patient_records,S0,4401,4368,0,1,1,0,18,90,0.47,0.62,privilege_misuse
3090,HL7_API,billing,SF,8162,2498,0,2,0,1,13,81,0.74,0.64,policy_violation
3209,PACS,patient_records,SF,3718,1183,1,2,1,1,12,12,0.92,0.66,audit_log_tampering
1304,HL7_API,patient_records,REJ,8096,6102,0,2,1,0,14,66,0.28,0.63,unauthorized_access
3513,EHR,billing,SF,6227,6656,1,2,0,0,10,40,0.89,1.0,insider_data_leakage
3066,HL7_API,lab_results,REJ,5402,237,1,2,1,1,9,67,0.1,0.23,data_modification
1224,EHR,lab_results,S0,8138,1323,1,2,1,0,13,97,0.36,0.26,data_modification
2673,EHR,lab_results,S0,2986,318,1,5,1,0,12,38,0.11,0.3,insider_data_leakage
2635,PACS,prescriptions,SF,4675,854,0,5,1,1,5,25,0.81,0.51,insider_data_leakage
1110,HL7_API,patient_records,REJ,4810,7381,0,1,0,1,9,87,0.18,0.36,insider_data_leakage
493,PACS,radiology,S0,7452,4046,0,4,1,1,1,34,0.45,0.09,audit_log_tampering
937,HL7_API,prescriptions,REJ,8743,382,0,3,0,1,14,86,0.05,0.92,insider_data_leakage
114,HL7_API,lab_results,SF,2094,1129,1,2,0,0,2,54,0.76,0.59,privilege_misuse
451,HL7_API,radiology,S0,3083,7332,0,1,0,0,15,89,0.31,0.07,normal
2157,HL7_API,billing,S0,1090,3205,0,1,0,0,11,83,0.94,0.08,normal
257,EHR,radiology,REJ,3549,2845,0,5,1,1,16,43,0.06,0.84,unauthorized_access
3103,PACS,radiology,SF,9679,3609,1,3,0,0,6,44,0.03,0.89,credential_sharing
3033,PACS,patient_records,SF,7950,1510,1,4,0,1,3,29,0.38,0.16,unauthorized_access
1802,PACS,patient_records,S0,7459,5335,0,4,0,1,7,54,0.57,0.92,credential_sharing
2529,PACS,billing,S0,3332,7771,1,1,0,0,10,35,0.48,0.98,normal
2761,HL7_API,patient_records,SF,2879,4287,1,5,1,1,11,50,0.92,0.1,unauthorized_access
1592,EHR,prescriptions,S0,2029,6760,0,0,0,0,4,25,0.95,0.57,normal
2978,EHR,billing,REJ,1293,6503,1,1,0,0,0,49,0.93,0.19,normal
2901,EHR,prescriptions,S0,6516,4654,1,2,1,0,6,100,0.25,0.98,credential_sharing
3354,PACS,radiology,REJ,4653,4976,1,5,1,0,16,2,0.63,0.33,insider_data_leakage
2993,PACS,billing,REJ,4854,7122,0,4,1,1,11,21,0.81,0.9,credential_sharing
1909,EHR,radiology,SF,6500,3758,0,5,1,0,4,37,0.92,0.61,audit_log_tampering
2645,HL7_API,patient_records,REJ,5791,3577,1,5,0,0,4,67,0.39,0.15,credential_sharing
1416,PACS,prescriptions,SF,6538,1470,0,1,1,1,19,90,0.08,0.42,audit_log_tampering
2851,PACS,prescriptions,S0,6790,6698,1,2,0,0,8,36,0.25,0.33,credential_sharing
1120,PACS,billing,S0,6160,6416,0,0,0,0,16,72,0.42,0.85,normal
550,EHR,prescriptions,REJ,3389,4597,1,1,0,0,9,96,0.31,0.04,unauthorized_access
2348,EHR,lab_results,SF,7908,7404,0,0,0,0,3,20,0.18,0.45,normal
3458,HL7_API,lab_results,REJ,1165,3523,1,2,0,0,8,22,0.05,0.36,unauthorized_access
2892,PACS,patient_records,SF,5729,7716,0,3,0,1,13,14,0.64,0.32,data_modification
582,EHR,billing,S0,925,6961,0,5,0,1,3,48,0.21,0.17,audit_log_tampering
3464,HL7_API,patient_records,SF,1067,7759,0,4,0,1,7,28,0.41,0.11,unauthorized_access
718,HL7_API,billing,REJ,5643,1829,0,2,0,0,3,74,0.98,0.82,insider_data_leakage
12,EHR,patient_records,REJ,8312,7912,1,4,1,1,6,97,0.17,0.84,policy_violation
837,EHR,lab_results,REJ,6266,1231,0,4,1,0,2,20,0.93,0.61,audit_log_tampering
1574,HL7_API,prescriptions,S0,3930,6928,0,1,0,0,5,70,0.5,0.7,normal
2199,HL7_API,billing,S0,7590,1715,1,1,0,0,4,98,0.52,0.92,normal
2527,PACS,patient_records,S0,8704,6201,1,4,1,0,13,33,0.89,0.94,insider_data_leakage
1630,EHR,prescriptions,SF,695,4751,1,5,1,1,10,96,0.27,0.11,policy_violation
2122,PACS,lab_results,S0,3316,744,1,1,0,0,0,49,0.22,0.6,normal
1407,EHR,patient_records,S0,4907,5792,0,1,0,1,17,48,0.88,0.28,policy_violation
1004,EHR,patient_records,S0,9295,874,1,3,1,1,7,50,0.54,0.81,audit_log_tampering
1309,HL7_API,lab_results,SF,8555,7890,0,3,0,1,11,37,0.8,0.3,credential_sharing
1943,PACS,prescriptions,REJ,2059,4543,0,3,1,0,15,76,0.25,0.49,unauthorized_access
2546,EHR,radiology,REJ,3967,5902,0,5,0,1,16,20,0.77,0.43,audit_log_tampering
3556,HL7_API,lab_results,SF,8580,3718,0,3,1,1,16,98,0.71,0.57,data_modification
1793,EHR,patient_records,SF,8034,5140,1,5,1,0,9,43,0.25,0.74,credential_sharing
2328,HL7_API,billing,SF,9537,4925,0,0,0,0,9,87,0.48,0.54,normal
2718,HL7_API,lab_results,S0,6873,5977,1,5,1,0,3,18,0.4,0.73,policy_violation
3337,EHR,prescriptions,REJ,4632,5713,0,5,0,1,5,9,0.06,0.47,unauthorized_access
718,HL7_API,radiology,S0,857,3600,1,0,0,0,2,26,0.72,0.54,normal
302,EHR,prescriptions,SF,5664,4249,1,3,0,1,4,46,0.54,0.03,privilege_misuse
1034,PACS,radiology,SF,1700,6853,0,2,1,1,7,60,0.38,0.74,insider_data_leakage
1025,HL7_API,billing,SF,2090,7823,0,3,1,0,1,68,0.4,0.54,policy_violation
95,HL7_API,patient_records,S0,2400,4578,1,1,1,0,0,18,0.63,0.77,data_modification
2640,EHR,radiology,SF,5912,6719,1,2,1,1,19,90,0.72,0.46,policy_violation
2595,HL7_API,billing,REJ,2128,6894,1,4,0,0,20,82,0.35,0.12,data_modification
661,PACS,billing,REJ,1619,4330,0,0,0,0,12,63,0.34,0.89,normal
1918,PACS,patient_records,S0,7303,4595,1,5,0,0,1,83,0.15,0.57,data_modification
622,HL7_API,prescriptions,REJ,7965,4685,0,5,0,1,9,12,0.46,0.38,unauthorized_access
2069,EHR,lab_results,REJ,5517,6778,1,1,0,0,12,27,0.84,0.84,privilege_misuse
2684,PACS,lab_results,SF,6872,3747,1,4,0,1,7,80,0.63,0.2,audit_log_tampering
2665,PACS,radiology,REJ,894,3200,0,1,0,0,20,8,0.91,0.69,normal
2150,EHR,lab_results,S0,8781,4875,0,4,0,1,4,74,0.36,0.46,audit_log_tampering
3020,PACS,lab_results,SF,5460,5881,0,0,0,0,3,63,0.11,0.55,normal
105,EHR,radiology,S0,9410,5103,1,3,0,0,14,19,0.36,0.8,credential_sharing
1711,HL7_API,billing,S0,7775,6431,1,1,0,0,19,48,0.27,0.68,insider_data_leakage
1917,HL7_API,prescriptions,SF,7505,833,0,4,1,0,17,49,0.63,0.8,privilege_misuse
1781,EHR,prescriptions,REJ,8569,765,0,1,1,0,6,79,0.37,0.5,privilege_misuse
325,PACS,patient_records,S0,6293,4779,0,3,0,0,17,39,0.4,0.57,audit_log_tampering
2130,PACS,lab_results,SF,1309,3017,0,5,1,0,20,24,0.26,0.74,data_modification
2999,HL7_API,radiology,SF,3894,2924,0,4,1,0,15,86,0.2,0.35,data_modification
1402,HL7_API,radiology,REJ,3390,4534,0,5,0,1,17,96,0.34,0.13,insider_data_leakage
2533,PACS,prescriptions,REJ,4249,4464,0,5,1,0,18,4,0.29,0.01,policy_violation
3103,EHR,radiology,S0,3804,3761,1,2,0,0,6,76,0.47,0.66,audit_log_tampering
42,PACS,patient_records,S0,7872,5571,0,1,1,1,1,11,0.76,0.09,policy_violation
3551,HL7_API,lab_results,SF,2948,2061,1,0,0,0,1,74,0.52,0.64,normal
3337,EHR,lab_results,SF,9541,2454,1,2,0,0,9,30,0.23,0.21,unauthorized_access
3445,PACS,lab_results,SF,8145,2353,1,5,0,1,10,75,0.54,0.19,credential_sharing
1685,PACS,radiology,S0,9160,4726,1,4,1,1,17,68,0.66,0.58,privilege_misuse
2922,HL7_API,patient_records,REJ,2284,6801,0,5,1,1,14,50,0.32,0.11,audit_log_tampering
2875,EHR,prescriptions,S0,2070,6191,0,1,0,0,3,54,0.96,0.91,insider_data_leakage
2960,PACS,prescriptions,REJ,2823,7031,0,3,0,0,1,71,0.28,0.14,data_modification
357,HL7_API,lab_results,REJ,1661,1600,0,2,0,0,16,51,0.86,0.14,policy_violation
2063,EHR,billing,REJ,3945,2730,1,1,0,0,7,5,0.27,0.89,privilege_misuse
86,EHR,radiology,SF,5808,521,1,2,0,1,8,83,0.98,0.67,policy_violation
1210,PACS,lab_results,S0,2732,168,1,5,1,1,0,51,0.29,0.24,data_modification
3447,HL7_API,lab_results,SF,9671,3940,1,4,1,1,8,1,0.16,0.78,insider_data_leakage
644,EHR,billing,SF,5447,1798,1,3,0,1,19,89,0.01,0.76,privilege_misuse
1496,HL7_API,patient_records,SF,1870,2683,1,2,0,0,14,96,0.57,0.67,insider_data_leakage
3014,HL7_API,prescriptions,REJ,6652,1301,1,2,0,1,8,24,0.54,0.28,privilege_misuse
1375,PACS,patient_records,REJ,6860,5754,0,2,0,0,0,80,0.74,0.98,unauthorized_access
631,HL7_API,lab_results,REJ,1714,159,0,1,1,0,9,88,0.22,0.58,data_modification
1728,PACS,patient_records,SF,8092,576,0,4,1,1,10,66,0.15,0.26,data_modification
1278,HL7_API,billing,REJ,687,1591,1,3,0,1,6,90,0.02,0.93,insider_data_leakage
2556,EHR,patient_records,REJ,7193,7117,1,5,1,0,16,25,0.12,0.47,credential_sharing
1290,HL7_API,radiology,S0,4617,890,0,5,0,0,4,83,0.35,0.57,privilege_misuse
350,HL7_API,prescriptions,SF,7721,1788,1,5,0,1,3,90,0.61,0.95,data_modification
9,HL7_API,lab_results,REJ,5310,4074,0,4,0,0,12,49,0.7,0.01,data_modification
827,EHR,lab_results,S0,7781,3760,0,2,1,1,2,14,0.99,0.67,privilege_misuse
1394,PACS,lab_results,REJ,8794,1443,1,3,0,1,14,66,0.66,0.37,audit_log_tampering
2409,PACS,prescriptions,S0,5792,5264,0,4,1,1,18,19,0.42,0.87,insider_data_leakage
697,HL7_API,radiology,S0,8065,1908,0,1,0,0,16,15,0.18,0.13,normal
2126,PACS,patient_records,SF,9655,4813,1,3,0,0,0,60,0.31,0.33,unauthorized_access
2545,EHR,billing,REJ,5421,2157,1,4,0,0,1,81,0.82,0.79,unauthorized_access
2878,HL7_API,prescriptions,SF,3388,2520,0,1,0,0,18,18,0.16,0.78,normal
3032,PACS,billing,REJ,1325,5643,0,1,1,0,6,84,0.38,0.03,data_modification
1374,PACS,lab_results,SF,8865,665,1,2,1,1,2,86,0.17,0.7,unauthorized_access
656,PACS,lab_results,S0,3580,7922,1,4,0,0,2,97,0.69,0.19,audit_log_tampering
3550,HL7_API,radiology,S0,5013,3520,0,3,0,1,18,94,0.56,0.94,audit_log_tampering
1720,PACS,patient_records,SF,4492,1905,0,3,0,0,2,46,0.53,0.47,policy_violation
805,EHR,billing,SF,2411,945,0,1,0,0,18,20,0.73,0.37,normal
187,EHR,patient_records,SF,9347,4235,0,0,0,0,13,66,0.5,0.53,normal
694,PACS,radiology,REJ,8676,5736,1,3,1,1,14,81,0.33,0.5,privilege_misuse
3206,PACS,billing,S0,1143,5879,1,1,0,1,8,94,0.72,0.52,data_modification
1107,EHR,lab_results,S0,2716,4064,0,5,0,1,20,94,0.3,0.97,policy_violation
1131,HL7_API,prescriptions,SF,2249,1655,0,1,0,0,20,47,0.61,0.18,normal
3153,PACS,radiology,SF,9746,2661,0,4,0,0,0,83,0.21,0.95,policy_violation
901,EHR,lab_results,S0,7705,3023,1,2,0,1,7,69,0.03,0.2,policy_violation
1675,HL7_API,patient_records,S0,3752,5663,1,2,0,0,15,25,0.76,0.15,privilege_misuse
502,PACS,lab_results,S0,6415,5072,1,5,0,1,12,25,0.14,0.29,audit_log_tampering
1735,EHR,billing,REJ,3399,5537,0,0,0,0,6,88,0.43,0.24,normal
3248,PACS,radiology,REJ,7123,7093,0,1,0,1,1,40,0.12,0.81,audit_log_tampering
1377,EHR,lab_results,SF,1039,6998,0,5,0,1,0,61,0.97,0.54,insider_data_leakage
903,PACS,prescriptions,S0,9324,7847,0,3,0,0,11,76,0.64,0.6,insider_data_leakage
2076,EHR,prescriptions,SF,4615,757,0,3,0,0,19,40,0.94,0.79,unauthorized_access
961,HL7_API,radiology,S0,7780,2622,0,2,1,1,11,60,0.85,0.98,insider_data_leakage
3423,PACS,patient_records,SF,3810,4493,0,3,0,1,14,29,0.24,0.05,audit_log_tampering
2863,PACS,radiology,REJ,403,2079,1,4,0,1,4,20,0.94,0.74,unauthorized_access
2944,HL7_API,prescriptions,SF,3013,3206,0,5,0,1,16,74,0.02,0.06,policy_violation
185,HL7_API,prescriptions,SF,3773,317,0,4,1,1,20,73,0.29,0.52,audit_log_tampering
1526,EHR,prescriptions,S0,3924,5712,0,1,0,0,15,88,0.89,0.75,normal
748,EHR,patient_records,REJ,3715,3752,1,2,0,1,7,82,0.99,0.43,privilege_misuse
106,EHR,patient_records,S0,6091,3042,0,1,1,1,11,1,0.38,0.11,credential_sharing
2490,PACS,lab_results,REJ,3453,6752,1,1,0,0,20,51,0.65,0.55,normal
3599,HL7_API,billing,REJ,3437,3236,0,5,0,1,16,80,0.06,0.21,privilege_misuse
3414,EHR,radiology,S0,9540,5348,0,1,1,0,19,95,0.88,0.47,privilege_misuse
2335,EHR,prescriptions,S0,9886,5666,0,1,1,0,5,13,0.93,0.25,unauthorized_access
2729,HL7_API,lab_results,S0,297,4475,0,3,1,1,7,44,0.54,0.81,audit_log_tampering
1870,HL7_API,billing,S0,1813,3047,1,1,0,0,0,95,0.37,0.8,data_modification
481,HL7_API,prescriptions,REJ,7016,5365,1,1,0,0,3,16,0.15,0.21,normal
3509,PACS,prescriptions,S0,7438,2168,0,3,1,1,4,55,0.34,0.42,policy_violation
3402,EHR,lab_results,REJ,8596,4205,1,2,0,0,11,76,0.26,0.44,unauthorized_access
894,HL7_API,radiology,SF,8748,7106,0,1,0,0,7,13,0.85,0.5,data_modification
1606,PACS,lab_results,S0,1697,7242,0,2,0,0,6,29,0.13,0.93,audit_log_tampering
2962,HL7_API,radiology,S0,1650,6801,1,2,0,1,9,1,0.85,0.38,audit_log_tampering
1958,HL7_API,lab_results,S0,6768,531,1,2,1,0,5,93,0.34,0.66,policy_violation
1262,HL7_API,radiology,REJ,9174,451,1,4,1,0,4,21,0.44,0.96,audit_log_tampering
522,EHR,patient_records,REJ,7922,3321,0,0,0,0,9,57,0.42,0.07,normal
3582,EHR,lab_results,S0,7860,4711,0,2,1,0,3,72,0.88,0.95,audit_log_tampering
2978,HL7_API,billing,SF,4465,6928,0,0,0,0,6,3,0.03,0.23,normal
2948,HL7_API,radiology,REJ,8249,3673,1,3,0,0,18,77,0.1,0.44,policy_violation
2909,EHR,prescriptions,S0,6273,1823,1,2,0,1,15,93,0.46,0.38,privilege_misuse
3459,HL7_API,patient_records,S0,9692,4242,0,4,0,0,15,1,0.65,0.99,credential_sharing
3567,PACS,patient_records,REJ,4763,2985,1,2,0,0,4,58,0.66,0.26,unauthorized_access
973,EHR,lab_results,REJ,1493,6391,0,4,0,0,14,30,0.76,0.05,privilege_misuse
947,HL7_API,lab_results,REJ,9440,7742,0,4,1,0,19,22,0.72,0.9,insider_data_leakage
1814,PACS,prescriptions,REJ,1953,5446,0,5,0,0,18,100,0.02,0.16,credential_sharing
3063,PACS,lab_results,S0,4848,233,1,1,0,0,6,9,0.26,0.27,normal
2288,EHR,prescriptions,S0,6282,5013,0,3,0,0,10,84,0.34,0.77,unauthorized_access
3236,EHR,patient_records,S0,1870,4813,0,2,0,0,3,45,0.17,0.22,data_modification
393,EHR,patient_records,S0,3263,6774,0,5,0,0,9,48,0.08,0.25,policy_violation
1886,EHR,radiology,REJ,6220,7971,0,5,1,1,15,24,0.06,0.84,data_modification
2932,HL7_API,lab_results,SF,1844,7571,0,1,1,1,16,72,0.55,0.8,privilege_misuse
1317,PACS,radiology,S0,6238,6327,1,4,1,1,3,16,0.01,0.44,policy_violation
170,HL7_API,patient_records,SF,6461,5361,0,3,1,0,5,27,0.09,0.48,policy_violation
2871,PACS,billing,S0,2604,3273,0,4,1,0,3,91,0.94,0.07,insider_data_leakage
1130,HL7_API,radiology,SF,4985,2532,0,3,0,0,16,18,0.59,0.75,policy_violation
3538,PACS,radiology,SF,6465,1288,1,1,0,1,20,46,0.95,0.07,audit_log_tampering
829,EHR,billing,REJ,492,5482,1,2,1,0,6,19,0.68,0.68,credential_sharing
2456,PACS,prescriptions,REJ,9408,6305,1,3,0,0,5,41,0.09,0.26,credential_sharing
2048,EHR,prescriptions,REJ,1608,3105,1,1,1,1,10,26,0.21,0.59,insider_data_leakage
143,HL7_API,lab_results,SF,5744,1241,1,4,1,0,16,28,0.59,0.29,credential_sharing
2956,EHR,billing,REJ,5273,6421,1,1,0,1,3,76,0.73,0.7,credential_sharing
429,EHR,patient_records,REJ,2338,5790,1,1,1,0,18,16,0.53,0.58,insider_data_leakage
1843,PACS,lab_results,S0,7648,1434,0,1,0,0,5,3,0.96,0.36,credential_sharing
256,PACS,radiology,S0,496,1600,1,2,1,0,10,64,0.85,0.02,policy_violation
2671,EHR,patient_records,REJ,3726,3783,0,5,1,0,15,19,0.29,0.48,audit_log_tampering
937,PACS,patient_records,S0,7402,7466,0,5,1,0,3,77,0.52,0.43,insider_data_leakage
2386,HL7_API,lab_results,REJ,4187,402,1,4,0,1,4,49,0.71,0.7,insider_data_leakage
3263,PACS,lab_results,REJ,8980,6544,0,1,0,1,3,72,0.87,0.46,privilege_misuse
1001,PACS,billing,REJ,5859,2606,0,4,0,0,4,89,0.22,0.83,policy_violation
148,EHR,prescriptions,REJ,3939,6272,0,2,0,1,17,5,0.26,0.28,privilege_misuse
612,PACS,lab_results,REJ,7489,654,0,5,0,1,5,6,0.11,0.52,privilege_misuse
828,PACS,radiology,REJ,2668,7225,1,5,0,1,11,3,0.3,0.22,privilege_misuse
1854,PACS,billing,SF,2375,3173,0,2,0,1,10,95,0.52,0.58,unauthorized_access
2965,PACS,lab_results,SF,6107,6203,1,1,1,0,17,90,0.9,0.05,policy_violation
1756,PACS,billing,REJ,7916,2712,0,0,0,0,5,28,0.48,0.93,normal
1785,HL7_API,lab_results,REJ,9167,1764,1,4,0,1,17,35,0.68,0.0,audit_log_tampering
891,PACS,billing,SF,6373,5048,1,2,1,0,9,75,0.23,0.44,policy_violation
832,HL7_API,billing,SF,8199,7117,1,4,1,1,7,25,0.9,0.56,audit_log_tampering
1914,PACS,patient_records,REJ,7141,7114,1,2,0,1,19,78,0.86,0.54,credential_sharing
527,EHR,billing,REJ,4538,7386,1,0,0,0,20,32,0.13,0.57,normal
825,EHR,patient_records,S0,970,6381,0,5,0,1,15,42,0.13,0.12,privilege_misuse
3411,PACS,prescriptions,REJ,4185,2124,0,5,1,0,5,31,0.36,0.62,data_modification
133,HL7_API,radiology,S0,3680,6474,0,4,0,0,3,100,0.61,0.66,audit_log_tampering
809,EHR,lab_results,REJ,8365,6487,1,5,0,1,1,97,0.5,0.01,insider_data_leakage
3570,PACS,radiology,S0,10000,6157,0,2,0,1,12,67,0.34,0.72,credential_sharing
3325,EHR,radiology,S0,4101,6440,1,5,1,1,10,77,0.08,0.49,unauthorized_access
1496,PACS,radiology,SF,9680,265,1,1,0,1,1,71,0.9,0.4,policy_violation
2752,PACS,radiology,REJ,9800,369,0,5,0,0,16,24,0.56,0.53,privilege_misuse
1438,EHR,patient_records,REJ,2944,2476,0,0,0,0,0,70,0.92,0.5,normal
2130,PACS,billing,S0,5157,2704,1,3,1,0,20,67,0.29,0.56,audit_log_tampering
1134,EHR,lab_results,SF,8148,814,1,3,0,0,16,52,0.84,0.24,audit_log_tampering
27,PACS,patient_records,S0,6985,3113,1,3,0,0,6,14,0.56,0.12,credential_sharing
3414,EHR,radiology,SF,7555,1636,1,4,1,0,6,10,0.46,0.44,unauthorized_access
3342,PACS,billing,S0,1270,6910,1,3,1,1,16,94,0.7,0.78,privilege_misuse
899,EHR,patient_records,SF,874,4658,0,4,1,0,9,50,0.6,0.66,unauthorized_access
2164,EHR,lab_results,REJ,7170,5811,0,3,1,1,0,66,0.21,0.79,policy_violation
1746,PACS,lab_results,REJ,4448,6858,1,3,1,0,11,14,0.41,0.18,policy_violation
2113,PACS,radiology,S0,7933,2480,1,5,0,1,13,31,0.32,0.3,credential_sharing
2369,EHR,radiology,REJ,4820,4979,0,5,1,0,8,1,0.42,0.61,insider_data_leakage
2716,PACS,lab_results,REJ,1312,3462,1,4,0,0,8,79,0.82,0.71,data_modification
2569,PACS,patient_records,S0,9236,741,0,2,0,0,19,17,0.4,0.7,unauthorized_access
1877,PACS,patient_records,S0,5363,1738,0,0,0,0,12,6,0.98,0.1,normal
574,PACS,prescriptions,REJ,3038,3901,1,4,0,1,5,48,0.44,0.97,credential_sharing
594,EHR,prescriptions,S0,4050,1252,0,4,1,1,17,22,0.49,0.54,policy_violation
3109,EHR,billing,S0,9817,921,0,2,1,0,5,1,0.99,0.4,credential_sharing
110,EHR,billing,SF,2853,5623,0,5,0,1,20,69,0.58,0.59,unauthorized_access
2406,EHR,lab_results,REJ,7192,5331,0,5,0,1,8,67,0.31,0.16,audit_log_tampering
3088,EHR,billing,SF,2193,3008,1,1,0,0,16,56,0.86,0.91,normal
2217,PACS,radiology,S0,4771,5816,1,1,0,1,9,69,0.53,0.22,data_modification
1130,PACS,prescriptions,SF,610,6246,1,3,0,1,12,58,0.37,0.15,data_modification
2910,PACS,billing,SF,9341,2889,0,4,1,0,12,68,0.3,0.54,policy_violation
2194,PACS,lab_results,SF,1193,3455,0,1,0,0,10,42,0.08,0.64,normal
2959,PACS,prescriptions,SF,1793,5546,1,2,1,0,7,79,0.98,0.39,policy_violation
3435,PACS,billing,REJ,5868,1620,1,5,1,0,4,62,0.91,0.35,audit_log_tampering
2068,PACS,billing,SF,1163,1623,1,2,0,0,16,17,0.82,0.23,policy_violation
2494,HL7_API,radiology,S0,7751,5722,1,0,0,0,19,85,0.89,0.2,normal
1631,HL7_API,prescriptions,REJ,1315,7510,1,3,0,0,5,53,0.67,0.42,privilege_misuse
329,PACS,patient_records,S0,589,1902,1,5,0,0,3,81,0.43,0.84,credential_sharing
575,PACS,prescriptions,S0,2798,124,1,3,0,0,14,61,0.35,0.7,credential_sharing
3328,HL7_API,radiology,S0,9464,5956,0,1,1,1,4,22,0.44,0.71,policy_violation
1210,EHR,lab_results,S0,4111,5073,1,2,0,0,9,8,0.93,0.96,audit_log_tampering
1615,HL7_API,lab_results,SF,3680,1421,1,2,1,1,7,63,0.22,0.43,policy_violation
1129,EHR,patient_records,S0,2840,6726,1,2,0,1,1,83,0.1,0.34,data_modification
2857,EHR,billing,SF,7204,3819,0,2,1,1,4,9,0.99,0.1,data_modification
605,PACS,billing,S0,9705,4960,1,3,1,1,0,27,0.55,0.21,unauthorized_access
3200,HL7_API,patient_records,SF,999,4646,1,1,1,0,12,67,0.53,0.7,credential_sharing
1288,HL7_API,lab_results,REJ,691,3415,0,4,0,0,20,27,0.56,0.76,privilege_misuse
2203,PACS,radiology,S0,2412,3594,1,4,0,0,17,18,0.32,0.73,unauthorized_access
799,PACS,lab_results,S0,3130,4499,0,0,0,0,10,60,0.94,0.47,normal
1502,PACS,lab_results,REJ,627,4746,0,3,1,1,2,99,0.4,0.62,policy_violation
2444,EHR,lab_results,SF,3515,73,1,1,0,0,13,89,0.17,0.59,data_modification
372,HL7_API,billing,S0,8707,7446,1,1,0,1,5,7,0.88,0.22,policy_violation
2248,PACS,radiology,REJ,2901,2471,0,4,0,1,12,18,0.06,0.44,insider_data_leakage
2806,EHR,prescriptions,REJ,3405,7882,0,1,0,1,19,96,0.59,0.85,privilege_misuse
2386,EHR,prescriptions,SF,7880,1191,0,3,1,1,6,84,0.35,0.31,credential_sharing
1627,EHR,billing,REJ,5177,1631,1,3,1,1,12,12,0.1,0.18,policy_violation
1410,PACS,radiology,REJ,2305,7306,1,5,0,1,7,41,0.0,0.91,unauthorized_access
2659,EHR,patient_records,S0,801,4596,1,3,1,1,0,2,0.93,0.88,audit_log_tampering
1961,HL7_API,billing,S0,2436,3692,0,4,0,1,8,2,0.16,0.22,data_modification
785,PACS,radiology,S0,6699,532,0,1,0,0,6,37,0.37,0.95,normal
582,PACS,patient_records,SF,2864,1003,0,2,1,0,20,33,0.38,0.38,policy_violation
267,EHR,lab_results,REJ,5602,6060,0,3,1,0,16,76,0.94,0.51,insider_data_leakage
65,EHR,prescriptions,S0,9342,4443,1,5,1,0,9,11,0.04,0.27,privilege_misuse
1469,HL7_API,radiology,SF,2456,7199,0,2,0,1,16,95,0.04,0.14,privilege_misuse
174,PACS,radiology,SF,1974,6501,1,1,0,0,6,38,0.36,0.08,normal
2765,HL7_API,billing,REJ,5547,193,1,3,0,0,8,2,0.5,0.4,insider_data_leakage
2369,HL7_API,patient_records,REJ,9383,2930,0,1,0,1,7,12,0.68,0.17,audit_log_tampering
1260,EHR,prescriptions,SF,3244,249,1,0,0,0,20,8,0.69,0.08,normal
526,EHR,lab_results,SF,6205,4663,0,5,1,0,8,23,0.27,0.94,unauthorized_access
65,PACS,radiology,S0,4683,2248,1,1,0,0,13,76,0.74,0.15,unauthorized_access
517,PACS,radiology,S0,3776,47,1,1,1,0,3,76,0.48,0.45,policy_violation
1896,PACS,billing,S0,5630,4653,1,0,0,0,13,43,0.03,0.29,normal
452,EHR,lab_results,REJ,2441,6794,1,4,0,1,14,17,0.96,0.4,credential_sharing
2366,HL7_API,radiology,SF,4984,4949,0,2,0,0,8,49,0.95,0.35,privilege_misuse
1950,PACS,radiology,REJ,2648,3801,1,1,1,1,4,60,0.32,0.16,insider_data_leakage
992,HL7_API,lab_results,REJ,8724,1352,1,5,1,0,5,70,0.82,0.07,policy_violation
881,HL7_API,billing,SF,833,3982,1,3,0,1,6,99,0.89,0.52,privilege_misuse
1825,EHR,billing,S0,1321,2312,1,1,1,1,17,3,0.09,0.49,policy_violation
2500,HL7_API,prescriptions,SF,973,3907,0,5,1,0,18,90,0.34,0.73,privilege_misuse
2538,HL7_API,lab_results,S0,4175,4461,0,1,0,0,13,50,0.27,0.22,normal
589,PACS,lab_results,SF,1068,5436,1,1,0,0,0,18,0.6,0.65,data_modification
3566,PACS,lab_results,REJ,9069,5280,0,0,0,0,17,81,0.24,0.93,normal
3397,HL7_API,lab_results,REJ,495,2604,1,4,0,0,6,40,0.94,0.4,data_modification
2672,EHR,prescriptions,S0,8903,2867,0,4,0,1,13,18,0.52,0.69,privilege_misuse
2118,HL7_API,radiology,SF,2580,4728,1,3,0,1,19,56,0.14,0.21,audit_log_tampering
3479,HL7_API,radiology,REJ,2583,4098,0,1,1,1,8,66,0.41,0.46,unauthorized_access
156,HL7_API,patient_records,SF,8921,6022,1,4,0,1,4,13,0.63,0.95,insider_data_leakage
2264,PACS,radiology,REJ,2091,4134,0,4,1,0,5,97,0.28,0.32,data_modification
2009,PACS,lab_results,REJ,296,7255,1,5,1,0,18,37,0.64,0.52,policy_violation
3162,EHR,lab_results,SF,6013,3809,0,4,0,0,9,86,0.19,0.12,unauthorized_access
250,EHR,lab_results,S0,8561,4037,0,2,0,0,10,44,0.56,0.18,credential_sharing
422,EHR,patient_records,SF,9179,678,0,4,1,0,11,9,0.34,0.94,insider_data_leakage
3563,PACS,prescriptions,S0,8705,2661,1,4,0,1,15,29,0.36,0.92,unauthorized_access
2122,HL7_API,prescriptions,S0,2834,6165,0,4,1,0,13,18,0.96,0.6,data_modification
1316,HL7_API,patient_records,S0,3351,2158,1,4,0,0,18,40,0.86,0.01,unauthorized_access
2110,PACS,billing,REJ,5350,7213,0,4,0,1,15,30,0.03,0.82,data_modification
3168,HL7_API,lab_results,SF,9462,3241,0,3,0,1,0,35,0.88,0.02,insider_data_leakage
2633,PACS,radiology,S0,1664,2661,0,3,0,0,18,98,0.97,0.58,unauthorized_access
408,PACS,lab_results,S0,8297,1415,1,2,0,1,20,12,0.19,0.43,audit_log_tampering
732,HL7_API,lab_results,SF,6658,6254,0,2,0,1,10,39,0.44,0.54,audit_log_tampering
1045,PACS,billing,SF,4570,804,1,5,0,0,17,43,0.23,0.69,credential_sharing
348,PACS,prescriptions,REJ,9878,5573,1,4,0,0,20,95,0.39,0.76,data_modification
306,EHR,lab_results,REJ,380,5167,1,1,1,1,6,42,0.18,0.32,insider_data_leakage
85,EHR,billing,REJ,9473,7825,1,5,1,1,8,41,0.77,1.0,data_modification
298,PACS,billing,REJ,3268,4840,0,5,0,0,8,8,0.96,0.53,privilege_misuse
1536,EHR,patient_records,REJ,8410,321,1,1,1,0,17,38,0.84,0.61,credential_sharing
825,HL7_API,prescriptions,SF,5492,678,1,1,0,0,16,23,0.92,0.61,unauthorized_access
2511,EHR,radiology,SF,3012,5715,0,4,1,0,13,15,0.88,0.66,insider_data_leakage
452,PACS,patient_records,SF,228,5026,0,4,1,0,10,92,0.55,0.92,unauthorized_access
484,HL7_API,prescriptions,S0,6280,2408,1,3,0,1,17,40,0.3,0.79,data_modification
1676,HL7_API,billing,SF,1779,7739,0,1,1,0,7,68,0.59,0.57,insider_data_leakage
390,HL7_API,billing,SF,4434,2560,1,3,0,1,19,16,0.74,0.38,credential_sharing
333,PACS,lab_results,S0,1695,2884,0,3,0,1,5,57,0.39,0.4,audit_log_tampering
1132,HL7_API,radiology,REJ,5932,2709,0,5,0,0,0,49,0.13,0.32,policy_violation
2234,EHR,radiology,S0,311,1613,0,5,0,1,4,20,0.46,0.88,unauthorized_access
372,EHR,lab_results,S0,3765,4832,1,4,1,1,14,66,0.35,0.8,policy_violation
907,PACS,radiology,SF,7920,3703,0,5,1,1,1,14,0.97,0.39,privilege_misuse
1395,PACS,patient_records,REJ,7049,6817,1,1,0,1,6,64,0.19,0.79,credential_sharing
447,PACS,radiology,REJ,4228,4477,1,3,0,1,8,1,0.11,0.62,credential_sharing
987,PACS,lab_results,SF,5244,7655,1,1,0,0,2,81,0.62,0.62,insider_data_leakage
2530,HL7_API,lab_results,REJ,4486,2377,0,3,1,1,6,24,0.69,0.5,privilege_misuse
1388,PACS,radiology,SF,9361,2667,0,4,1,1,6,57,0.66,0.67,privilege_misuse
1519,HL7_API,patient_records,S0,5610,6561,1,2,1,0,1,36,0.58,0.65,credential_sharing
1651,PACS,lab_results,S0,7464,6849,1,0,0,0,17,75,0.33,0.17,normal
2064,HL7_API,lab_results,SF,9648,223,1,5,1,0,6,68,0.63,0.76,data_modification
2431,EHR,billing,SF,8846,5244,0,1,1,1,6,72,0.18,0.51,credential_sharing
344,EHR,patient_records,SF,9468,7701,1,2,0,1,13,56,0.54,0.58,audit_log_tampering
3053,PACS,billing,S0,4944,7399,0,3,0,0,13,57,0.26,0.57,data_modification
281,HL7_API,radiology,SF,5728,158,1,1,0,0,11,5,0.16,0.09,credential_sharing
1237,HL7_API,prescriptions,REJ,318,6703,1,5,0,1,6,23,0.52,0.81,data_modification
221,EHR,radiology,S0,1624,648,1,5,1,1,15,67,0.99,0.9,unauthorized_access
2058,HL7_API,radiology,SF,6073,3714,0,5,0,0,14,61,0.28,0.72,audit_log_tampering
1045,PACS,lab_results,SF,3343,7040,1,2,0,0,18,35,0.41,0.52,privilege_misuse
2339,PACS,billing,SF,9825,6307,0,3,0,1,10,63,0.24,0.4,audit_log_tampering
385,HL7_API,billing,S0,616,833,0,5,1,0,1,26,0.85,0.73,unauthorized_access
2524,PACS,patient_records,REJ,8905,7555,0,4,1,0,13,76,0.02,0.25,insider_data_leakage
788,EHR,prescriptions,REJ,5324,708,0,1,0,0,17,32,0.73,0.83,normal
1581,PACS,lab_results,S0,5682,4884,0,2,1,1,19,41,0.24,0.89,privilege_misuse
1765,PACS,radiology,S0,4018,2215,0,2,1,0,2,4,0.95,0.26,unauthorized_access
1042,EHR,billing,S0,8936,1015,1,3,0,0,3,84,0.79,0.61,insider_data_leakage
3440,PACS,radiology,SF,9938,7024,0,4,0,1,11,69,0.75,0.4,insider_data_leakage
2245,PACS,radiology,S0,7209,2612,1,5,1,1,1,48,0.88,0.3,credential_sharing
3208,HL7_API,billing,S0,9721,2583,1,0,0,0,11,62,0.45,0.32,normal
1782,EHR,radiology,SF,711,2340,1,1,0,0,17,96,0.83,0.69,privilege_misuse
1160,PACS,billing,REJ,6181,5747,1,3,1,0,20,47,0.98,0.13,privilege_misuse
1299,PACS,lab_results,REJ,5815,3564,0,2,0,0,13,9,0.6,0.96,privilege_misuse
2211,EHR,prescriptions,REJ,6668,5209,0,5,0,0,11,38,0.53,0.25,policy_violation
3165,HL7_API,prescriptions,REJ,2434,7665,0,5,1,1,1,97,0.22,0.27,insider_data_leakage
870,EHR,patient_records,REJ,1513,5026,0,3,1,0,14,100,0.21,0.38,audit_log_tampering
3045,PACS,billing,S0,5874,4878,1,4,1,0,17,54,0.83,0.81,privilege_misuse
2816,HL7_API,lab_results,S0,2915,5001,1,1,0,0,17,7,0.44,0.28,normal
2161,PACS,billing,S0,5135,1655,1,2,1,1,6,37,0.96,0.46,privilege_misuse
1022,PACS,patient_records,SF,374,1054,0,4,1,0,13,57,0.04,0.09,data_modification
1681,EHR,billing,REJ,2304,7746,1,3,0,0,14,58,0.71,0.85,audit_log_tampering
2807,EHR,lab_results,S0,6856,2050,0,2,0,0,3,91,0.9,0.75,unauthorized_access
2009,HL7_API,radiology,S0,522,5340,0,0,0,0,18,36,0.87,0.76,normal
3116,HL7_API,prescriptions,S0,5171,6184,1,4,0,1,3,85,0.76,0.08,unauthorized_access
2257,EHR,lab_results,SF,5632,6199,1,2,1,1,20,58,0.77,0.65,privilege_misuse
3521,PACS,radiology,REJ,1780,2242,1,3,1,0,0,37,0.33,0.9,insider_data_leakage
1540,HL7_API,radiology,S0,9070,3872,1,2,1,1,12,22,0.05,0.75,data_modification
170,EHR,billing,REJ,2002,920,1,3,0,1,17,82,0.73,0.64,audit_log_tampering
3545,HL7_API,patient_records,SF,969,5734,1,1,0,0,16,49,0.62,0.61,normal
745,EHR,lab_results,SF,6778,5357,0,1,0,1,17,20,0.27,0.69,unauthorized_access
813,EHR,radiology,SF,9638,3861,0,3,1,1,8,81,0.83,0.84,insider_data_leakage
886,PACS,lab_results,SF,6106,2727,0,1,0,0,7,11,0.22,0.44,normal
3387,PACS,lab_results,SF,1702,1190,0,2,1,1,9,92,0.55,0.85,audit_log_tampering
774,PACS,prescriptions,REJ,8325,1330,0,1,0,1,1,5,0.43,0.84,data_modification
1055,PACS,billing,S0,3107,2954,1,1,1,1,4,55,0.61,0.06,data_modification
3332,EHR,prescriptions,REJ,5914,1804,1,1,0,0,11,85,0.77,0.37,normal
1611,EHR,prescriptions,SF,2768,3636,1,5,0,1,8,3,0.6,0.94,credential_sharing
2645,EHR,radiology,SF,1209,1223,0,0,0,0,19,28,0.27,0.3,normal
2676,EHR,billing,S0,5327,3856,1,1,0,0,16,65,0.85,0.36,data_modification
120,EHR,lab_results,SF,7681,1298,0,0,0,0,14,36,0.15,0.58,normal
2820,EHR,billing,SF,296,3175,0,3,0,1,0,97,0.35,0.98,credential_sharing
3286,PACS,prescriptions,SF,3154,228,0,4,1,1,5,58,0.35,0.92,data_modification
3586,EHR,billing,REJ,1008,7911,0,2,0,1,9,82,0.7,0.63,audit_log_tampering
660,HL7_API,prescriptions,REJ,3082,6274,1,1,0,0,8,34,0.48,0.84,normal
3123,HL7_API,lab_results,REJ,4019,4533,1,4,0,0,0,18,0.26,0.92,audit_log_tampering
3575,PACS,radiology,REJ,6899,1592,1,2,0,1,3,44,0.07,0.62,audit_log_tampering
496,PACS,patient_records,S0,5283,5597,1,3,1,0,9,59,0.49,0.77,data_modification
1643,PACS,lab_results,SF,9982,4974,1,2,1,0,7,64,0.58,0.61,audit_log_tampering
1650,PACS,patient_records,SF,4600,6101,1,5,1,0,19,68,0.83,0.3,data_modification
1235,HL7_API,radiology,SF,7239,2941,0,1,0,0,17,70,0.77,0.09,normal
685,PACS,lab_results,REJ,8941,5758,0,2,1,0,0,47,0.98,0.17,unauthorized_access
3305,HL7_API,prescriptions,REJ,819,6899,1,2,0,1,20,8,0.08,0.0,privilege_misuse
210,PACS,billing,REJ,7545,1071,1,0,0,0,16,74,0.65,0.44,normal
2065,HL7_API,lab_results,S0,1811,2454,1,4,0,1,19,48,0.55,0.18,credential_sharing
440,PACS,patient_records,REJ,5009,6159,0,4,1,1,6,66,0.27,0.46,policy_violation
1719,PACS,patient_records,REJ,4267,2314,1,2,1,1,5,87,0.91,0.61,policy_violation
851,PACS,patient_records,S0,1318,1552,0,1,1,0,9,99,0.19,0.0,audit_log_tampering
2882,HL7_API,lab_results,REJ,9857,5373,1,5,1,1,8,54,0.51,0.19,unauthorized_access
1768,HL7_API,prescriptions,REJ,698,1736,0,4,0,0,2,31,0.71,0.36,insider_data_leakage
681,PACS,billing,SF,8028,4785,0,5,1,1,8,21,0.97,0.53,unauthorized_access
1734,PACS,patient_records,SF,665,942,1,0,0,0,18,4,0.38,0.37,normal
2381,EHR,patient_records,S0,816,5182,1,3,1,1,14,2,0.89,0.9,privilege_misuse
568,EHR,patient_records,SF,8458,7238,0,2,0,1,13,37,0.55,0.02,privilege_misuse
3522,EHR,lab_results,SF,7421,1538,1,1,1,1,17,18,0.03,0.86,data_modification
1578,PACS,billing,REJ,9293,4115,0,4,0,1,11,39,0.37,0.27,insider_data_leakage
192,HL7_API,lab_results,SF,4927,3698,1,2,1,0,14,19,0.51,0.81,privilege_misuse
3369,PACS,prescriptions,REJ,318,1985,1,1,0,0,11,4,0.19,0.15,normal
424,HL7_API,billing,SF,8243,4318,0,0,0,0,8,52,0.41,0.66,normal
3198,HL7_API,billing,SF,1759,7525,1,2,0,0,6,99,0.34,0.28,audit_log_tampering
826,HL7_API,prescriptions,REJ,4527,1816,1,3,1,0,19,15,0.25,0.41,policy_violation
265,HL7_API,radiology,REJ,2027,3161,1,2,0,1,12,73,0.63,0.14,privilege_misuse
37,PACS,prescriptions,REJ,2535,3230,1,2,0,1,8,94,0.2,0.82,credential_sharing
1365,PACS,patient_records,SF,9105,5588,0,4,0,0,6,71,0.63,0.95,data_modification
880,HL7_API,prescriptions,SF,2599,819,1,5,1,1,16,40,0.08,0.78,privilege_misuse
3015,PACS,prescriptions,SF,4062,5799,0,5,0,1,8,19,0.91,0.75,data_modification
614,EHR,billing,REJ,8980,2844,0,4,1,1,18,70,0.12,0.58,policy_violation
802,PACS,patient_records,S0,5186,2062,1,2,0,1,9,38,0.38,0.55,audit_log_tampering
209,EHR,lab_results,S0,5663,6230,0,4,1,1,12,62,0.94,0.95,unauthorized_access
1238,PACS,prescriptions,REJ,6698,2708,1,1,1,1,9,12,0.23,0.17,unauthorized_access
2237,HL7_API,patient_records,REJ,7624,1299,0,5,1,1,8,38,0.76,0.18,privilege_misuse
274,PACS,radiology,S0,2881,3494,1,5,0,1,8,65,0.53,0.39,unauthorized_access
1218,EHR,radiology,REJ,9012,3254,1,5,0,1,3,8,0.33,0.47,policy_violation
3585,HL7_API,lab_results,S0,3628,5216,0,2,1,1,0,29,0.42,0.98,data_modification
3307,PACS,patient_records,SF,6259,4474,1,1,1,0,10,54,0.71,0.19,data_modification
2513,HL7_API,patient_records,REJ,5982,1049,0,4,0,0,7,84,0.52,0.28,audit_log_tampering
28,PACS,patient_records,S0,4939,1218,1,5,1,0,17,12,0.4,0.85,policy_violation
2426,HL7_API,patient_records,REJ,3826,2991,0,3,0,0,11,42,0.22,0.1,credential_sharing
2955,PACS,billing,S0,1203,390,0,1,0,0,18,50,0.2,0.62,unauthorized_access
2807,PACS,radiology,SF,5669,6864,0,1,1,0,5,47,0.95,0.3,policy_violation
410,HL7_API,lab_results,SF,7406,2368,1,5,0,0,11,74,0.42,0.06,audit_log_tampering
1233,PACS,patient_records,S0,9749,6008,1,1,0,0,7,6,0.2,0.63,data_modification
927,HL7_API,lab_results,REJ,3718,1239,1,2,1,0,8,11,0.5,0.4,credential_sharing
2004,EHR,billing,REJ,5289,6376,0,1,1,1,2,88,0.82,0.98,privilege_misuse
486,HL7_API,lab_results,REJ,3118,776,1,1,0,1,2,89,0.23,0.47,insider_data_leakage
1548,HL7_API,patient_records,S0,3080,6350,0,1,0,1,0,85,0.81,0.21,audit_log_tampering
269,HL7_API,patient_records,REJ,7179,3044,1,4,1,0,11,52,0.29,0.27,policy_violation
1484,HL7_API,patient_records,SF,4823,2399,1,5,0,1,12,24,0.77,0.81,privilege_misuse
654,EHR,billing,SF,3937,7876,0,3,0,1,8,89,0.16,0.06,privilege_misuse
1819,EHR,lab_results,REJ,3298,514,0,5,0,0,18,85,0.87,0.27,unauthorized_access
808,PACS,billing,S0,7065,7751,0,2,0,0,3,33,0.48,0.49,data_modification
1462,PACS,billing,S0,1067,921,1,1,0,0,10,88,0.42,0.57,policy_violation
1233,EHR,billing,S0,5687,7867,1,5,1,1,3,74,0.4,0.94,privilege_misuse
1653,HL7_API,patient_records,REJ,3502,5052,0,5,1,0,14,61,0.75,0.95,data_modification
1326,EHR,patient_records,S0,5730,7252,0,4,0,1,19,70,0.93,0.65,credential_sharing
1786,EHR,prescriptions,S0,864,1803,0,1,0,1,10,5,0.6,0.08,privilege_misuse
1512,PACS,radiology,SF,1700,7708,0,2,0,0,19,44,0.5,0.28,insider_data_leakage
714,EHR,billing,REJ,1078,6599,1,2,1,1,19,15,0.06,0.55,audit_log_tampering
2772,PACS,patient_records,S0,7796,1368,0,5,0,0,17,28,0.07,0.72,audit_log_tampering
2792,EHR,radiology,SF,6243,846,1,3,0,1,10,90,0.59,0.46,insider_data_leakage
7,HL7_API,patient_records,S0,1691,4924,1,3,1,1,0,24,0.23,0.66,unauthorized_access
1740,PACS,radiology,REJ,2492,5972,0,2,0,0,15,20,0.72,0.34,credential_sharing
830,HL7_API,lab_results,REJ,7340,4137,1,1,0,0,4,62,0.32,0.89,normal
1810,PACS,patient_records,REJ,834,3937,0,5,0,0,19,17,0.5,0.04,audit_log_tampering
773,PACS,billing,SF,6478,251,1,1,0,0,10,52,0.35,0.9,unauthorized_access
1298,EHR,lab_results,S0,7283,5437,1,2,0,1,8,7,0.46,0.69,privilege_misuse
1968,EHR,radiology,REJ,3228,5534,1,1,1,1,7,17,0.15,0.9,credential_sharing
2515,PACS,billing,REJ,1606,5511,1,0,0,0,15,88,0.1,0.22,normal
7,HL7_API,patient_records,SF,4469,7904,0,2,0,1,1,59,0.37,0.14,data_modification
1204,HL7_API,prescriptions,SF,8617,5812,0,1,0,0,6,21,0.3,0.8,normal
3105,PACS,patient_records,REJ,1572,6085,1,4,1,0,10,99,0.84,0.65,unauthorized_access
201,EHR,lab_results,S0,5293,6725,1,4,1,0,13,97,0.56,0.57,credential_sharing
2645,PACS,patient_records,SF,752,3734,1,2,1,1,13,95,0.9,0.7,unauthorized_access
954,EHR,billing,SF,2041,7106,0,3,1,0,4,4,0.47,0.08,audit_log_tampering
3351,PACS,billing,SF,8739,2856,0,2,1,1,15,53,0.36,0.46,privilege_misuse
905,EHR,radiology,SF,4082,7477,1,1,1,0,8,79,0.98,0.58,credential_sharing
2828,HL7_API,lab_results,REJ,3996,1388,1,1,0,0,13,1,0.38,0.29,normal
3480,PACS,patient_records,S0,1809,7512,0,1,0,1,9,84,0.04,0.12,unauthorized_access
779,HL7_API,prescriptions,SF,6251,4558,1,1,1,0,1,38,0.41,0.23,unauthorized_access
3042,PACS,billing,S0,7213,2226,1,1,1,1,7,75,0.86,0.88,policy_violation
2365,PACS,lab_results,REJ,3994,7515,0,1,0,0,17,14,0.84,0.27,normal
838,PACS,patient_records,REJ,6572,3710,0,5,1,0,16,5,0.65,0.17,data_modification
2959,HL7_API,lab_results,SF,837,4040,1,0,0,0,4,56,0.98,0.45,normal
420,PACS,billing,SF,2047,4866,1,5,1,1,2,60,0.01,0.5,insider_data_leakage
459,PACS,prescriptions,SF,8072,4185,0,2,0,1,15,31,0.7,0.24,unauthorized_access
2863,PACS,patient_records,REJ,9469,5464,1,4,1,0,11,28,0.34,0.54,credential_sharing
674,PACS,lab_results,SF,3348,4185,0,3,1,1,0,31,0.6,0.78,insider_data_leakage
3034,HL7_API,patient_records,REJ,6158,445,0,2,0,0,3,77,0.25,0.39,insider_data_leakage
523,PACS,prescriptions,REJ,8900,7186,0,1,1,0,18,38,0.03,0.96,unauthorized_access
2576,PACS,lab_results,S0,5833,4999,1,4,1,0,11,60,0.28,0.21,policy_violation
756,PACS,patient_records,S0,3753,7334,1,2,0,1,12,70,0.98,0.45,unauthorized_access
2670,HL7_API,radiology,S0,5643,5421,1,4,0,1,4,75,0.07,0.65,audit_log_tampering
2044,PACS,patient_records,SF,3559,3562,0,1,0,0,13,32,0.84,0.59,privilege_misuse
1379,PACS,lab_results,REJ,7318,6303,0,1,0,0,2,41,0.58,0.85,privilege_misuse
3005,HL7_API,patient_records,S0,5695,4670,1,2,0,1,8,40,0.4,0.87,audit_log_tampering
3297,EHR,patient_records,S0,5431,201,0,4,1,0,10,61,0.07,0.94,policy_violation
3368,PACS,prescriptions,SF,3966,5438,1,2,0,0,3,79,0.21,0.89,insider_data_leakage
3302,HL7_API,patient_records,SF,3702,3980,0,5,1,1,6,91,0.54,0.57,credential_sharing
2462,HL7_API,lab_results,SF,2177,3325,1,2,1,1,10,30,0.37,0.54,audit_log_tampering
2511,HL7_API,radiology,SF,2037,6905,0,0,0,0,5,8,0.09,0.49,normal
2790,PACS,lab_results,SF,1508,4855,1,1,0,0,11,11,0.58,0.93,data_modification
3181,HL7_API,billing,S0,2118,6179,1,5,1,0,11,60,0.73,0.01,insider_data_leakage
2434,PACS,patient_records,REJ,3929,5214,1,5,1,0,8,92,0.35,0.09,insider_data_leakage
223,EHR,radiology,REJ,6094,2571,1,4,1,1,17,100,0.26,0.87,unauthorized_access
2763,EHR,patient_records,S0,3664,4733,1,4,0,1,12,77,0.28,0.52,audit_log_tampering
2457,EHR,billing,REJ,7526,1574,0,4,1,1,16,19,0.61,0.34,data_modification
2149,HL7_API,radiology,SF,2777,4370,0,2,1,0,11,42,0.29,0.14,data_modification
428,PACS,lab_results,SF,9418,3577,0,1,1,1,10,49,0.62,0.11,unauthorized_access
707,PACS,prescriptions,SF,8728,3557,1,2,0,0,8,12,0.58,0.89,insider_data_leakage
1932,PACS,radiology,REJ,700,1558,0,5,1,1,17,79,0.84,0.67,policy_violation
1268,EHR,patient_records,REJ,5011,720,1,2,1,0,4,59,0.45,0.04,unauthorized_access
2379,PACS,patient_records,SF,7649,1247,1,1,1,0,2,2,0.64,0.35,insider_data_leakage
386,EHR,lab_results,SF,7778,3956,1,1,0,1,4,57,0.19,0.37,audit_log_tampering
1133,HL7_API,lab_results,S0,5317,7033,0,4,0,1,16,62,0.01,0.69,insider_data_leakage
2260,EHR,lab_results,S0,2787,1670,0,3,0,0,15,94,0.85,0.1,credential_sharing
1840,EHR,radiology,S0,8304,1255,1,2,0,1,14,39,0.87,0.62,data_modification
2981,PACS,prescriptions,S0,7426,3137,1,5,0,1,4,32,0.64,0.57,policy_violation
963,HL7_API,radiology,REJ,6069,3651,0,5,0,0,13,91,0.4,0.53,unauthorized_access
2002,HL7_API,prescriptions,SF,1852,5669,1,3,1,0,5,59,0.07,0.06,policy_violation
1544,EHR,prescriptions,SF,9178,3684,0,1,0,0,5,82,0.7,0.88,insider_data_leakage
279,HL7_API,lab_results,REJ,9892,4129,1,4,1,1,3,2,0.82,0.68,policy_violation
70,EHR,prescriptions,REJ,5537,5705,0,4,0,0,18,100,0.02,0.81,unauthorized_access
211,HL7_API,lab_results,SF,5393,2877,1,1,1,0,20,80,0.75,0.78,insider_data_leakage
2136,HL7_API,prescriptions,SF,4956,2044,1,1,1,1,13,38,0.72,0.66,insider_data_leakage
3123,PACS,billing,REJ,9955,7805,1,0,0,0,6,84,0.39,0.63,normal
1371,PACS,billing,S0,7453,6801,0,2,1,1,2,19,0.72,0.44,data_modification
1450,PACS,lab_results,SF,8042,1526,0,3,1,0,18,94,0.79,0.79,insider_data_leakage
1868,EHR,patient_records,S0,9825,7011,1,0,0,0,0,8,0.44,0.01,normal
522,PACS,radiology,REJ,7074,5576,0,0,0,0,18,38,0.56,0.54,normal
359,PACS,prescriptions,REJ,7152,935,1,4,1,0,4,24,0.86,1.0,audit_log_tampering
2857,PACS,radiology,SF,8298,2272,1,1,0,1,4,18,0.49,0.35,data_modification
90,EHR,radiology,S0,9354,7078,0,2,0,0,2,20,0.29,0.27,audit_log_tampering
1022,PACS,patient_records,REJ,3080,1851,0,1,1,1,7,82,0.75,0.21,audit_log_tampering
2843,PACS,lab_results,SF,3385,5289,1,5,0,1,16,42,0.15,0.77,data_modification
1281,EHR,radiology,SF,4952,6431,0,4,0,0,0,47,0.47,0.52,audit_log_tampering
1380,HL7_API,billing,SF,778,4974,0,4,0,0,4,29,0.33,0.84,unauthorized_access
2396,EHR,billing,REJ,7738,6045,0,1,0,0,15,72,0.44,0.53,normal
537,HL7_API,lab_results,REJ,243,5530,0,2,1,0,1,28,0.32,0.92,privilege_misuse
2127,HL7_API,billing,S0,2553,7568,1,5,1,1,2,32,0.37,0.79,privilege_misuse
1527,PACS,billing,REJ,6189,4728,0,1,0,0,20,25,0.6,0.61,policy_violation
1353,HL7_API,radiology,SF,9106,7459,1,4,0,0,13,64,0.9,0.12,audit_log_tampering
3228,HL7_API,prescriptions,S0,437,285,0,4,0,0,1,8,0.84,0.59,insider_data_leakage
687,PACS,lab_results,REJ,7623,4707,0,0,0,0,0,59,0.4,0.5,normal
1234,HL7_API,radiology,SF,7820,7554,0,3,0,0,17,92,0.15,0.53,insider_data_leakage
2827,EHR,patient_records,SF,1380,1809,1,4,0,1,17,90,0.35,0.8,policy_violation
1974,EHR,patient_records,REJ,6369,5438,0,2,0,1,1,59,0.22,0.37,insider_data_leakage
2247,PACS,patient_records,S0,5258,2193,0,4,1,1,4,47,0.52,0.78,insider_data_leakage
2933,PACS,billing,REJ,2191,6629,0,1,0,0,6,58,0.28,0.51,normal
1478,EHR,lab_results,SF,7062,7492,0,3,0,1,6,66,0.97,0.24,insider_data_leakage
267,HL7_API,patient_records,REJ,9483,4069,1,0,0,0,11,23,0.82,0.35,normal
660,HL7_API,billing,REJ,2183,1301,1,0,0,0,4,53,0.02,0.32,normal
2559,PACS,patient_records,S0,9053,2049,1,5,0,1,9,7,0.94,0.47,privilege_misuse
1826,PACS,prescriptions,SF,4811,6838,0,2,0,1,19,79,0.54,0.44,audit_log_tampering
2066,PACS,radiology,REJ,7934,1941,0,2,1,1,16,93,0.84,0.75,data_modification
1077,PACS,prescriptions,S0,1162,3668,0,4,1,0,0,18,0.56,0.88,data_modification
3281,HL7_API,patient_records,SF,6023,656,0,2,1,1,16,39,0.62,0.56,policy_violation
3245,HL7_API,radiology,REJ,553,3811,1,1,0,0,3,57,0.64,0.22,normal
630,HL7_API,billing,SF,1311,4124,1,3,0,0,0,95,0.26,0.93,unauthorized_access
1807,PACS,lab_results,S0,7455,1558,0,3,1,1,10,82,0.45,0.53,data_modification
1556,EHR,radiology,REJ,3025,6981,1,4,0,1,10,7,0.4,0.56,insider_data_leakage
3587,HL7_API,lab_results,S0,2481,1677,0,2,1,0,20,79,0.35,0.16,unauthorized_access
523,EHR,billing,S0,2508,7634,1,2,0,0,17,80,0.47,0.88,insider_data_leakage
187,HL7_API,prescriptions,REJ,8152,5901,1,5,1,0,12,78,0.7,0.82,insider_data_leakage
271,PACS,lab_results,SF,5904,1385,0,5,1,0,7,56,0.73,0.85,policy_violation
3330,PACS,lab_results,REJ,9438,6430,0,1,1,0,7,95,0.82,0.08,audit_log_tampering
333,EHR,prescriptions,SF,9267,7139,0,1,0,0,2,65,0.7,0.03,credential_sharing
1639,HL7_API,radiology,REJ,9605,4366,0,2,0,1,8,72,0.69,0.03,policy_violation
730,HL7_API,billing,SF,6790,2525,1,2,1,1,1,7,0.19,0.11,data_modification
3329,HL7_API,lab_results,S0,9065,5596,0,4,1,0,15,9,0.43,0.8,credential_sharing
492,EHR,prescriptions,SF,1049,6322,1,2,1,1,19,48,0.04,0.62,privilege_misuse
2014,HL7_API,lab_results,REJ,6656,4090,1,1,1,1,4,72,0.67,0.73,privilege_misuse
1052,EHR,prescriptions,SF,4456,2737,1,5,1,0,0,16,0.48,0.38,policy_violation
1959,PACS,prescriptions,S0,4533,4841,1,3,0,0,16,22,0.63,0.44,credential_sharing
3340,EHR,radiology,S0,6164,492,0,3,1,0,3,87,0.68,0.31,audit_log_tampering
2898,PACS,radiology,REJ,6171,1266,1,2,0,0,0,30,0.87,0.28,audit_log_tampering
390,HL7_API,radiology,REJ,447,6226,0,3,0,0,5,51,0.74,0.85,privilege_misuse
864,EHR,billing,SF,1317,822,1,1,0,0,12,57,0.78,0.86,insider_data_leakage
2285,HL7_API,lab_results,REJ,241,3311,1,4,1,1,16,48,0.35,0.53,credential_sharing
965,PACS,patient_records,SF,6588,7720,1,4,1,1,17,31,0.18,0.1,audit_log_tampering
1278,HL7_API,prescriptions,S0,5415,4005,0,4,1,1,6,93,0.38,0.73,unauthorized_access
251,EHR,billing,REJ,4504,3085,1,5,1,1,13,58,0.71,0.27,credential_sharing
3480,HL7_API,lab_results,SF,5787,5280,1,5,1,0,8,8,0.38,0.62,policy_violation
2999,HL7_API,prescriptions,SF,5847,5226,0,5,1,1,12,8,0.23,0.87,credential_sharing
1179,HL7_API,lab_results,S0,3970,4731,0,1,0,1,14,37,0.87,0.37,data_modification
861,PACS,patient_records,REJ,408,5240,1,3,0,0,5,66,0.01,0.32,privilege_misuse
1931,EHR,patient_records,S0,8245,3211,0,4,1,1,7,92,0.31,0.73,policy_violation
3537,EHR,prescriptions,SF,6593,7893,0,2,0,0,5,11,0.13,0.22,data_modification
568,PACS,billing,SF,5185,261,0,5,0,0,16,18,0.34,1.0,unauthorized_access
399,PACS,prescriptions,S0,7372,2568,1,3,1,1,12,80,0.76,0.46,insider_data_leakage
123,PACS,lab_results,SF,251,3788,0,4,0,1,2,46,0.58,0.36,privilege_misuse
2892,PACS,lab_results,REJ,8059,4425,0,0,0,0,10,66,0.93,0.97,normal
929,HL7_API,prescriptions,REJ,9628,6305,1,1,0,0,0,23,0.62,0.61,normal
1276,PACS,prescriptions,REJ,7459,3281,0,1,0,0,20,56,0.01,0.81,normal
3286,EHR,billing,S0,4619,2480,0,4,1,1,16,87,0.22,0.09,unauthorized_access
2746,PACS,lab_results,S0,4569,3712,1,4,1,0,6,18,0.68,0.88,policy_violation
914,EHR,prescriptions,REJ,8980,3595,1,4,1,1,16,44,0.73,0.89,policy_violation
3563,PACS,prescriptions,REJ,5450,4709,1,4,0,1,12,86,0.63,0.92,policy_violation
1828,EHR,patient_records,REJ,5725,4425,1,2,1,1,16,1,0.0,0.25,privilege_misuse
3053,PACS,lab_results,REJ,2317,6402,0,3,1,0,18,100,0.52,0.58,audit_log_tampering
2757,PACS,radiology,REJ,4586,6304,0,4,1,0,2,77,0.59,0.31,insider_data_leakage
995,EHR,lab_results,REJ,5979,2086,1,2,0,1,18,73,0.88,0.9,privilege_misuse
1282,EHR,patient_records,SF,4218,1709,0,1,0,1,9,58,0.83,0.16,unauthorized_access
2731,HL7_API,prescriptions,S0,2698,5357,0,1,1,1,7,92,0.27,0.28,audit_log_tampering
859,EHR,patient_records,SF,9431,4116,0,1,0,1,20,2,0.0,0.44,unauthorized_access
3230,EHR,patient_records,S0,8385,2222,0,4,1,1,11,52,0.5,0.97,policy_violation
3433,HL7_API,billing,SF,9151,5295,0,2,1,1,0,12,0.19,0.54,policy_violation
1735,HL7_API,radiology,SF,8362,853,1,2,0,0,19,45,0.41,0.21,privilege_misuse
3180,HL7_API,radiology,REJ,2368,4566,0,1,0,0,20,77,0.17,0.52,unauthorized_access
1460,HL7_API,radiology,REJ,8252,7739,0,2,0,1,9,79,0.11,0.65,insider_data_leakage
3279,HL7_API,radiology,SF,8166,139,1,0,0,0,17,39,0.04,0.79,normal
2754,EHR,patient_records,SF,3369,2759,1,1,1,1,2,65,0.06,0.11,policy_violation
634,EHR,patient_records,SF,3613,5150,0,3,1,1,10,24,0.6,0.81,audit_log_tampering
1338,PACS,billing,S0,7475,3411,1,1,0,1,12,75,0.75,0.42,data_modification
2724,HL7_API,prescriptions,SF,5150,5438,0,2,0,1,10,45,0.93,0.84,insider_data_leakage
1560,PACS,lab_results,REJ,5413,4999,0,1,0,0,16,8,0.56,0.38,normal
1164,HL7_API,patient_records,REJ,8858,964,1,0,0,0,6,62,0.43,0.96,normal
1607,HL7_API,lab_results,REJ,5560,8000,1,5,1,1,5,99,0.66,0.91,audit_log_tampering
1708,HL7_API,lab_results,REJ,3405,4234,0,1,0,0,3,69,0.0,0.88,unauthorized_access
3270,HL7_API,prescriptions,SF,8042,5890,0,5,0,1,16,12,0.1,0.24,unauthorized_access
1658,PACS,radiology,SF,3239,2376,1,5,0,1,17,78,0.16,0.32,insider_data_leakage
2103,HL7_API,radiology,S0,5974,5543,1,2,0,0,17,50,0.95,0.91,privilege_misuse
2799,PACS,radiology,S0,2246,7509,1,2,0,0,7,15,0.78,0.63,data_modification
387,HL7_API,patient_records,REJ,4091,844,0,1,0,0,17,80,0.09,0.18,privilege_misuse
2744,EHR,patient_records,REJ,6733,4219,0,5,0,1,17,16,0.74,0.06,unauthorized_access
1155,PACS,billing,REJ,488,3269,0,1,1,1,17,12,0.64,0.15,privilege_misuse
1243,EHR,prescriptions,SF,3380,964,1,4,1,1,16,49,0.84,0.02,privilege_misuse
2551,PACS,radiology,REJ,8348,5316,0,1,1,1,6,42,0.48,0.28,audit_log_tampering
147,HL7_API,billing,REJ,7323,4679,0,2,1,1,1,28,0.68,0.77,privilege_misuse
3556,PACS,patient_records,REJ,2548,1759,1,2,0,0,12,48,0.52,0.34,privilege_misuse
1725,PACS,radiology,REJ,7651,6129,0,0,0,0,3,11,0.83,0.06,normal
3591,PACS,patient_records,S0,4680,5843,0,2,0,1,15,51,0.73,0.6,data_modification
1326,PACS,billing,SF,1655,5401,1,4,0,0,6,39,0.9,0.36,insider_data_leakage
3587,EHR,prescriptions,S0,5034,2188,0,1,1,1,3,91,0.41,0.81,data_modification
1748,PACS,patient_records,S0,6466,245,0,1,0,0,16,41,0.55,0.78,data_modification
1459,PACS,radiology,REJ,8771,7588,0,1,0,1,20,15,0.5,0.78,audit_log_tampering
1257,HL7_API,billing,S0,6674,4729,0,2,0,1,11,85,0.58,0.93,data_modification
3477,PACS,patient_records,SF,8627,3696,1,5,1,0,20,73,0.66,0.51,credential_sharing
456,PACS,radiology,SF,3204,7505,0,5,1,0,17,19,0.61,0.32,data_modification
2968,PACS,patient_records,S0,2665,3038,1,5,0,1,8,66,0.51,0.27,insider_data_leakage
2940,EHR,billing,S0,2694,5853,1,5,0,1,4,35,0.14,0.87,insider_data_leakage
3500,HL7_API,prescriptions,SF,2356,7517,1,2,0,0,17,13,0.4,0.64,privilege_misuse
2454,EHR,prescriptions,S0,735,7934,1,2,1,1,0,26,0.19,0.49,audit_log_tampering
2477,HL7_API,patient_records,REJ,6256,3463,1,1,0,0,18,78,0.55,0.16,normal
1896,HL7_API,prescriptions,REJ,799,2114,1,3,0,1,10,48,0.23,0.59,privilege_misuse
1800,PACS,patient_records,S0,1080,7440,1,2,1,1,1,73,0.06,0.81,policy_violation
2241,HL7_API,radiology,REJ,2373,2322,1,1,0,1,9,67,0.98,0.62,policy_violation
2156,HL7_API,radiology,REJ,3448,7607,1,0,0,0,7,77,0.31,0.89,normal
2221,EHR,prescriptions,SF,7045,801,1,2,1,0,19,75,0.53,0.26,credential_sharing
1021,EHR,billing,REJ,5613,1504,1,4,1,1,10,61,0.32,0.55,data_modification
1406,PACS,prescriptions,REJ,2787,513,1,2,0,1,14,51,0.34,0.73,data_modification
1021,PACS,billing,SF,3716,3654,1,2,0,0,0,53,0.03,0.47,data_modification
2057,HL7_API,patient_records,REJ,595,6098,0,1,0,0,7,24,0.54,0.19,normal
573,HL7_API,radiology,S0,6381,4420,0,3,1,1,19,76,0.83,0.54,data_modification
2840,PACS,patient_records,SF,4473,3868,1,0,0,0,13,99,0.31,0.97,normal
3094,HL7_API,prescriptions,REJ,2810,2448,0,1,0,1,19,33,0.04,0.39,policy_violation
3444,EHR,lab_results,SF,8796,48,0,1,1,0,14,53,0.96,0.37,credential_sharing
2124,HL7_API,billing,REJ,4410,1241,0,1,0,0,14,73,0.22,0.05,normal
445,EHR,billing,S0,621,7244,0,2,0,1,13,72,0.07,0.91,unauthorized_access
894,EHR,lab_results,REJ,1596,2302,0,4,1,1,6,34,0.64,0.55,data_modification
2868,HL7_API,patient_records,SF,9452,1009,0,1,1,0,14,98,0.35,0.67,insider_data_leakage
942,EHR,radiology,REJ,9536,1665,0,5,1,0,5,23,0.56,0.56,audit_log_tampering
1179,PACS,billing,REJ,1416,2583,1,5,1,1,7,54,0.99,0.49,unauthorized_access
2450,EHR,radiology,S0,9096,7671,0,4,1,0,7,62,0.11,0.16,audit_log_tampering
150,EHR,patient_records,REJ,6306,3454,1,2,1,1,8,74,0.87,0.66,credential_sharing
1731,EHR,billing,SF,1132,4022,1,3,0,1,6,90,0.21,0.53,insider_data_leakage
1873,PACS,billing,REJ,7881,2948,1,4,0,1,11,31,0.29,0.23,data_modification
2492,EHR,prescriptions,S0,990,5654,0,3,1,0,12,21,0.7,0.6,insider_data_leakage
3092,EHR,prescriptions,S0,7519,7332,1,1,0,0,20,41,0.22,0.36,normal
2717,PACS,prescriptions,REJ,1861,1925,1,4,1,0,17,45,0.28,0.68,policy_violation
2336,HL7_API,radiology,SF,5209,2061,0,1,1,1,5,44,0.76,0.06,privilege_misuse
2123,EHR,lab_results,REJ,4343,2068,1,4,1,0,8,5,0.27,0.94,privilege_misuse
2748,PACS,radiology,SF,2593,2922,1,2,0,1,7,61,0.87,0.68,data_modification
2865,PACS,billing,S0,4071,1878,1,4,0,1,15,25,0.23,0.72,audit_log_tampering
962,HL7_API,billing,S0,2780,859,1,1,1,0,14,71,0.8,0.18,privilege_misuse
2369,EHR,billing,S0,1262,314,0,4,0,0,13,5,0.4,0.02,policy_violation
966,HL7_API,radiology,S0,7437,520,0,4,0,0,5,67,0.29,0.23,audit_log_tampering
2704,PACS,prescriptions,REJ,8477,564,1,2,0,1,10,89,0.11,0.09,privilege_misuse
2414,EHR,lab_results,S0,7914,5962,0,1,0,0,5,16,0.82,0.19,normal
2389,PACS,billing,SF,752,6634,1,0,0,0,8,48,0.88,0.65,normal
2132,HL7_API,radiology,REJ,5633,1062,0,1,0,0,2,69,1.0,0.98,normal
91,PACS,lab_results,REJ,5028,2493,0,2,1,0,8,96,0.25,0.9,credential_sharing
2674,HL7_API,radiology,REJ,7729,5628,0,5,0,1,0,41,0.48,0.99,insider_data_leakage
2447,HL7_API,billing,REJ,6745,4923,1,1,0,0,18,88,0.36,0.35,normal
1770,EHR,patient_records,S0,4755,7188,1,0,0,0,20,58,0.33,0.98,normal
2759,HL7_API,billing,SF,2566,5274,0,5,0,1,4,13,0.07,0.77,insider_data_leakage
1354,EHR,patient_records,SF,1757,3164,0,4,1,1,1,42,0.76,0.44,data_modification
625,EHR,lab_results,REJ,3266,6278,1,2,0,0,12,89,0.63,0.77,audit_log_tampering
2352,EHR,prescriptions,S0,2726,6237,0,1,0,0,2,31,0.63,0.64,normal
3236,PACS,radiology,SF,2626,721,0,4,1,1,3,46,0.68,0.25,privilege_misuse
1588,EHR,billing,SF,3512,1429,1,3,1,0,0,4,0.22,0.89,credential_sharing
2912,PACS,patient_records,SF,5426,635,0,1,0,0,17,51,0.68,0.23,normal
1706,PACS,prescriptions,SF,4912,510,0,5,0,1,18,6,0.41,0.28,privilege_misuse
321,EHR,radiology,REJ,2286,7497,0,0,0,0,1,62,0.04,0.46,normal
337,EHR,radiology,SF,6261,7184,1,1,0,1,17,28,0.99,0.75,insider_data_leakage
40,EHR,billing,S0,3282,5062,0,5,0,1,12,81,0.72,0.58,data_modification
2304,HL7_API,prescriptions,S0,4482,3256,0,3,0,0,5,35,0.45,0.44,privilege_misuse
2994,EHR,billing,SF,6547,401,0,4,1,0,8,68,0.62,0.51,privilege_misuse
3443,HL7_API,lab_results,SF,8883,3118,1,3,0,1,19,49,0.11,0.08,data_modification
1841,PACS,billing,REJ,9615,5379,0,0,0,0,2,70,0.33,0.98,normal
2389,EHR,billing,S0,9304,7118,1,1,1,1,1,34,0.74,0.96,data_modification
2766,HL7_API,radiology,SF,8463,1837,1,1,0,1,6,66,0.95,0.99,privilege_misuse
2030,PACS,prescriptions,SF,6209,2862,1,3,1,0,14,96,0.32,0.51,privilege_misuse
3275,HL7_API,billing,S0,3584,4707,1,2,0,0,1,57,0.51,0.62,credential_sharing
997,EHR,patient_records,S0,2415,6617,0,1,1,0,7,38,0.63,0.47,privilege_misuse
2781,EHR,radiology,S0,971,2037,1,3,1,0,18,18,0.55,0.3,policy_violation
1092,PACS,lab_results,REJ,5280,2242,0,4,0,0,18,59,0.57,0.36,policy_violation
311,EHR,prescriptions,S0,5254,1307,1,3,0,1,16,42,0.54,0.84,unauthorized_access
188,PACS,patient_records,SF,9408,5044,0,1,1,1,9,77,0.67,0.37,policy_violation
3015,EHR,prescriptions,S0,8803,7060,1,5,0,0,10,20,0.06,0.31,credential_sharing
2150,PACS,prescriptions,SF,6926,7080,0,5,0,0,14,89,0.59,0.61,policy_violation
109,HL7_API,radiology,SF,9426,7577,0,1,1,1,0,83,0.68,0.71,data_modification
2594,PACS,billing,S0,823,6969,1,1,1,0,11,99,0.2,0.12,insider_data_leakage
597,EHR,radiology,SF,2850,586,0,2,0,0,17,66,0.44,0.29,audit_log_tampering
1471,EHR,prescriptions,REJ,7344,1714,0,0,0,0,8,8,0.19,0.88,normal
2550,PACS,prescriptions,S0,1845,6426,1,0,0,0,11,91,0.17,0.27,normal
39,EHR,billing,REJ,1905,6776,0,2,0,0,9,36,0.54,0.69,audit_log_tampering
2615,PACS,prescriptions,SF,8222,182,0,2,1,0,13,19,0.41,0.95,unauthorized_access
1642,EHR,prescriptions,S0,3716,4196,0,4,0,1,15,12,0.97,0.38,audit_log_tampering
15,EHR,billing,SF,8998,5643,1,4,0,0,10,84,0.27,0.09,data_modification
2172,PACS,prescriptions,REJ,3527,7779,0,5,0,0,2,2,0.95,0.14,data_modification
2582,HL7_API,patient_records,REJ,7937,3852,1,5,0,0,8,33,0.48,0.51,data_modification
731,PACS,patient_records,S0,5896,6936,0,4,1,0,9,1,0.4,0.45,credential_sharing
1253,EHR,radiology,REJ,795,7600,1,3,0,0,5,16,0.6,0.24,unauthorized_access
2851,PACS,prescriptions,REJ,8402,5689,0,1,0,1,6,31,0.19,0.48,data_modification
3084,PACS,prescriptions,S0,2986,1550,1,2,0,1,10,34,0.75,0.15,credential_sharing
1353,HL7_API,prescriptions,REJ,5316,6112,0,5,0,0,9,53,0.42,0.21,privilege_misuse
2534,HL7_API,radiology,SF,2456,965,0,5,1,0,15,12,0.23,0.26,credential_sharing
3311,HL7_API,prescriptions,SF,5239,4064,0,2,1,0,15,88,0.15,0.56,credential_sharing
2300,HL7_API,radiology,S0,5142,7919,0,2,1,1,6,87,0.9,0.38,insider_data_leakage
1103,EHR,radiology,SF,7521,3668,1,3,0,0,0,79,0.18,0.34,policy_violation
3061,HL7_API,patient_records,REJ,4303,6086,0,4,0,0,2,72,0.93,0.64,data_modification
3242,PACS,lab_results,S0,3589,2180,1,2,1,0,6,94,0.27,0.06,audit_log_tampering
570,HL7_API,patient_records,SF,2361,1800,1,0,0,0,7,59,0.33,0.25,normal
2836,PACS,lab_results,S0,7221,4840,0,3,1,1,9,41,0.95,0.79,audit_log_tampering
1792,EHR,billing,S0,1161,6885,1,1,1,0,8,92,0.96,0.28,credential_sharing
2156,PACS,prescriptions,SF,7557,6473,0,3,0,1,16,100,0.95,0.56,privilege_misuse
468,PACS,prescriptions,REJ,3189,1902,1,1,1,1,5,21,0.33,0.95,insider_data_leakage
2352,HL7_API,billing,REJ,5487,3133,1,1,0,0,16,31,0.5,0.22,normal
1480,EHR,radiology,S0,4153,1949,0,3,0,0,11,61,0.93,0.5,unauthorized_access
882,EHR,lab_results,SF,6747,2553,0,0,0,0,14,93,0.53,0.63,normal
1626,HL7_API,lab_results,S0,7031,271,1,1,0,0,11,55,0.55,0.07,normal
994,HL7_API,lab_results,S0,5291,479,1,1,1,0,1,18,0.83,0.16,data_modification
3082,PACS,patient_records,S0,4656,7242,0,1,0,0,9,46,0.88,0.05,credential_sharing
533,PACS,patient_records,REJ,5409,4047,0,5,0,1,6,74,0.81,0.87,privilege_misuse
2788,HL7_API,lab_results,SF,1415,4860,0,5,1,1,8,99,0.7,0.07,data_modification
2104,PACS,prescriptions,REJ,1596,7560,0,5,1,1,5,12,0.39,0.9,audit_log_tampering
3442,EHR,billing,S0,3596,7438,1,2,0,1,16,69,0.54,0.1,audit_log_tampering
2507,HL7_API,patient_records,SF,4990,4759,0,2,0,1,8,33,0.59,0.74,unauthorized_access
1049,EHR,patient_records,SF,1151,2251,0,3,0,0,16,97,0.31,0.53,privilege_misuse
1967,HL7_API,prescriptions,SF,9565,384,0,4,0,0,12,66,0.04,0.78,unauthorized_access
981,EHR,radiology,SF,586,3215,1,1,0,0,3,7,0.11,0.72,audit_log_tampering
3049,PACS,billing,REJ,6230,3795,1,5,1,1,20,47,0.19,0.38,policy_violation
2827,HL7_API,radiology,S0,8317,7373,0,5,0,0,15,36,0.6,0.59,credential_sharing
1821,PACS,prescriptions,SF,8208,3978,0,1,0,0,20,27,0.2,0.56,audit_log_tampering
1195,HL7_API,prescriptions,REJ,7536,1750,1,4,1,1,9,45,0.15,0.17,insider_data_leakage
2143,EHR,lab_results,REJ,6048,777,0,5,1,1,11,36,0.0,0.15,credential_sharing
3328,EHR,billing,REJ,5730,1557,0,2,1,0,1,1,0.54,0.0,unauthorized_access
1680,PACS,patient_records,REJ,5681,2993,1,3,1,0,3,12,0.58,0.71,data_modification
569,HL7_API,billing,SF,7926,121,0,4,1,0,2,85,0.55,0.23,unauthorized_access
276,EHR,radiology,REJ,7374,726,1,1,1,1,2,100,0.73,0.29,credential_sharing
1528,EHR,billing,S0,7547,4704,1,1,0,0,1,100,0.65,0.32,normal
317,PACS,lab_results,SF,6219,5544,1,3,0,1,14,28,0.79,0.78,privilege_misuse
1734,PACS,billing,SF,9530,6114,1,3,1,0,18,22,0.47,0.61,insider_data_leakage
371,EHR,patient_records,S0,3762,708,0,2,1,1,6,42,0.32,0.01,unauthorized_access
3311,HL7_API,patient_records,S0,3427,2575,0,4,0,1,14,97,0.74,0.68,unauthorized_access
925,HL7_API,prescriptions,SF,6032,3901,1,5,0,1,8,21,0.05,0.7,audit_log_tampering
2993,HL7_API,radiology,SF,386,6890,1,2,0,1,18,87,0.14,0.65,insider_data_leakage
2294,EHR,patient_records,SF,5244,1468,0,1,0,1,20,50,1.0,1.0,policy_violation
1486,EHR,prescriptions,REJ,4527,6740,1,4,0,1,6,63,0.13,0.17,audit_log_tampering
2708,HL7_API,patient_records,S0,1986,1641,0,2,1,0,1,40,0.02,0.22,unauthorized_access
181,HL7_API,radiology,REJ,8851,3360,0,1,1,1,20,86,0.6,0.91,privilege_misuse
10,EHR,patient_records,S0,2565,6007,0,1,0,1,6,72,0.24,0.38,privilege_misuse
2602,HL7_API,prescriptions,S0,8141,4736,0,5,1,0,0,57,0.84,0.35,credential_sharing
737,PACS,billing,SF,6530,1818,1,3,1,0,3,92,0.85,0.07,credential_sharing
2461,EHR,prescriptions,REJ,1669,1161,1,4,0,0,5,93,0.35,0.96,policy_violation
92,PACS,lab_results,S0,6894,4274,1,1,0,0,8,40,0.48,0.96,credential_sharing
3110,EHR,billing,SF,4416,6720,1,1,1,1,10,83,0.06,0.14,credential_sharing
1126,EHR,prescriptions,S0,8175,7188,0,3,1,1,4,2,0.02,0.1,credential_sharing
571,EHR,billing,SF,8325,2583,1,4,0,0,15,96,0.01,0.46,data_modification
1195,HL7_API,lab_results,SF,6917,5032,1,1,1,0,2,97,0.16,0.62,data_modification
2777,PACS,patient_records,REJ,4910,5206,1,4,0,1,13,94,0.7,0.73,privilege_misuse
389,HL7_API,prescriptions,REJ,7153,5156,1,1,1,1,15,77,0.14,0.35,privilege_misuse
3598,EHR,prescriptions,REJ,1080,4292,1,3,0,1,9,68,0.79,0.58,insider_data_leakage
1718,PACS,lab_results,SF,279,1162,1,2,1,0,17,2,0.59,0.13,insider_data_leakage
2197,EHR,lab_results,REJ,5876,4342,1,4,1,0,14,37,0.74,0.67,unauthorized_access
1051,PACS,billing,S0,421,7383,1,1,0,1,7,83,0.49,0.29,privilege_misuse
1287,PACS,prescriptions,SF,4662,3490,1,4,0,1,4,27,0.74,0.74,insider_data_leakage
1744,PACS,billing,SF,2781,4417,1,0,0,0,17,59,0.88,0.04,normal
599,EHR,patient_records,SF,5988,770,1,4,1,1,18,54,0.88,0.31,data_modification
2471,HL7_API,prescriptions,S0,5405,133,1,1,1,0,2,12,0.97,0.62,data_modification
2469,EHR,billing,S0,3464,3432,1,5,0,0,7,76,0.51,0.75,unauthorized_access
1162,EHR,prescriptions,SF,2869,1666,0,0,0,0,2,58,0.29,0.73,normal
1394,HL7_API,radiology,REJ,4041,5412,1,3,0,0,5,61,0.89,0.5,unauthorized_access
2390,PACS,patient_records,REJ,2847,4717,0,2,0,1,6,60,0.87,0.55,policy_violation
247,HL7_API,lab_results,REJ,8496,1181,1,1,1,0,14,96,0.07,0.48,data_modification
1738,EHR,patient_records,SF,8927,4685,0,2,0,1,10,34,0.84,0.83,privilege_misuse
931,EHR,prescriptions,REJ,3135,2173,1,5,1,0,8,76,0.51,0.35,insider_data_leakage
2833,PACS,radiology,S0,3597,6941,0,2,1,0,1,23,0.47,0.06,insider_data_leakage
2915,EHR,radiology,SF,8093,4388,0,2,0,0,20,27,0.91,0.61,unauthorized_access
13,EHR,lab_results,REJ,3679,7584,1,2,0,0,19,36,0.94,0.77,unauthorized_access
3549,HL7_API,lab_results,REJ,7352,2565,1,4,1,1,6,30,0.99,0.29,insider_data_leakage
3468,HL7_API,lab_results,S0,7413,3650,0,5,0,0,10,84,0.6,0.99,insider_data_leakage
482,PACS,prescriptions,REJ,1459,4825,1,5,0,1,16,74,0.51,0.51,privilege_misuse
2058,PACS,prescriptions,S0,6588,6619,0,2,0,0,20,45,0.51,0.64,credential_sharing
396,EHR,billing,REJ,2614,4107,1,1,0,0,9,83,0.2,0.06,normal
1002,PACS,prescriptions,SF,8124,3015,0,2,0,0,1,9,0.14,0.99,credential_sharing
2377,HL7_API,patient_records,REJ,7010,83,1,2,1,0,3,22,0.23,0.81,data_modification
2082,EHR,lab_results,S0,596,7225,0,1,1,0,19,16,0.25,0.03,credential_sharing
3011,EHR,radiology,SF,2456,1983,1,4,1,1,15,55,0.71,0.77,data_modification
66,EHR,prescriptions,S0,9173,3405,0,1,0,0,3,16,0.48,0.27,normal
2868,EHR,patient_records,S0,2549,1539,1,1,1,1,2,82,0.59,0.36,audit_log_tampering
808,HL7_API,prescriptions,S0,4497,6062,0,5,1,1,11,91,0.11,0.69,unauthorized_access
190,HL7_API,prescriptions,SF,2195,3862,0,0,0,0,19,40,0.35,0.24,normal
3305,PACS,billing,REJ,8551,515,0,2,1,0,3,30,0.68,0.58,insider_data_leakage
3218,PACS,patient_records,SF,8354,157,1,3,0,1,10,31,0.06,0.43,unauthorized_access
641,HL7_API,prescriptions,REJ,1600,729,0,3,0,0,6,69,0.19,0.35,insider_data_leakage
318,HL7_API,billing,REJ,2064,1878,1,4,1,0,11,63,0.65,0.39,privilege_misuse
3500,HL7_API,billing,S0,5411,7018,1,0,0,0,14,87,0.42,0.02,normal
1493,HL7_API,patient_records,SF,5560,5147,1,5,1,1,3,18,0.27,0.67,data_modification
2859,PACS,lab_results,REJ,849,3744,1,4,1,0,17,92,0.23,0.13,privilege_misuse
2675,PACS,patient_records,SF,8750,185,1,0,0,0,8,59,0.21,0.26,normal
3329,PACS,radiology,SF,3055,282,1,3,0,0,1,68,0.47,0.83,policy_violation
1118,EHR,billing,S0,1040,2254,1,4,0,0,13,51,1.0,0.58,audit_log_tampering
434,PACS,prescriptions,S0,5554,2283,0,3,1,1,0,26,0.72,0.17,data_modification
3376,EHR,radiology,SF,359,3642,1,2,1,0,15,93,0.85,0.32,privilege_misuse
2,PACS,radiology,SF,2425,3723,0,0,0,0,3,98,0.76,0.48,normal
864,HL7_API,patient_records,REJ,1479,7378,1,2,0,0,13,47,0.84,0.63,insider_data_leakage
2254,EHR,billing,REJ,9035,1949,1,1,0,0,7,89,0.62,0.48,normal
3245,EHR,prescriptions,REJ,9697,1423,0,1,1,0,0,100,0.2,0.64,privilege_misuse
2978,PACS,radiology,S0,9746,4530,0,5,1,0,14,81,0.62,0.8,insider_data_leakage
2319,EHR,lab_results,REJ,2177,7551,1,1,1,0,9,43,0.08,0.65,audit_log_tampering
2341,HL7_API,lab_results,REJ,648,4300,0,1,0,1,2,40,0.67,0.3,data_modification
2347,EHR,patient_records,SF,3819,7459,0,2,0,0,18,20,0.47,0.97,policy_violation
969,PACS,patient_records,SF,3014,1458,0,4,1,1,15,6,0.99,0.7,audit_log_tampering
769,EHR,billing,REJ,3545,3944,0,3,1,0,10,10,0.63,0.85,unauthorized_access
814,PACS,patient_records,S0,6440,5112,1,3,1,0,7,60,0.21,0.74,audit_log_tampering
2653,PACS,radiology,SF,5043,6241,1,5,0,1,10,30,0.04,0.76,credential_sharing
207,HL7_API,patient_records,S0,4862,2640,1,3,0,0,1,60,0.26,0.87,privilege_misuse
1536,HL7_API,radiology,S0,4298,6580,1,1,0,1,7,95,0.29,0.24,data_modification
1704,HL7_API,billing,REJ,6143,4495,0,1,0,0,13,53,0.07,0.18,normal
3206,PACS,lab_results,REJ,1356,1495,1,1,1,1,18,59,0.17,0.19,privilege_misuse
1411,EHR,billing,REJ,4581,128,1,4,1,0,5,57,0.37,0.46,privilege_misuse
1666,HL7_API,lab_results,REJ,9323,3246,0,1,0,1,19,61,0.31,0.85,policy_violation
200,PACS,billing,REJ,1573,6979,0,3,0,1,19,27,0.82,0.59,credential_sharing
1083,PACS,lab_results,REJ,6051,7024,1,5,1,1,16,28,0.52,0.16,policy_violation
336,EHR,prescriptions,REJ,10000,441,1,4,0,1,16,17,0.92,0.81,data_modification
3296,EHR,billing,S0,7796,1940,1,4,0,1,7,51,0.02,0.88,unauthorized_access
136,PACS,prescriptions,S0,1239,5449,0,3,0,1,10,17,0.93,0.66,policy_violation
2219,HL7_API,lab_results,REJ,6602,1313,1,4,0,0,19,27,0.45,0.57,privilege_misuse
3375,EHR,billing,SF,234,7760,1,4,0,0,15,50,0.67,0.88,unauthorized_access
1932,EHR,lab_results,SF,9443,1113,0,3,0,1,16,63,0.03,0.69,policy_violation
785,HL7_API,prescriptions,SF,5013,2780,1,1,0,1,4,98,0.42,0.67,privilege_misuse
3561,PACS,prescriptions,REJ,9156,5919,0,3,0,1,13,91,0.63,0.09,credential_sharing
2619,EHR,patient_records,SF,8672,5601,0,4,0,0,20,16,0.77,0.28,data_modification
285,PACS,patient_records,REJ,4831,2891,0,3,0,0,3,37,0.62,0.03,unauthorized_access
865,HL7_API,prescriptions,REJ,9641,4287,0,4,0,1,10,60,0.07,0.31,credential_sharing
1177,PACS,patient_records,S0,2105,6383,0,1,1,0,19,83,0.97,0.71,privilege_misuse
3366,PACS,prescriptions,SF,1332,7996,1,3,1,1,12,6,0.55,0.72,credential_sharing
1364,EHR,radiology,S0,5002,2368,1,1,0,0,14,8,0.71,0.09,insider_data_leakage
129,HL7_API,patient_records,S0,2572,4628,0,3,1,1,17,75,0.14,0.07,audit_log_tampering
2857,EHR,billing,S0,7617,7724,0,4,0,1,15,90,0.25,0.78,insider_data_leakage
2773,EHR,prescriptions,SF,9453,2398,0,2,0,0,13,43,0.93,0.98,unauthorized_access
2545,PACS,patient_records,S0,9369,1712,1,2,1,0,10,27,0.53,0.84,policy_violation
1346,HL7_API,radiology,S0,5854,2155,1,5,0,0,3,24,0.2,0.47,audit_log_tampering
1285,PACS,patient_records,S0,5675,3528,1,4,0,0,15,59,0.25,0.63,privilege_misuse
1801,EHR,prescriptions,S0,6652,381,1,2,0,0,19,36,0.24,0.02,credential_sharing
550,EHR,billing,SF,1715,785,0,3,1,0,0,99,0.01,0.63,privilege_misuse
3597,EHR,radiology,REJ,8384,5859,1,5,1,1,17,37,0.45,0.63,credential_sharing
1002,HL7_API,lab_results,REJ,734,2361,0,0,0,0,7,68,0.29,0.23,normal
2282,EHR,lab_results,REJ,6356,1090,0,3,1,0,17,12,0.24,0.17,privilege_misuse
1604,EHR,billing,REJ,7237,7025,1,2,0,1,6,90,0.7,0.31,audit_log_tampering
1802,PACS,prescriptions,REJ,6464,214,1,4,0,1,12,35,0.14,0.59,policy_violation
155,HL7_API,lab_results,SF,2454,700,0,3,1,0,12,22,0.56,0.44,data_modification
248,EHR,prescriptions,S0,8040,6008,0,1,0,1,19,1,0.53,0.95,credential_sharing
2320,EHR,billing,S0,4460,5212,0,4,1,1,12,37,0.8,0.65,unauthorized_access
3097,PACS,lab_results,S0,9829,1549,1,2,0,1,16,38,0.56,0.93,insider_data_leakage
2058,EHR,radiology,SF,9511,4273,1,5,1,1,6,53,0.07,0.73,audit_log_tampering
1984,PACS,billing,SF,2600,2163,1,2,1,1,20,70,0.88,0.81,insider_data_leakage
2187,EHR,prescriptions,REJ,3135,412,0,1,0,0,16,55,0.41,0.93,normal
5,EHR,prescriptions,S0,2707,2257,0,0,0,0,14,34,0.8,0.74,normal
2596,HL7_API,billing,REJ,5622,3314,1,2,1,0,10,52,0.5,0.27,credential_sharing
645,EHR,prescriptions,S0,1817,2766,0,3,1,0,3,82,0.75,0.96,unauthorized_access
789,PACS,lab_results,S0,2320,5579,0,5,0,0,5,36,0.37,0.89,privilege_misuse
1242,HL7_API,radiology,SF,6107,1128,0,3,1,1,19,93,0.72,0.8,privilege_misuse
330,HL7_API,radiology,REJ,6334,2463,0,4,1,0,1,5,0.78,0.92,insider_data_leakage
1915,PACS,prescriptions,SF,610,1031,1,1,0,0,3,80,0.78,0.61,insider_data_leakage
729,PACS,patient_records,S0,8654,544,1,3,0,0,2,66,0.3,0.02,privilege_misuse
1072,EHR,prescriptions,SF,3802,72,0,1,0,0,7,45,0.17,0.33,audit_log_tampering
1977,HL7_API,radiology,REJ,8463,470,1,5,0,0,8,37,0.29,0.66,policy_violation
1252,PACS,patient_records,S0,7141,3935,1,1,1,1,7,43,0.31,0.84,data_modification
3496,EHR,billing,REJ,9389,3345,1,3,1,0,0,28,0.34,0.98,insider_data_leakage
3251,EHR,prescriptions,S0,6764,3844,0,0,0,0,17,19,0.01,0.2,normal
1480,EHR,billing,REJ,7731,1805,0,5,1,0,20,69,0.12,0.93,unauthorized_access
2027,EHR,billing,S0,1991,1923,0,1,0,1,9,83,0.92,0.17,privilege_misuse
3161,PACS,radiology,SF,5129,5767,0,2,0,1,11,100,0.64,0.55,credential_sharing
1767,HL7_API,prescriptions,REJ,4666,4542,1,2,0,1,8,4,0.86,0.3,credential_sharing
571,HL7_API,billing,REJ,849,6805,1,2,0,1,12,72,0.41,0.77,credential_sharing
1460,PACS,billing,S0,8542,6379,0,5,1,0,16,44,0.06,0.22,unauthorized_access
538,HL7_API,lab_results,REJ,4188,2819,1,3,1,1,16,20,0.02,0.77,audit_log_tampering
751,PACS,prescriptions,SF,6704,177,0,2,1,1,0,19,0.2,0.56,unauthorized_access
3064,EHR,billing,REJ,1970,6769,0,3,1,0,6,94,0.23,0.32,credential_sharing
1335,EHR,patient_records,SF,9199,2684,0,2,0,0,10,13,0.01,0.91,data_modification
2947,PACS,lab_results,S0,4280,31,1,0,0,0,4,65,0.39,0.88,normal
1530,PACS,lab_results,S0,5334,7835,0,4,1,1,12,96,0.49,0.47,credential_sharing
3169,HL7_API,radiology,REJ,9585,2761,1,4,1,1,17,22,0.22,0.86,audit_log_tampering
1837,EHR,radiology,S0,7975,3349,1,4,1,0,20,100,0.34,0.07,credential_sharing
600,HL7_API,prescriptions,S0,7904,3813,1,1,1,1,9,31,0.86,0.92,privilege_misuse
1313,PACS,prescriptions,SF,6046,390,0,2,0,0,9,49,0.61,0.3,credential_sharing
529,HL7_API,prescriptions,S0,3886,4810,1,1,1,0,13,14,0.7,0.87,credential_sharing
2686,PACS,billing,REJ,1792,1145,1,5,1,0,1,99,0.08,0.0,data_modification
3349,EHR,billing,S0,1266,2182,1,4,0,1,15,93,0.76,0.71,insider_data_leakage
2030,EHR,billing,REJ,3590,7685,1,3,0,0,7,28,0.56,0.79,audit_log_tampering
2438,EHR,lab_results,S0,4728,6327,1,3,1,1,11,32,0.1,0.42,unauthorized_access
3251,HL7_API,billing,REJ,5233,1327,0,3,1,0,15,4,0.4,0.74,insider_data_leakage
1995,EHR,lab_results,S0,3031,2322,0,3,0,0,13,50,0.96,0.21,unauthorized_access
2377,PACS,billing,REJ,6847,768,0,5,1,1,14,68,0.42,0.52,privilege_misuse
946,PACS,billing,S0,5625,609,0,1,1,1,14,43,0.83,0.97,credential_sharing
1947,EHR,billing,REJ,8109,3100,0,4,1,0,16,8,0.67,0.64,data_modification
1527,EHR,radiology,REJ,6454,3990,0,3,1,1,7,37,0.55,0.31,insider_data_leakage
2859,PACS,patient_records,SF,7641,2108,0,4,0,0,7,32,0.37,0.8,insider_data_leakage
1399,EHR,lab_results,S0,8451,3622,0,4,0,1,8,76,0.44,0.27,credential_sharing
2582,EHR,prescriptions,REJ,9939,3557,0,1,0,0,7,63,0.13,0.04,normal
1412,EHR,prescriptions,S0,962,3732,0,0,0,0,0,76,0.25,0.33,normal
661,HL7_API,billing,SF,5999,3599,1,5,1,0,14,72,0.37,0.26,policy_violation
270,HL7_API,patient_records,SF,6965,4424,0,5,1,0,18,59,0.34,0.45,insider_data_leakage
1522,HL7_API,lab_results,REJ,5767,2099,0,1,1,1,4,7,0.98,0.71,insider_data_leakage
2364,EHR,billing,REJ,279,3907,0,1,0,1,2,51,0.04,0.49,policy_violation
459,HL7_API,prescriptions,S0,4541,335,1,2,0,0,10,92,0.99,0.64,privilege_misuse
563,EHR,patient_records,S0,5142,621,1,1,1,0,0,63,0.92,0.13,audit_log_tampering
2530,EHR,prescriptions,SF,7047,2958,0,4,0,1,18,40,0.68,0.18,credential_sharing
364,EHR,billing,S0,3551,2604,0,2,1,0,18,99,0.54,0.15,data_modification
1022,HL7_API,lab_results,S0,663,6353,1,5,0,1,17,99,0.53,0.85,policy_violation
903,HL7_API,lab_results,REJ,2016,434,0,0,0,0,4,37,0.18,0.15,normal
2108,PACS,billing,SF,4696,7500,0,4,1,0,1,37,0.31,0.78,policy_violation
361,PACS,prescriptions,SF,4022,871,1,5,1,1,2,53,0.62,0.31,data_modification
627,EHR,prescriptions,SF,5368,3268,0,1,1,1,20,20,0.92,0.69,unauthorized_access
2592,EHR,prescriptions,REJ,9935,5980,0,1,1,1,7,44,0.75,0.15,audit_log_tampering
865,HL7_API,lab_results,REJ,3286,1984,0,2,0,1,11,57,0.06,0.62,audit_log_tampering
740,EHR,patient_records,S0,4707,6724,0,1,0,0,4,32,0.45,0.41,audit_log_tampering
2663,HL7_API,prescriptions,REJ,7419,4668,1,4,0,1,4,27,0.18,0.46,privilege_misuse
1584,PACS,radiology,SF,9662,6241,1,5,1,1,10,20,0.73,0.86,data_modification
1374,PACS,billing,SF,6964,2544,1,1,0,1,2,86,0.71,0.74,audit_log_tampering
2386,EHR,prescriptions,REJ,6385,1772,1,4,0,0,6,94,0.13,0.6,insider_data_leakage
3341,HL7_API,patient_records,SF,7521,4227,1,4,0,0,1,16,0.04,0.32,audit_log_tampering
16,EHR,radiology,SF,4991,6500,0,2,0,1,1,44,0.12,0.99,credential_sharing
3317,PACS,prescriptions,S0,5562,7323,1,4,0,1,1,97,0.57,0.05,policy_violation
917,PACS,patient_records,S0,8274,2045,0,4,1,0,1,90,0.93,0.21,policy_violation
2977,HL7_API,prescriptions,REJ,3314,2551,1,3,1,1,13,60,0.75,0.0,privilege_misuse
465,PACS,patient_records,REJ,6386,5635,1,5,0,1,6,76,0.77,0.25,insider_data_leakage
2742,PACS,prescriptions,REJ,7107,7066,0,1,0,0,7,98,0.04,0.72,normal
2746,HL7_API,radiology,S0,4813,4052,0,1,0,0,14,85,0.77,0.4,normal
3211,HL7_API,prescriptions,S0,7753,6956,1,5,0,1,10,16,0.74,0.51,audit_log_tampering
285,HL7_API,prescriptions,REJ,4124,3045,0,1,0,1,1,49,0.19,0.14,credential_sharing
656,EHR,lab_results,S0,5308,869,0,1,1,0,14,35,0.59,0.29,data_modification
1230,HL7_API,lab_results,REJ,3069,3654,1,5,0,0,15,40,0.28,0.67,insider_data_leakage
105,HL7_API,billing,SF,2221,4195,0,1,0,0,5,21,0.05,0.34,normal
3182,HL7_API,billing,SF,3722,2372,1,4,0,1,14,74,0.9,0.69,privilege_misuse
347,EHR,patient_records,S0,9244,1506,0,0,0,0,11,63,0.76,0.19,normal
3076,PACS,prescriptions,SF,6515,3835,0,5,1,1,3,84,0.31,0.72,credential_sharing
2363,HL7_API,radiology,REJ,5234,2867,1,0,0,0,7,1,0.84,0.55,normal
63,EHR,patient_records,REJ,8159,2038,1,5,0,0,17,54,0.81,0.04,unauthorized_access
2458,PACS,radiology,SF,8442,5221,1,2,0,0,2,57,0.33,0.23,privilege_misuse
1033,EHR,radiology,S0,2439,300,0,5,0,1,12,39,0.97,0.49,audit_log_tampering
2410,EHR,prescriptions,SF,471,5224,0,3,0,0,5,49,0.86,0.29,data_modification
1988,EHR,lab_results,S0,3537,7684,1,5,1,0,5,12,0.44,0.61,policy_violation
1805,EHR,patient_records,REJ,9737,54,0,5,1,1,10,17,0.23,0.88,data_modification
2171,HL7_API,lab_results,S0,3330,4634,1,2,1,1,2,75,0.28,0.79,unauthorized_access
2853,EHR,billing,REJ,8437,5711,0,4,0,1,9,51,0.08,0.32,policy_violation
1713,HL7_API,billing,REJ,4621,3967,0,1,0,1,7,78,0.95,0.18,unauthorized_access
2913,PACS,prescriptions,S0,2518,2875,1,3,1,1,5,70,0.32,0.69,privilege_misuse
912,HL7_API,patient_records,REJ,9844,1772,0,3,1,0,3,39,0.68,0.19,data_modification
958,HL7_API,billing,SF,853,4999,0,1,0,1,1,76,0.96,0.5,audit_log_tampering
1532,EHR,lab_results,REJ,8785,1464,1,5,1,0,11,35,0.53,0.67,insider_data_leakage
1919,HL7_API,lab_results,S0,9135,5666,0,1,0,1,13,13,0.25,0.53,insider_data_leakage
2676,PACS,radiology,SF,8435,5148,0,3,0,1,4,6,0.99,0.26,audit_log_tampering
3591,EHR,lab_results,S0,9149,749,0,0,0,0,1,3,0.73,0.78,normal
2006,EHR,billing,S0,5384,6186,1,1,1,0,5,23,0.89,0.8,privilege_misuse
1458,HL7_API,radiology,REJ,5709,1639,1,1,0,0,14,63,0.64,0.09,insider_data_leakage
1021,PACS,patient_records,REJ,4843,4747,0,2,1,1,16,40,0.87,0.02,unauthorized_access
2628,HL7_API,radiology,S0,2407,4812,0,1,1,1,7,1,0.43,0.57,data_modification
1874,HL7_API,billing,SF,3358,416,1,3,1,0,5,27,0.58,0.73,audit_log_tampering
2067,PACS,prescriptions,S0,1698,341,0,1,0,0,3,4,0.62,0.0,policy_violation
2379,HL7_API,lab_results,REJ,2793,2008,0,4,1,1,0,40,0.54,0.1,credential_sharing
323,EHR,patient_records,REJ,7606,678,0,1,1,1,3,15,0.46,0.14,policy_violation
3107,EHR,lab_results,S0,281,7419,0,4,1,0,18,29,0.42,0.79,policy_violation
126,EHR,lab_results,REJ,420,6370,1,1,0,0,10,35,0.89,0.9,normal
278,HL7_API,lab_results,REJ,3185,7912,1,4,1,0,6,94,0.05,0.42,unauthorized_access
3569,HL7_API,prescriptions,S0,6985,1166,0,2,1,1,20,31,0.57,0.5,insider_data_leakage
2417,PACS,patient_records,S0,6072,2542,1,0,0,0,3,46,0.94,0.6,normal
3188,PACS,prescriptions,S0,8270,5785,1,0,0,0,8,100,0.23,0.94,normal
1805,HL7_API,billing,S0,8446,1179,1,5,1,0,8,32,0.51,0.0,data_modification
3103,HL7_API,patient_records,SF,3561,5033,0,3,1,1,10,85,0.6,0.32,insider_data_leakage
1506,EHR,lab_results,SF,1454,7885,1,5,1,0,1,2,0.42,0.36,credential_sharing
294,PACS,billing,SF,4528,6881,0,1,0,0,18,4,0.04,0.12,normal
739,HL7_API,prescriptions,REJ,6973,37,0,5,1,0,15,52,0.42,0.1,policy_violation
1584,HL7_API,patient_records,S0,7634,4474,0,3,0,0,16,88,0.26,0.0,credential_sharing
1294,PACS,radiology,SF,614,3703,0,3,0,1,8,61,0.52,0.61,privilege_misuse
879,HL7_API,radiology,SF,9453,3117,0,1,0,0,1,13,0.84,0.15,normal
3512,EHR,radiology,REJ,6965,323,0,4,1,0,1,82,0.8,0.78,insider_data_leakage
2464,PACS,patient_records,SF,8169,4339,0,5,1,1,18,31,0.3,0.93,audit_log_tampering
304,EHR,billing,REJ,9174,5970,0,0,0,0,4,48,0.48,0.8,normal
1454,PACS,prescriptions,SF,2352,2143,1,0,0,0,4,48,0.11,0.38,normal
734,EHR,radiology,SF,690,123,1,0,0,0,11,75,0.86,0.04,normal
2778,HL7_API,radiology,S0,2832,5754,1,0,0,0,6,13,0.26,0.99,normal
4,HL7_API,radiology,S0,8637,2449,1,3,0,1,19,65,0.82,0.43,insider_data_leakage
2843,HL7_API,radiology,REJ,4695,2716,0,4,0,1,5,71,0.76,0.08,audit_log_tampering
2847,EHR,prescriptions,S0,274,7937,0,4,0,1,12,13,0.96,0.07,audit_log_tampering
1637,HL7_API,radiology,S0,292,4731,1,2,1,0,12,8,0.08,0.18,insider_data_leakage
166,EHR,prescriptions,REJ,9558,6733,1,3,1,1,2,68,0.34,0.29,audit_log_tampering
3068,PACS,lab_results,SF,5150,4439,1,4,1,1,19,25,0.88,0.09,data_modification
2353,HL7_API,radiology,REJ,533,2149,0,3,0,1,5,9,0.78,0.15,unauthorized_access
949,HL7_API,radiology,REJ,3543,7443,1,5,1,0,4,2,0.29,0.79,unauthorized_access
2868,EHR,patient_records,REJ,5332,1766,1,1,0,0,11,1,0.98,0.05,normal
2619,EHR,radiology,REJ,7047,7504,1,4,1,1,1,80,0.33,0.64,audit_log_tampering
106,PACS,prescriptions,REJ,9793,6005,1,4,1,1,4,53,0.91,0.15,data_modification
66,EHR,patient_records,REJ,6126,1850,0,0,0,0,17,58,0.7,0.74,normal
1838,EHR,prescriptions,S0,8633,1900,0,3,1,0,7,75,0.68,0.03,insider_data_leakage
3244,EHR,lab_results,S0,5620,2586,1,4,0,0,18,50,0.65,0.54,privilege_misuse
1418,PACS,billing,S0,1925,7127,1,0,0,0,12,34,0.03,0.74,normal
897,EHR,billing,SF,7510,3255,0,5,0,0,15,70,0.43,0.01,privilege_misuse
2260,EHR,billing,REJ,9731,1798,1,5,0,1,11,7,0.21,0.69,insider_data_leakage
3507,PACS,patient_records,S0,7786,2858,1,1,0,0,6,67,0.75,0.77,normal
1293,PACS,radiology,S0,1325,3561,0,1,1,0,12,40,0.91,0.73,credential_sharing
1829,HL7_API,patient_records,REJ,2244,163,1,5,1,0,10,81,0.8,0.81,privilege_misuse
1767,PACS,billing,REJ,7606,4049,1,4,1,1,15,33,0.9,0.23,audit_log_tampering
2080,HL7_API,patient_records,SF,2210,5690,0,2,1,1,10,56,0.3,0.67,audit_log_tampering
107,PACS,billing,REJ,389,5316,1,5,1,0,2,78,0.15,0.83,unauthorized_access
567,PACS,billing,REJ,4345,5452,0,3,0,0,7,69,0.97,0.24,policy_violation
3010,PACS,billing,SF,9279,2196,1,4,0,0,20,91,0.58,0.31,policy_violation
3045,EHR,patient_records,SF,4268,3025,0,3,0,0,4,13,0.59,0.67,data_modification
26,HL7_API,patient_records,SF,3520,3638,1,3,1,1,16,83,0.77,0.3,data_modification
1460,PACS,prescriptions,REJ,9268,6186,0,3,1,0,2,20,0.64,0.78,privilege_misuse
1159,HL7_API,prescriptions,REJ,2667,1049,0,2,0,0,0,74,0.96,0.87,audit_log_tampering
817,PACS,patient_records,SF,791,6184,1,4,0,1,4,70,0.93,0.53,credential_sharing
2442,HL7_API,lab_results,REJ,3720,2732,0,4,0,1,12,13,0.46,0.29,audit_log_tampering
883,HL7_API,prescriptions,SF,2936,5669,1,4,0,0,7,18,0.9,0.21,policy_violation
2061,PACS,patient_records,SF,6276,6305,1,1,1,0,8,3,0.06,0.84,unauthorized_access
246,HL7_API,lab_results,SF,6589,7823,0,1,0,0,9,29,0.8,0.48,unauthorized_access
1018,PACS,patient_records,S0,4536,3986,0,1,0,1,16,78,0.46,0.6,data_modification
975,PACS,prescriptions,REJ,6501,7366,1,3,0,1,3,54,0.05,0.46,unauthorized_access
2048,HL7_API,prescriptions,REJ,4536,7117,1,2,0,1,12,9,0.88,0.47,insider_data_leakage
2805,EHR,prescriptions,SF,1960,7977,0,4,1,0,6,69,0.44,0.84,unauthorized_access
969,PACS,lab_results,SF,2027,4911,0,1,0,0,11,43,0.63,0.04,audit_log_tampering
253,EHR,prescriptions,S0,7032,6101,1,1,0,0,2,28,0.42,0.58,insider_data_leakage
975,PACS,lab_results,SF,1904,894,1,4,0,1,14,29,0.64,0.77,data_modification
3599,EHR,prescriptions,SF,3650,4021,0,4,0,0,17,10,0.01,0.31,unauthorized_access
2652,PACS,prescriptions,SF,4066,7298,0,4,0,1,19,27,0.43,0.5,insider_data_leakage
1818,HL7_API,lab_results,SF,5179,2458,1,1,1,1,0,66,0.18,0.17,data_modification
2556,HL7_API,radiology,REJ,8578,3879,1,3,0,1,15,86,0.77,0.68,credential_sharing
3480,PACS,radiology,S0,9605,1879,1,0,0,0,8,1,0.91,0.27,normal
1655,HL7_API,lab_results,S0,6878,904,1,0,0,0,6,9,0.48,0.64,normal
2800,EHR,radiology,SF,7341,3407,1,2,0,0,15,3,0.68,0.29,insider_data_leakage
2735,EHR,lab_results,REJ,9107,1817,1,2,0,0,19,36,0.14,0.95,insider_data_leakage
1271,EHR,lab_results,S0,3990,2478,0,2,1,0,3,97,0.85,0.87,policy_violation
217,HL7_API,prescriptions,S0,9369,7573,0,1,0,0,4,86,0.94,0.63,normal
1704,EHR,patient_records,REJ,3143,2178,0,2,0,1,1,48,0.55,0.56,unauthorized_access
1108,EHR,prescriptions,REJ,2526,6505,1,3,1,0,7,21,0.59,0.92,policy_violation
3405,HL7_API,billing,S0,5053,4179,0,4,1,1,15,31,0.52,0.29,policy_violation
1844,HL7_API,prescriptions,SF,265,1259,0,2,0,0,6,93,0.25,0.69,policy_violation
3504,HL7_API,patient_records,REJ,5440,7914,1,4,1,0,6,14,0.48,0.28,data_modification
438,PACS,radiology,SF,682,5075,0,4,1,1,9,90,0.04,0.48,privilege_misuse
1803,EHR,patient_records,S0,9819,2871,1,3,0,0,17,76,0.51,0.93,data_modification
3399,EHR,billing,S0,5761,4072,0,3,0,1,13,8,0.08,0.81,data_modification
1914,EHR,billing,REJ,458,3530,0,4,0,1,16,32,0.63,0.56,insider_data_leakage
790,HL7_API,lab_results,S0,804,4552,1,4,0,0,2,82,0.7,0.82,credential_sharing
3374,PACS,lab_results,S0,4307,1171,1,3,0,0,13,74,0.72,0.87,insider_data_leakage
3050,EHR,billing,S0,4246,4801,1,4,1,0,19,34,0.68,0.3,data_modification
1354,HL7_API,lab_results,REJ,6687,5651,1,1,1,0,20,1,0.3,0.14,privilege_misuse
2304,EHR,prescriptions,SF,5838,1027,0,0,0,0,17,28,0.94,0.59,normal
661,PACS,billing,REJ,3154,2969,0,3,1,0,18,64,0.34,0.04,privilege_misuse
783,PACS,radiology,REJ,6829,5390,0,2,1,0,7,41,0.89,0.35,data_modification
2833,EHR,billing,REJ,6683,4514,0,3,0,1,12,56,0.34,0.85,policy_violation
1673,HL7_API,lab_results,SF,7514,5944,1,1,0,0,18,83,0.93,0.76,normal
2724,EHR,lab_results,REJ,1694,1282,1,1,1,1,0,100,0.12,0.61,audit_log_tampering
686,PACS,patient_records,S0,1868,3591,0,2,0,0,14,83,0.85,0.95,data_modification
2010,EHR,billing,S0,4222,6527,0,3,1,0,15,84,0.68,0.71,credential_sharing
1285,EHR,patient_records,S0,8153,7928,0,3,1,0,10,70,0.9,0.11,insider_data_leakage
2713,PACS,billing,S0,5856,826,0,2,1,1,11,75,0.93,0.07,insider_data_leakage
2289,PACS,prescriptions,REJ,9645,7107,1,2,1,1,3,97,0.14,0.53,privilege_misuse
1136,EHR,prescriptions,S0,8466,810,0,0,0,0,19,79,0.79,0.31,normal
2588,PACS,lab_results,REJ,492,4792,1,1,0,1,15,62,0.85,0.72,credential_sharing
1739,HL7_API,lab_results,REJ,9688,1364,0,1,1,1,0,74,0.62,0.09,credential_sharing
1026,PACS,radiology,S0,6882,2430,1,3,0,1,3,7,0.81,0.07,credential_sharing
2547,PACS,patient_records,REJ,9874,2680,1,4,1,1,17,44,0.09,0.39,unauthorized_access
1606,PACS,lab_results,SF,6371,4086,1,3,1,0,7,76,0.63,0.5,audit_log_tampering
1235,PACS,patient_records,SF,1907,1562,1,2,1,0,9,47,0.19,0.13,policy_violation
1327,PACS,lab_results,S0,7751,5391,0,1,0,1,20,63,0.75,0.4,credential_sharing
2130,PACS,lab_results,S0,6239,1370,1,2,0,1,4,92,0.91,0.07,unauthorized_access
2296,HL7_API,radiology,SF,7768,7176,1,4,1,1,3,63,0.47,0.73,data_modification
2136,PACS,lab_results,SF,2688,6389,1,2,1,1,3,8,0.04,0.82,privilege_misuse
2372,EHR,lab_results,S0,1959,6771,0,3,0,1,4,42,0.78,0.9,unauthorized_access
1078,EHR,prescriptions,REJ,1914,7828,0,0,0,0,5,80,0.08,0.18,normal
402,PACS,patient_records,REJ,6068,3723,1,3,0,1,2,37,0.62,0.1,insider_data_leakage
360,HL7_API,billing,SF,331,5822,0,1,0,1,1,51,0.35,0.55,privilege_misuse
2353,PACS,radiology,SF,4662,3901,1,3,0,1,5,66,0.72,0.06,data_modification
1586,HL7_API,prescriptions,REJ,9772,1896,0,2,1,0,9,30,0.77,0.16,insider_data_leakage
3088,HL7_API,patient_records,SF,5653,5166,0,3,1,0,16,47,0.84,0.03,insider_data_leakage
3011,PACS,patient_records,REJ,7213,5670,0,4,0,1,4,30,0.39,0.98,data_modification
2029,EHR,prescriptions,REJ,2568,4347,1,1,0,0,5,7,0.85,0.21,credential_sharing
3317,HL7_API,lab_results,REJ,6253,1903,0,1,0,0,3,4,0.51,0.45,normal
3451,EHR,radiology,REJ,5006,4145,0,5,1,1,1,21,0.08,0.67,unauthorized_access
2755,EHR,radiology,S0,8794,3019,0,4,0,1,6,29,0.81,0.82,privilege_misuse
3385,EHR,billing,REJ,9641,3581,1,1,0,0,12,16,0.5,0.39,normal
3595,HL7_API,lab_results,S0,7088,5498,1,5,0,1,10,14,0.95,0.67,audit_log_tampering
3576,EHR,billing,S0,752,6699,0,1,0,1,8,90,0.1,0.84,unauthorized_access
2810,EHR,lab_results,SF,8260,5955,0,3,0,0,0,36,0.47,0.07,data_modification
1701,PACS,prescriptions,S0,2922,1674,0,5,0,0,9,85,0.65,0.97,credential_sharing
865,EHR,radiology,REJ,3430,5023,1,1,0,0,16,12,0.25,0.89,policy_violation
1726,HL7_API,lab_results,S0,6004,5068,0,2,0,0,12,14,0.51,0.86,insider_data_leakage
210,HL7_API,billing,S0,9008,7262,0,5,0,0,10,14,0.6,0.6,data_modification
1058,HL7_API,prescriptions,S0,1072,7522,1,3,0,1,0,58,0.06,0.93,data_modification
108,HL7_API,radiology,SF,8990,822,1,5,1,1,14,75,0.46,0.71,credential_sharing
3395,EHR,lab_results,SF,3693,6286,1,3,1,1,5,11,0.17,0.29,data_modification
3352,PACS,billing,SF,6480,6356,0,5,1,1,11,21,0.03,0.97,policy_violation
3078,EHR,patient_records,REJ,5790,4741,1,2,0,0,6,15,0.29,0.05,audit_log_tampering
2930,EHR,radiology,SF,2491,4769,0,4,1,0,7,65,0.8,0.85,policy_violation
3036,EHR,patient_records,REJ,1476,5946,1,5,1,0,18,50,0.97,0.99,data_modification
2688,PACS,radiology,REJ,3501,7386,1,5,0,1,13,10,0.66,0.62,unauthorized_access
2308,HL7_API,radiology,S0,7963,2319,1,0,0,0,19,52,0.37,0.79,normal
3298,EHR,patient_records,S0,2824,7533,0,5,0,1,6,22,0.99,0.31,insider_data_leakage
2261,HL7_API,lab_results,SF,8344,574,1,1,0,0,6,24,0.53,0.65,audit_log_tampering
1689,PACS,lab_results,S0,4680,6614,0,5,0,0,13,74,0.82,0.06,unauthorized_access
1262,EHR,lab_results,REJ,1203,5198,0,3,1,0,10,94,0.1,0.6,credential_sharing
1729,PACS,patient_records,SF,7924,2253,1,4,0,0,12,50,0.61,0.77,insider_data_leakage
50,PACS,prescriptions,REJ,2191,3020,0,0,0,0,2,33,0.68,0.04,normal
2861,HL7_API,patient_records,REJ,5283,2145,1,3,0,1,16,48,0.99,0.45,unauthorized_access
1477,HL7_API,lab_results,REJ,2750,4567,0,1,0,0,4,88,0.33,0.21,normal
1693,PACS,lab_results,SF,6504,4566,0,4,0,1,2,10,0.39,0.53,policy_violation
1883,EHR,patient_records,REJ,1656,4389,0,4,0,1,13,15,0.31,0.45,privilege_misuse
2128,HL7_API,radiology,SF,1799,7632,1,5,1,0,14,31,0.28,0.67,data_modification
1486,EHR,lab_results,SF,2737,2134,1,1,0,0,13,52,0.58,0.02,privilege_misuse
2206,HL7_API,radiology,S0,7286,6578,1,5,0,0,8,52,0.45,0.27,data_modification
2563,EHR,radiology,REJ,5840,5424,1,5,0,0,11,50,0.48,0.55,policy_violation
817,EHR,radiology,SF,6116,2964,1,3,0,0,10,95,0.31,0.59,data_modification
2810,EHR,prescriptions,SF,9020,6049,1,1,0,0,13,48,0.43,0.7,insider_data_leakage
1671,PACS,billing,REJ,7919,4627,1,4,0,0,14,69,0.99,0.83,audit_log_tampering
1923,HL7_API,lab_results,REJ,2966,6438,0,3,0,0,8,17,0.35,0.7,unauthorized_access
2585,EHR,prescriptions,S0,3595,1936,1,3,0,0,17,70,0.98,0.89,data_modification
3229,EHR,patient_records,SF,7971,5620,1,1,0,1,3,22,0.48,0.3,policy_violation
611,EHR,prescriptions,SF,2356,62,1,5,1,1,19,39,0.79,0.46,data_modification
3000,HL7_API,radiology,SF,5965,7422,1,5,1,1,9,32,0.27,0.4,unauthorized_access
2846,HL7_API,lab_results,S0,7022,4907,0,3,0,0,15,24,0.71,0.2,credential_sharing
2070,HL7_API,lab_results,REJ,5380,915,0,1,0,0,2,28,0.25,0.74,insider_data_leakage
3549,PACS,patient_records,SF,7756,6557,0,3,0,1,20,41,0.56,0.37,data_modification
1800,PACS,lab_results,S0,1770,5429,0,3,1,1,15,61,0.04,0.09,unauthorized_access
211,HL7_API,billing,S0,2394,6687,0,0,0,0,8,31,0.05,0.21,normal
2305,EHR,radiology,REJ,8826,1256,1,4,0,1,5,68,0.18,0.79,unauthorized_access
1396,EHR,patient_records,S0,5514,7454,0,4,0,1,1,49,0.6,0.97,credential_sharing
1446,PACS,prescriptions,REJ,6622,6577,0,3,0,1,16,28,0.72,0.76,insider_data_leakage
2711,HL7_API,radiology,SF,6971,5801,1,4,1,1,3,80,0.2,0.95,privilege_misuse
2253,PACS,patient_records,REJ,6118,978,0,3,1,0,3,59,0.26,0.01,credential_sharing
2344,EHR,lab_results,SF,1645,4204,0,1,0,1,12,95,0.24,0.6,data_modification
3361,HL7_API,prescriptions,REJ,1730,1954,1,4,0,1,18,73,0.13,0.81,unauthorized_access
694,EHR,patient_records,SF,9533,2746,1,1,0,0,4,71,0.58,0.46,data_modification
2886,PACS,patient_records,S0,7436,4163,0,1,1,0,5,35,0.88,0.03,credential_sharing
2027,PACS,radiology,S0,5391,5500,1,5,1,1,2,2,0.88,0.72,credential_sharing
471,PACS,patient_records,REJ,812,7734,0,0,0,0,4,95,0.11,0.51,normal
1118,PACS,patient_records,S0,1465,7539,1,1,1,1,10,59,0.28,0.44,privilege_misuse
2782,EHR,patient_records,S0,6199,4460,1,1,1,1,14,15,0.87,0.12,credential_sharing
832,PACS,lab_results,REJ,8706,7632,0,3,0,1,1,43,0.2,0.53,insider_data_leakage
2971,EHR,billing,REJ,9382,1163,0,2,1,0,1,71,0.21,0.03,insider_data_leakage
1753,HL7_API,lab_results,S0,4313,5399,0,2,1,0,8,66,0.25,0.8,insider_data_leakage
3214,HL7_API,lab_results,REJ,2378,718,0,5,1,0,14,2,0.21,0.53,unauthorized_access
1774,PACS,billing,S0,1802,201,0,3,0,1,5,91,0.55,0.16,policy_violation
1172,HL7_API,billing,SF,1182,6579,1,4,0,0,2,69,0.96,0.02,unauthorized_access
1058,PACS,patient_records,S0,8987,7214,0,0,0,0,1,60,0.5,0.89,normal
1300,PACS,radiology,REJ,5606,2922,0,4,1,1,10,25,0.99,0.27,unauthorized_access
1227,PACS,billing,S0,2835,6834,1,4,0,0,4,10,0.63,0.86,policy_violation
1281,EHR,radiology,SF,1464,4711,1,1,1,0,13,66,0.71,0.24,audit_log_tampering
3043,PACS,billing,SF,4546,6262,0,2,0,0,8,83,0.57,0.41,credential_sharing
1862,EHR,billing,REJ,6839,3968,1,2,0,0,3,50,0.94,0.35,policy_violation
1948,HL7_API,radiology,REJ,4273,252,0,2,1,0,3,94,0.63,0.61,policy_violation
1507,PACS,prescriptions,REJ,7941,3798,0,4,1,1,17,38,0.36,0.13,credential_sharing
1879,EHR,billing,SF,6619,2018,0,3,1,1,18,42,0.92,0.71,audit_log_tampering
677,EHR,billing,S0,6604,5014,1,3,0,1,17,94,0.38,0.53,audit_log_tampering
3545,EHR,billing,S0,9026,7560,0,1,0,0,8,58,0.22,0.05,insider_data_leakage
1232,PACS,radiology,SF,8351,659,1,4,0,1,10,77,0.42,0.6,privilege_misuse
2677,HL7_API,radiology,S0,3507,7512,1,3,1,1,1,75,0.24,0.02,insider_data_leakage
1874,PACS,prescriptions,REJ,1475,226,1,5,1,1,17,57,0.63,0.86,credential_sharing
2521,PACS,prescriptions,SF,953,1403,1,4,0,0,7,52,0.99,0.97,data_modification
3209,EHR,radiology,S0,4684,4763,1,1,1,0,17,10,0.85,0.14,unauthorized_access
459,HL7_API,billing,S0,7689,946,1,0,0,0,6,8,0.17,0.09,normal
1511,EHR,prescriptions,SF,3887,6081,0,3,0,1,19,75,0.75,0.22,policy_violation
309,PACS,radiology,REJ,2054,2692,1,1,1,0,15,44,0.26,0.24,insider_data_leakage
2123,PACS,lab_results,S0,7035,5616,1,4,0,1,15,9,0.26,0.59,insider_data_leakage
2248,EHR,radiology,SF,5367,3102,0,1,0,0,16,87,0.71,0.39,normal
3180,HL7_API,billing,S0,1384,2685,1,0,0,0,2,53,0.29,0.92,normal
2645,PACS,prescriptions,REJ,7262,1389,0,4,0,0,10,80,0.73,0.97,data_modification
515,HL7_API,patient_records,S0,7730,7860,0,4,1,1,11,59,0.16,0.67,data_modification
1580,EHR,radiology,REJ,9276,1561,1,3,1,0,0,18,0.4,0.87,unauthorized_access
3295,PACS,lab_results,S0,3498,6731,1,5,1,1,17,2,0.03,0.96,unauthorized_access
1737,EHR,billing,SF,887,3172,0,2,1,1,18,53,0.91,0.7,audit_log_tampering
1004,PACS,radiology,SF,9338,2299,1,4,1,0,18,74,0.94,0.49,audit_log_tampering
3594,EHR,prescriptions,REJ,8498,2247,0,4,0,1,15,50,0.87,0.22,unauthorized_access
35,HL7_API,patient_records,S0,9907,779,0,2,1,1,14,1,0.44,0.18,audit_log_tampering
12,HL7_API,lab_results,S0,1056,5580,0,4,0,0,6,18,0.68,0.72,insider_data_leakage
1734,HL7_API,radiology,S0,4688,1989,1,5,1,1,15,84,0.28,0.25,insider_data_leakage
1808,PACS,billing,S0,2485,5492,0,5,0,0,2,69,0.77,0.61,audit_log_tampering
1428,PACS,billing,REJ,3913,4553,1,0,0,0,16,44,0.83,0.09,normal
712,EHR,radiology,REJ,3666,2391,0,5,0,1,16,43,0.26,0.11,data_modification
225,PACS,radiology,REJ,9329,5624,1,2,0,1,8,74,0.12,0.17,audit_log_tampering
3552,PACS,prescriptions,SF,409,7459,1,3,1,1,3,87,0.32,0.04,audit_log_tampering
3429,PACS,patient_records,S0,9552,3190,1,4,1,1,7,82,0.12,0.32,insider_data_leakage
289,PACS,billing,S0,6813,2512,0,4,0,1,10,69,0.25,0.36,policy_violation
2828,EHR,billing,REJ,1431,2476,1,3,0,1,7,75,0.35,0.49,credential_sharing
304,HL7_API,lab_results,REJ,3297,4001,0,4,0,0,20,80,0.42,0.65,insider_data_leakage
1577,HL7_API,radiology,SF,1529,7350,1,3,0,1,18,99,0.84,0.3,insider_data_leakage
3361,PACS,lab_results,SF,854,3850,1,2,1,1,0,79,0.66,0.59,data_modification
1051,EHR,lab_results,S0,3384,6372,0,1,0,0,11,45,0.41,0.6,policy_violation
1921,HL7_API,radiology,SF,5009,4033,1,3,1,1,18,94,0.35,0.02,privilege_misuse
1636,EHR,billing,S0,3400,2735,1,3,1,0,20,80,0.2,0.54,credential_sharing
1354,PACS,radiology,S0,4371,4646,1,2,1,0,9,25,0.97,0.18,credential_sharing
591,PACS,lab_results,S0,8259,646,1,3,0,1,0,11,0.13,0.32,policy_violation
658,PACS,lab_results,REJ,9712,3875,0,4,0,1,20,44,0.42,0.58,insider_data_leakage
508,EHR,lab_results,SF,1180,4478,0,3,0,1,19,78,0.45,0.48,policy_violation
3474,EHR,radiology,REJ,6594,5459,0,0,0,0,19,84,0.69,0.4,normal
3193,PACS,prescriptions,S0,645,4448,0,1,0,0,14,61,0.98,0.99,normal
3358,HL7_API,patient_records,REJ,8799,2508,0,4,1,0,2,9,0.88,0.48,credential_sharing
101,PACS,radiology,SF,9653,1033,0,1,0,0,12,37,0.24,0.7,normal
2751,PACS,radiology,REJ,4914,7131,0,5,0,1,7,40,0.73,0.89,insider_data_leakage
1137,PACS,radiology,REJ,5392,3114,1,3,1,1,13,47,0.52,0.18,credential_sharing
2452,HL7_API,radiology,REJ,8052,3360,1,5,1,0,1,44,0.73,0.13,privilege_misuse
857,HL7_API,prescriptions,SF,6947,6726,1,2,0,1,7,58,0.61,0.37,insider_data_leakage
1616,PACS,radiology,SF,1994,2520,1,1,1,1,6,94,0.94,0.05,unauthorized_access
302,HL7_API,prescriptions,S0,442,5752,0,2,1,1,11,75,0.06,0.24,privilege_misuse
1422,EHR,prescriptions,REJ,1860,6262,0,5,1,1,2,5,0.9,0.24,data_modification
697,HL7_API,lab_results,S0,712,5069,1,1,1,0,5,94,0.99,0.22,unauthorized_access
1665,PACS,patient_records,SF,890,7473,1,1,0,0,5,24,0.72,0.59,normal
1892,HL7_API,lab_results,REJ,9557,3506,0,3,1,0,12,38,0.7,0.84,privilege_misuse
1453,HL7_API,lab_results,REJ,6266,1678,1,3,1,0,17,61,0.13,0.62,unauthorized_access
1058,HL7_API,prescriptions,SF,8344,6585,1,1,1,1,7,32,0.9,0.73,privilege_misuse
3568,PACS,prescriptions,S0,2941,6092,0,4,1,0,17,66,0.9,0.05,data_modification
1072,PACS,lab_results,S0,5813,6636,1,4,1,0,4,82,0.76,0.76,policy_violation
2111,PACS,prescriptions,REJ,2042,6094,1,5,1,1,3,24,0.44,0.59,data_modification
3538,PACS,patient_records,REJ,413,5617,1,2,1,0,19,49,0.7,0.79,policy_violation
1672,EHR,lab_results,S0,9163,7399,1,3,1,0,17,59,0.95,0.26,insider_data_leakage
3590,HL7_API,lab_results,REJ,1854,5071,0,1,0,0,9,96,0.3,0.11,normal
2489,HL7_API,prescriptions,S0,8772,4945,1,1,0,0,5,67,0.05,0.6,credential_sharing
3032,PACS,patient_records,REJ,9830,7099,1,1,0,1,15,77,0.43,0.92,credential_sharing
3249,EHR,lab_results,REJ,729,2305,0,1,1,0,12,35,0.84,0.91,credential_sharing
654,HL7_API,patient_records,REJ,9277,475,1,2,0,0,2,99,0.53,0.37,audit_log_tampering
3221,EHR,lab_results,REJ,4842,4770,1,2,1,0,18,76,0.79,0.66,unauthorized_access
2638,HL7_API,lab_results,REJ,4008,3828,0,2,0,0,16,94,0.2,0.11,data_modification
806,HL7_API,lab_results,SF,889,1010,1,3,1,1,9,66,0.89,0.12,privilege_misuse
3256,HL7_API,patient_records,S0,9622,3325,0,4,1,1,14,59,0.18,0.87,unauthorized_access
2879,PACS,billing,S0,9556,5781,1,1,1,0,8,59,0.36,0.14,policy_violation
119,HL7_API,lab_results,S0,3502,3482,1,3,0,1,20,55,0.7,0.41,credential_sharing
1521,EHR,prescriptions,SF,5054,6601,0,3,1,0,20,52,0.06,0.31,insider_data_leakage
1776,PACS,radiology,S0,4003,5099,0,3,1,0,11,7,0.66,0.58,unauthorized_access
2818,EHR,patient_records,S0,4790,231,1,2,0,1,13,29,0.4,0.28,audit_log_tampering
2175,PACS,billing,SF,8455,5328,1,1,0,1,2,93,0.63,0.91,unauthorized_access
1645,EHR,radiology,SF,1925,7347,0,4,1,1,6,55,0.03,0.54,privilege_misuse
2819,HL7_API,billing,SF,7866,5938,1,5,0,0,4,92,0.06,0.66,data_modification
3260,PACS,patient_records,REJ,8721,2354,0,1,0,1,19,41,0.48,0.54,credential_sharing
856,PACS,prescriptions,SF,7292,600,0,0,0,0,8,62,0.25,0.24,normal
1331,PACS,patient_records,SF,9667,5372,0,5,0,0,9,39,0.06,0.39,policy_violation
2875,EHR,billing,SF,2014,5313,1,2,0,1,15,37,0.17,0.12,unauthorized_access
2539,PACS,billing,REJ,2461,2139,1,5,0,0,17,77,0.57,0.87,insider_data_leakage
3285,PACS,lab_results,REJ,3326,6576,1,2,0,1,15,68,0.21,0.46,unauthorized_access
1997,HL7_API,patient_records,S0,1726,3524,1,2,0,1,16,33,0.27,0.37,privilege_misuse
1076,PACS,lab_results,SF,2911,5704,0,1,1,1,17,100,0.89,0.58,policy_violation
2937,EHR,radiology,S0,3117,1424,0,1,0,1,20,71,0.88,0.88,insider_data_leakage
563,HL7_API,prescriptions,REJ,2048,5425,0,1,0,0,17,50,0.63,0.25,insider_data_leakage
594,PACS,prescriptions,REJ,5063,3073,1,5,1,0,4,17,0.62,0.08,privilege_misuse
2933,HL7_API,lab_results,S0,3103,1251,0,1,1,1,6,35,0.54,0.96,policy_violation
618,EHR,radiology,S0,7629,1282,1,5,1,1,18,35,0.6,0.97,data_modification
2938,PACS,radiology,REJ,7792,3659,1,0,0,0,17,61,0.9,0.62,normal
378,PACS,patient_records,REJ,2570,6979,1,5,0,0,8,76,0.37,0.78,insider_data_leakage
2752,PACS,lab_results,S0,847,7777,1,3,1,1,16,32,0.4,0.35,insider_data_leakage
2637,HL7_API,lab_results,S0,7355,3931,0,5,1,1,10,37,0.39,0.15,policy_violation
3410,PACS,lab_results,REJ,9042,5322,0,5,0,1,19,4,0.47,0.77,unauthorized_access
1385,HL7_API,billing,SF,2271,4629,0,4,0,0,16,88,0.33,0.11,privilege_misuse
2014,EHR,prescriptions,REJ,9179,7447,1,5,1,1,13,19,0.69,0.73,insider_data_leakage
3126,HL7_API,billing,SF,5843,2874,0,3,0,0,12,75,0.37,0.85,data_modification
1595,PACS,patient_records,S0,8847,2193,0,3,0,0,3,66,0.06,0.85,privilege_misuse
2962,HL7_API,patient_records,SF,536,2332,1,2,0,1,16,94,0.17,0.62,policy_violation
135,HL7_API,prescriptions,S0,8145,4865,1,4,0,0,18,61,0.99,0.7,data_modification
2908,EHR,patient_records,S0,3636,2492,1,1,1,1,4,36,0.79,0.9,insider_data_leakage
41,EHR,lab_results,SF,5368,3336,1,4,1,1,0,64,0.34,0.06,audit_log_tampering
605,HL7_API,billing,SF,2110,7613,0,1,0,0,1,61,0.84,0.32,audit_log_tampering
1300,PACS,patient_records,SF,4842,5503,1,4,0,0,15,56,0.09,0.16,insider_data_leakage
3342,EHR,lab_results,REJ,7920,3179,0,2,0,1,4,14,0.43,0.4,unauthorized_access
2733,EHR,prescriptions,SF,7014,621,1,3,1,0,4,69,0.48,0.82,privilege_misuse
1683,PACS,prescriptions,S0,7054,3967,0,5,0,1,8,28,0.29,0.79,unauthorized_access
1808,HL7_API,lab_results,REJ,564,405,1,1,1,0,13,55,0.58,0.6,policy_violation
1427,HL7_API,radiology,SF,8605,3783,1,5,0,0,6,96,0.77,0.75,policy_violation
2385,HL7_API,prescriptions,REJ,8013,1641,0,3,0,0,18,87,0.1,0.13,privilege_misuse
1240,HL7_API,radiology,SF,8233,1375,0,4,1,0,16,48,0.31,0.0,unauthorized_access
3274,PACS,patient_records,S0,852,4331,0,5,0,0,7,5,0.7,0.77,credential_sharing
1416,HL7_API,billing,S0,8517,3384,1,2,0,0,0,79,0.15,0.51,insider_data_leakage
1830,EHR,lab_results,SF,6724,2225,1,1,0,0,13,59,0.63,0.47,audit_log_tampering
1134,PACS,prescriptions,REJ,8859,3078,1,1,0,1,20,7,0.1,0.25,privilege_misuse
1007,HL7_API,patient_records,SF,2457,1556,1,4,1,0,20,82,0.87,0.31,audit_log_tampering
1555,EHR,radiology,SF,282,4563,0,4,0,0,0,7,0.15,0.55,credential_sharing
2042,HL7_API,billing,S0,5330,91,1,5,0,0,16,60,0.01,0.42,audit_log_tampering
2295,PACS,prescriptions,SF,9133,6845,1,3,0,0,4,5,0.53,0.42,insider_data_leakage
1015,PACS,patient_records,SF,5940,1901,0,3,0,1,13,36,0.23,0.06,data_modification
2165,EHR,lab_results,S0,6021,7677,1,5,0,1,13,36,0.87,0.04,insider_data_leakage
1907,PACS,radiology,SF,832,5416,0,2,0,0,0,58,0.05,0.3,audit_log_tampering
2121,PACS,lab_results,SF,3950,608,0,1,0,1,1,30,0.46,0.01,insider_data_leakage
121,HL7_API,patient_records,SF,5727,910,1,1,1,0,4,72,0.9,0.42,unauthorized_access
3241,HL7_API,lab_results,REJ,5120,5634,1,1,1,0,6,67,0.5,0.71,privilege_misuse
2079,EHR,radiology,SF,9723,5241,0,5,0,0,9,10,0.17,0.72,privilege_misuse
2306,PACS,billing,S0,7275,1815,1,5,0,0,19,35,0.38,0.49,audit_log_tampering
1476,PACS,lab_results,S0,4737,6289,0,4,1,1,19,36,0.58,0.84,insider_data_leakage
2675,EHR,patient_records,SF,2635,6874,0,3,1,1,15,18,0.74,0.03,privilege_misuse
807,HL7_API,patient_records,S0,8873,6873,0,0,0,0,1,43,0.68,0.69,normal
2014,HL7_API,patient_records,S0,3151,1781,1,3,1,1,18,50,0.02,0.95,data_modification
2743,HL7_API,lab_results,S0,1167,5962,1,4,0,0,11,88,0.9,0.41,insider_data_leakage
238,PACS,prescriptions,SF,4546,2041,1,3,1,0,16,11,0.13,0.04,audit_log_tampering
2148,HL7_API,billing,S0,4450,4330,0,2,1,1,7,89,0.05,0.24,data_modification
1964,PACS,radiology,S0,7138,3891,0,1,1,0,5,8,0.67,0.19,policy_violation
2167,PACS,billing,REJ,7889,5024,1,4,0,1,3,9,0.79,0.05,insider_data_leakage
3512,PACS,billing,REJ,643,2011,1,4,1,0,9,3,0.24,0.38,unauthorized_access
1919,EHR,billing,SF,1369,6652,0,3,0,0,8,78,0.79,0.8,insider_data_leakage
1577,PACS,lab_results,S0,4218,7626,0,4,0,0,15,22,0.52,0.7,privilege_misuse
2577,PACS,prescriptions,SF,3488,4747,0,1,0,1,10,31,0.69,0.22,audit_log_tampering
482,EHR,lab_results,REJ,5509,1798,0,1,0,0,5,55,0.86,0.06,data_modification
2221,EHR,billing,S0,3516,1706,0,1,0,1,17,57,0.69,0.04,unauthorized_access
2758,EHR,billing,REJ,3691,6640,0,1,0,0,15,58,0.63,0.03,normal
414,HL7_API,patient_records,S0,7057,3800,0,4,1,0,17,43,0.97,0.07,credential_sharing
134,HL7_API,patient_records,REJ,3920,6217,0,1,0,0,10,57,0.83,0.96,normal
892,HL7_API,prescriptions,REJ,8091,4424,0,5,0,0,16,50,0.13,0.38,data_modification
3017,EHR,lab_results,REJ,8730,6646,0,3,1,0,0,86,0.5,0.99,audit_log_tampering
136,HL7_API,lab_results,REJ,4922,323,0,1,0,0,17,58,0.4,0.09,normal
1824,EHR,billing,REJ,1583,611,1,2,0,0,18,4,0.31,0.37,policy_violation
2969,HL7_API,prescriptions,REJ,6474,1500,1,3,1,0,15,27,0.18,0.19,unauthorized_access
508,HL7_API,prescriptions,REJ,6113,2622,1,4,1,1,8,35,0.78,0.64,audit_log_tampering
633,HL7_API,prescriptions,REJ,7917,2587,1,1,0,0,14,59,0.52,0.42,privilege_misuse
2413,PACS,prescriptions,S0,9222,2828,0,1,0,0,1,88,0.43,0.45,credential_sharing
2578,EHR,patient_records,REJ,6842,4761,1,1,1,1,6,58,0.26,0.07,credential_sharing
810,PACS,prescriptions,S0,6301,4264,0,5,0,0,5,39,0.96,0.7,policy_violation
3254,HL7_API,patient_records,REJ,7145,2370,0,4,0,0,10,65,0.5,0.68,policy_violation
634,EHR,patient_records,SF,899,7645,1,2,0,0,3,39,0.4,0.75,data_modification
2222,PACS,prescriptions,S0,7083,2000,0,4,1,1,14,40,0.4,0.44,credential_sharing
1593,EHR,prescriptions,S0,5758,7850,0,4,1,1,12,61,0.47,0.55,insider_data_leakage
2334,PACS,billing,SF,7534,534,1,5,1,1,13,19,0.31,0.17,audit_log_tampering
786,PACS,radiology,REJ,7022,5008,0,1,1,0,13,86,0.7,0.95,unauthorized_access
2469,HL7_API,prescriptions,REJ,8397,5381,1,1,1,1,19,88,0.76,0.06,insider_data_leakage
2267,HL7_API,lab_results,REJ,999,5791,0,5,1,0,17,12,0.81,0.56,privilege_misuse
86,PACS,radiology,SF,2569,4387,0,1,1,1,6,20,0.64,0.31,policy_violation
956,EHR,patient_records,REJ,6912,1040,0,5,0,1,18,4,0.71,0.84,policy_violation
450,HL7_API,billing,SF,7143,7242,1,5,1,1,2,36,0.82,0.02,unauthorized_access
2905,HL7_API,radiology,SF,9456,6538,0,4,0,1,2,32,0.65,0.45,data_modification
2190,HL7_API,lab_results,REJ,9807,2781,0,3,0,0,19,58,0.1,0.65,audit_log_tampering
22,PACS,patient_records,S0,8686,5166,0,5,0,1,14,51,0.92,0.08,audit_log_tampering
3078,PACS,billing,REJ,910,5756,1,4,0,0,3,18,0.48,0.1,privilege_misuse
3284,EHR,radiology,SF,2014,6213,1,2,0,0,3,4,0.63,0.12,privilege_misuse
1618,EHR,prescriptions,S0,2528,1792,1,2,1,0,12,60,0.74,0.73,credential_sharing
3077,EHR,radiology,S0,9847,6189,0,1,1,0,6,75,0.07,0.34,data_modification
1791,EHR,patient_records,REJ,7450,1866,1,5,0,1,11,39,0.46,0.43,audit_log_tampering
2898,HL7_API,patient_records,SF,9614,6609,1,5,0,0,3,8,0.29,0.77,credential_sharing
1418,EHR,patient_records,SF,9255,294,1,2,1,0,14,90,0.92,0.53,data_modification
1769,EHR,radiology,SF,6784,7465,1,1,0,1,19,84,0.81,0.27,policy_violation
2043,HL7_API,radiology,S0,8596,6464,0,4,0,0,9,42,0.92,0.66,data_modification
2030,EHR,billing,SF,9489,4851,1,4,1,0,16,76,0.83,0.58,credential_sharing
1165,PACS,radiology,SF,8917,3346,0,2,1,1,18,69,0.24,0.08,insider_data_leakage
837,HL7_API,prescriptions,S0,9781,5131,1,5,0,1,5,75,0.65,0.28,credential_sharing
2879,EHR,patient_records,REJ,3022,7557,0,4,0,1,10,86,0.09,0.91,credential_sharing
3078,PACS,prescriptions,SF,8785,6717,1,1,1,1,17,63,0.31,0.9,credential_sharing
3017,HL7_API,prescriptions,S0,4073,6127,0,2,1,1,1,8,0.64,0.24,audit_log_tampering
288,HL7_API,radiology,S0,3155,1461,1,3,1,0,18,48,0.18,0.7,policy_violation
2944,EHR,prescriptions,S0,3873,3966,0,3,0,1,13,38,0.44,0.67,credential_sharing
3027,HL7_API,patient_records,SF,2799,4043,1,4,0,1,15,15,0.94,0.17,insider_data_leakage
1054,HL7_API,lab_results,S0,2534,206,1,4,1,0,1,49,0.93,0.92,audit_log_tampering
464,EHR,patient_records,REJ,1197,6371,0,1,1,1,19,41,0.67,0.76,unauthorized_access
3020,HL7_API,prescriptions,REJ,6683,6452,1,1,0,0,6,74,0.77,0.65,normal
2303,HL7_API,radiology,REJ,4527,1343,0,2,0,1,8,14,0.97,0.58,unauthorized_access
448,EHR,billing,SF,8112,7883,0,1,1,1,10,39,0.86,0.69,unauthorized_access
2256,PACS,prescriptions,S0,4954,7544,0,3,1,1,1,96,0.01,0.18,data_modification
720,HL7_API,lab_results,REJ,9393,7443,0,2,0,0,18,76,0.74,0.75,audit_log_tampering
2397,EHR,billing,SF,9386,3809,1,0,0,0,2,96,0.44,0.44,normal
594,EHR,patient_records,REJ,2765,3282,0,1,1,0,19,34,0.69,0.61,unauthorized_access
1102,PACS,patient_records,S0,7151,736,0,1,1,1,12,60,0.13,0.35,data_modification
2047,HL7_API,billing,SF,6015,4897,1,1,1,0,11,10,0.53,0.48,unauthorized_access
3434,HL7_API,lab_results,S0,6633,5891,0,4,0,1,5,6,0.09,0.04,policy_violation
847,HL7_API,prescriptions,SF,2701,6308,0,2,1,0,3,93,0.18,0.9,unauthorized_access
2419,PACS,lab_results,REJ,6003,6319,1,2,1,1,7,5,0.78,0.53,audit_log_tampering
2390,EHR,radiology,S0,880,4951,1,1,1,1,9,57,0.47,0.23,credential_sharing
1743,HL7_API,prescriptions,REJ,4727,7012,1,3,1,0,6,83,0.98,0.79,credential_sharing
1185,HL7_API,billing,REJ,4691,3599,0,3,0,0,20,100,0.16,0.4,unauthorized_access
2056,HL7_API,patient_records,S0,2006,7437,1,1,1,1,4,62,0.0,0.68,policy_violation
1619,PACS,billing,REJ,3028,3906,0,2,1,1,11,26,0.73,0.47,policy_violation
1229,HL7_API,patient_records,REJ,9338,6406,1,0,0,0,3,65,0.66,0.72,normal
1720,PACS,radiology,REJ,5829,4003,1,3,0,0,13,96,0.29,0.12,credential_sharing
2977,EHR,patient_records,SF,1030,4497,1,4,1,0,0,57,0.32,0.52,data_modification
702,EHR,billing,S0,3067,1332,1,3,1,1,8,31,0.21,0.02,audit_log_tampering
56,PACS,lab_results,S0,6204,2990,1,4,0,1,1,35,0.29,0.07,audit_log_tampering
3047,EHR,patient_records,SF,4093,3851,0,5,0,1,11,69,0.83,0.17,credential_sharing
1329,PACS,radiology,REJ,4740,794,1,1,0,0,6,62,0.71,0.46,insider_data_leakage
2536,EHR,prescriptions,SF,703,2565,1,1,1,1,7,70,1.0,0.43,audit_log_tampering
337,HL7_API,lab_results,REJ,4044,6229,1,1,0,0,7,34,0.36,0.05,insider_data_leakage
920,PACS,patient_records,S0,265,4942,1,3,1,1,16,1,0.36,0.51,insider_data_leakage
723,HL7_API,lab_results,REJ,2323,682,1,0,0,0,12,38,0.14,0.98,normal
2359,HL7_API,prescriptions,S0,3545,4248,0,5,0,1,13,12,0.85,0.21,privilege_misuse
1206,HL7_API,radiology,REJ,5893,3289,0,2,0,0,11,26,0.48,0.34,privilege_misuse
1273,HL7_API,billing,S0,8058,6467,1,3,1,1,1,67,0.21,0.95,privilege_misuse
553,HL7_API,radiology,SF,8233,386,0,5,0,0,2,52,0.38,0.2,policy_violation
2425,PACS,prescriptions,S0,3565,2283,0,3,0,1,12,89,0.65,0.14,credential_sharing
200,PACS,billing,SF,9630,7677,0,5,1,1,6,98,0.1,0.39,privilege_misuse
635,HL7_API,radiology,S0,5779,7785,1,5,1,0,20,7,0.8,0.77,audit_log_tampering
2735,HL7_API,billing,SF,3507,7944,1,3,0,0,2,49,0.01,0.35,privilege_misuse
1667,PACS,patient_records,S0,8235,1291,0,5,1,1,6,56,0.25,0.33,insider_data_leakage
1311,EHR,billing,SF,620,419,0,1,0,0,6,69,0.49,0.02,credential_sharing
39,HL7_API,prescriptions,S0,2066,2519,1,5,1,0,15,21,0.13,0.28,credential_sharing
1748,PACS,lab_results,REJ,7963,3179,0,4,0,1,7,82,0.08,0.44,credential_sharing
945,HL7_API,billing,REJ,5685,3566,1,0,0,0,13,90,0.73,0.27,normal
364,PACS,billing,REJ,2801,7910,1,4,0,1,18,11,0.58,0.33,credential_sharing
2185,HL7_API,radiology,SF,2677,38,0,3,0,0,1,40,0.71,0.24,unauthorized_access
430,HL7_API,billing,REJ,9031,6668,0,5,1,1,18,1,0.25,0.78,insider_data_leakage
1404,HL7_API,patient_records,REJ,5361,4422,1,0,0,0,11,72,0.76,0.11,normal
2853,PACS,patient_records,SF,8210,6763,1,3,0,1,9,9,0.59,0.26,policy_violation
3297,PACS,radiology,REJ,3665,4527,0,1,0,0,10,26,0.06,0.85,normal
1094,EHR,billing,REJ,3337,4040,1,4,1,1,4,26,0.93,0.99,insider_data_leakage
1571,PACS,prescriptions,REJ,2315,5051,1,2,0,0,19,32,0.64,0.26,audit_log_tampering
2039,PACS,lab_results,S0,8532,5758,1,0,0,0,19,49,0.65,0.17,normal
469,PACS,lab_results,REJ,5924,4043,1,4,0,1,4,96,0.78,0.43,policy_violation
2887,EHR,lab_results,REJ,3087,6438,1,1,0,0,7,44,0.63,0.5,normal
1505,HL7_API,billing,REJ,9573,4296,0,3,1,0,9,6,0.83,0.51,data_modification
1450,PACS,lab_results,REJ,6087,1458,0,4,1,0,6,1,0.92,0.85,data_modification
1742,EHR,lab_results,REJ,2978,1994,0,3,1,0,6,22,0.13,0.88,credential_sharing
1035,EHR,radiology,S0,4809,987,0,4,0,1,0,100,0.96,0.43,data_modification
16,PACS,radiology,SF,1178,995,1,0,0,0,1,33,0.68,0.23,normal
1536,HL7_API,lab_results,REJ,7258,4916,1,1,0,1,2,77,0.18,0.32,privilege_misuse
3542,EHR,lab_results,REJ,470,6430,0,2,1,1,5,82,0.16,0.51,unauthorized_access
968,HL7_API,billing,REJ,5382,2309,0,2,1,0,6,58,0.88,0.78,data_modification
126,HL7_API,lab_results,SF,2603,3979,1,1,0,1,6,47,0.52,0.86,insider_data_leakage
3218,EHR,prescriptions,SF,9459,130,0,3,1,0,0,78,0.27,0.46,unauthorized_access
261,EHR,lab_results,S0,2785,966,1,5,1,1,15,99,0.91,0.98,data_modification
3473,PACS,billing,SF,8297,6821,0,4,0,0,2,36,0.41,0.2,data_modification
1431,EHR,prescriptions,REJ,6166,7446,1,1,0,1,1,44,0.73,0.87,credential_sharing
3029,EHR,patient_records,S0,9533,4850,1,3,0,1,9,16,0.1,0.84,credential_sharing
1589,EHR,patient_records,REJ,8312,4333,0,3,0,1,20,5,0.06,0.57,audit_log_tampering
1153,PACS,billing,S0,5997,5753,1,2,0,1,1,18,0.52,0.43,unauthorized_access
169,HL7_API,prescriptions,REJ,345,2482,1,2,1,0,3,46,0.1,0.71,data_modification
3391,PACS,lab_results,SF,9736,1197,0,3,0,0,5,92,0.59,0.02,privilege_misuse
2099,PACS,billing,REJ,8244,1524,0,4,1,1,7,26,0.89,0.19,insider_data_leakage
2436,EHR,prescriptions,SF,9425,4006,1,4,0,1,1,4,0.3,0.12,audit_log_tampering
1185,EHR,billing,SF,8309,1467,1,3,0,1,17,73,0.05,0.95,credential_sharing
700,HL7_API,lab_results,REJ,2406,13,0,5,1,0,20,16,0.46,0.44,policy_violation
764,PACS,patient_records,S0,454,6344,1,2,0,0,20,79,0.46,0.55,credential_sharing
3178,HL7_API,patient_records,SF,8677,4752,0,1,0,0,10,1,0.31,0.57,normal
308,EHR,radiology,SF,3093,6419,0,5,0,0,9,93,0.39,0.32,unauthorized_access
65,PACS,patient_records,REJ,4324,2696,1,1,1,1,5,53,0.13,0.12,policy_violation
819,EHR,billing,S0,1305,667,1,5,1,1,9,94,0.26,0.69,unauthorized_access
1249,HL7_API,lab_results,S0,561,6350,0,5,1,1,8,25,0.57,0.7,policy_violation
2947,EHR,radiology,SF,1368,880,0,4,0,0,11,97,0.37,0.87,audit_log_tampering
1308,PACS,patient_records,SF,1947,354,0,2,0,1,2,17,0.51,0.05,unauthorized_access
3124,PACS,radiology,S0,8692,7975,1,0,0,0,13,4,0.64,0.44,normal
47,EHR,prescriptions,REJ,1335,4177,1,5,1,1,19,25,0.66,0.4,policy_violation
1526,PACS,patient_records,SF,8903,7049,0,4,1,0,0,40,0.13,0.84,data_modification
2621,PACS,billing,REJ,1765,637,1,2,0,0,7,93,0.19,0.89,insider_data_leakage
1801,HL7_API,patient_records,SF,3645,3892,1,1,1,0,15,7,0.37,0.83,data_modification
2092,PACS,billing,S0,9208,2619,0,5,0,0,6,23,0.94,0.62,data_modification
245,HL7_API,prescriptions,S0,3845,4397,1,3,1,0,3,70,0.44,0.09,credential_sharing
2992,EHR,lab_results,REJ,4697,251,0,2,0,1,18,17,0.48,0.05,data_modification
1775,HL7_API,prescriptions,SF,6068,4394,1,0,0,0,4,23,0.56,0.03,normal
2607,PACS,lab_results,S0,4759,216,0,3,0,0,14,87,0.65,0.68,policy_violation
236,HL7_API,lab_results,S0,1311,6063,0,4,1,1,9,48,0.64,0.26,unauthorized_access
1639,HL7_API,patient_records,SF,6080,6351,0,4,0,1,17,53,0.08,0.01,data_modification
730,PACS,billing,SF,1414,2890,0,5,1,1,16,85,0.59,0.89,policy_violation
2990,EHR,prescriptions,SF,4552,1629,1,1,0,1,18,36,0.29,0.69,privilege_misuse
3406,HL7_API,patient_records,REJ,3718,3138,1,5,1,1,17,47,0.24,0.06,credential_sharing
1892,HL7_API,patient_records,SF,4905,1151,0,0,0,0,4,99,0.68,0.92,normal
295,EHR,prescriptions,REJ,7967,747,0,2,1,0,9,12,0.61,0.41,policy_violation
1937,PACS,lab_results,SF,8368,4588,0,2,1,0,1,33,0.21,0.35,unauthorized_access
1172,EHR,billing,S0,3927,7949,0,5,0,1,16,72,0.89,0.31,credential_sharing
45,HL7_API,billing,REJ,3589,5733,1,2,1,1,3,54,0.34,0.88,data_modification
3137,HL7_API,patient_records,REJ,4007,1106,1,4,1,1,1,22,0.47,0.52,credential_sharing
881,EHR,patient_records,SF,7192,5495,1,0,0,0,5,51,0.99,0.11,normal
3208,EHR,prescriptions,S0,9011,1347,1,4,0,0,0,15,0.74,0.78,insider_data_leakage
1980,PACS,billing,S0,202,5098,0,1,1,1,4,96,0.09,0.3,data_modification
195,HL7_API,billing,SF,676,3674,1,5,0,0,3,29,0.99,0.58,data_modification
3216,HL7_API,radiology,REJ,5116,7469,1,0,0,0,13,4,0.67,0.7,normal
3168,EHR,radiology,S0,9794,5736,1,1,0,1,1,82,0.33,0.32,unauthorized_access
165,HL7_API,patient_records,SF,2931,4183,0,5,1,1,1,91,0.48,0.43,insider_data_leakage
1509,EHR,prescriptions,REJ,3562,4281,1,3,0,1,4,64,0.15,0.67,unauthorized_access
1942,HL7_API,patient_records,S0,3768,5868,1,2,1,1,18,41,0.71,0.75,audit_log_tampering
1656,PACS,patient_records,S0,5065,966,1,3,1,1,7,19,0.12,0.35,unauthorized_access
1906,EHR,patient_records,REJ,8196,1722,0,2,0,1,6,48,0.25,0.26,policy_violation
3091,EHR,radiology,S0,6912,4289,0,5,0,0,0,49,0.69,0.42,unauthorized_access
628,PACS,lab_results,SF,8027,6453,1,3,1,0,11,7,0.76,0.59,unauthorized_access
369,EHR,radiology,S0,9461,3161,0,2,1,1,18,7,0.99,0.58,policy_violation
3469,EHR,radiology,S0,8452,193,1,3,1,0,6,20,0.4,0.61,data_modification
992,PACS,patient_records,SF,5764,6449,1,3,1,1,15,87,0.47,0.01,data_modification
1179,EHR,lab_results,REJ,6410,4836,1,3,0,0,12,36,0.18,0.57,privilege_misuse
162,PACS,lab_results,S0,5315,5851,0,4,0,1,7,57,0.67,0.93,policy_violation
1554,HL7_API,lab_results,S0,3195,389,0,4,1,1,7,28,0.36,0.21,audit_log_tampering
1682,PACS,radiology,SF,2048,5681,0,1,0,0,8,64,0.54,0.92,normal
476,EHR,radiology,REJ,806,763,0,2,0,0,9,79,0.98,0.36,insider_data_leakage
954,PACS,lab_results,S0,8884,2398,1,5,0,1,0,57,0.91,0.54,data_modification
2219,PACS,lab_results,REJ,9536,657,1,1,0,1,13,87,0.1,0.38,credential_sharing
2144,EHR,radiology,S0,2054,4861,0,1,0,0,12,69,0.29,0.37,normal
1832,PACS,patient_records,S0,5442,5683,0,1,1,0,13,35,0.32,0.36,data_modification
618,EHR,radiology,SF,5588,2883,1,3,1,0,1,66,0.81,0.04,data_modification
790,PACS,radiology,REJ,1585,74,1,5,1,1,9,22,0.24,0.95,insider_data_leakage
2652,HL7_API,billing,SF,4872,4886,1,1,1,0,3,43,0.39,0.11,privilege_misuse
1337,PACS,billing,SF,1577,1542,1,1,0,0,18,65,0.89,0.38,normal
3303,HL7_API,lab_results,S0,1688,5139,0,3,0,1,16,25,0.54,0.47,data_modification
3069,PACS,radiology,S0,9524,1383,1,1,1,1,4,37,0.4,0.25,insider_data_leakage
641,HL7_API,lab_results,S0,5400,6130,0,1,0,0,7,53,0.94,0.84,privilege_misuse
82,EHR,lab_results,SF,4954,7109,0,5,0,1,6,10,0.42,0.09,insider_data_leakage
3316,HL7_API,lab_results,S0,5835,5313,0,0,0,0,14,64,1.0,0.62,normal
1383,HL7_API,patient_records,REJ,4622,1683,1,2,1,1,15,37,0.22,0.68,audit_log_tampering
1360,HL7_API,prescriptions,SF,3787,7945,1,2,0,1,10,78,0.04,0.47,data_modification
2979,PACS,patient_records,REJ,906,4182,0,1,1,1,18,9,0.09,0.97,data_modification
1654,PACS,prescriptions,REJ,8984,5620,0,3,0,1,10,56,0.7,0.67,policy_violation
1161,EHR,prescriptions,SF,3007,7754,1,4,1,0,20,39,0.57,0.6,insider_data_leakage
1605,EHR,billing,REJ,9346,2040,1,1,1,0,9,12,0.49,0.47,credential_sharing
3324,PACS,prescriptions,S0,2444,1411,1,1,1,0,16,10,0.66,0.08,audit_log_tampering
2585,PACS,patient_records,REJ,1472,2527,1,4,0,0,17,14,0.1,0.51,insider_data_leakage
3191,HL7_API,prescriptions,REJ,1099,6978,0,1,0,0,16,86,0.15,0.17,audit_log_tampering
2227,HL7_API,lab_results,REJ,9235,7302,1,1,1,1,1,46,0.33,0.54,policy_violation
320,EHR,lab_results,SF,5288,4981,0,5,1,1,9,79,0.53,0.13,unauthorized_access
3416,PACS,lab_results,REJ,3267,600,0,3,1,1,16,58,0.66,0.56,audit_log_tampering
2706,EHR,billing,S0,9928,2603,1,1,0,1,18,26,0.51,0.16,insider_data_leakage
3238,EHR,patient_records,S0,3152,14,1,4,0,1,13,53,0.42,0.23,unauthorized_access
3066,EHR,lab_results,REJ,9488,1074,1,5,0,1,17,46,0.43,0.99,unauthorized_access
2159,EHR,billing,REJ,5881,683,1,4,1,0,14,74,0.0,0.41,privilege_misuse
1555,HL7_API,patient_records,SF,6075,3644,0,1,1,0,19,37,0.45,0.1,policy_violation
1017,PACS,radiology,SF,7188,4121,0,1,0,0,15,80,0.4,0.01,insider_data_leakage
1909,EHR,radiology,SF,3354,599,0,4,1,1,13,47,0.06,0.85,privilege_misuse
3412,PACS,lab_results,S0,2719,4265,1,2,1,1,13,9,0.92,0.05,privilege_misuse
1996,HL7_API,prescriptions,SF,4534,4089,0,5,1,1,2,25,0.09,0.44,policy_violation
2815,EHR,radiology,S0,8816,7135,1,3,0,0,12,51,0.26,0.59,unauthorized_access
1830,HL7_API,billing,S0,9628,3183,1,1,1,1,10,73,0.41,0.8,policy_violation
3267,PACS,radiology,REJ,2546,6757,0,5,1,0,18,26,0.17,0.38,credential_sharing
391,PACS,radiology,S0,2267,3185,0,1,1,1,1,70,0.22,0.44,privilege_misuse
906,PACS,lab_results,S0,367,4351,1,5,1,0,12,42,0.43,0.16,policy_violation
3056,EHR,patient_records,REJ,6052,1573,0,2,0,0,4,73,0.18,0.92,privilege_misuse
3444,PACS,radiology,S0,2892,2032,0,2,1,0,8,55,1.0,0.31,data_modification
559,PACS,billing,REJ,8599,5971,1,4,1,0,5,42,0.26,0.69,credential_sharing
1377,HL7_API,patient_records,S0,4379,2173,1,3,0,1,5,40,0.62,0.34,data_modification
1545,PACS,radiology,S0,8946,6199,0,4,0,0,15,28,0.18,0.33,insider_data_leakage
3252,HL7_API,radiology,S0,8255,5913,1,3,0,1,8,79,0.53,0.53,credential_sharing
2052,PACS,patient_records,REJ,8717,965,0,5,0,0,12,80,0.04,0.16,audit_log_tampering
374,PACS,patient_records,S0,8280,3497,0,2,0,0,6,56,0.48,0.46,data_modification
2993,HL7_API,patient_records,REJ,7352,3214,1,2,0,0,13,49,0.02,0.23,data_modification
890,HL7_API,patient_records,S0,4285,4913,0,5,1,1,5,13,0.47,0.92,credential_sharing
2436,EHR,lab_results,REJ,3557,6846,0,1,1,1,3,17,0.38,0.53,insider_data_leakage
979,HL7_API,lab_results,S0,1971,398,1,5,0,0,12,33,0.79,0.49,audit_log_tampering
773,PACS,prescriptions,SF,8635,7921,1,5,0,1,4,75,0.7,0.67,audit_log_tampering
2232,PACS,lab_results,S0,5846,5778,0,1,0,0,13,5,0.05,0.03,normal
2809,PACS,lab_results,SF,2138,74,0,5,1,1,4,72,0.46,0.13,unauthorized_access
2585,HL7_API,radiology,SF,4799,5709,0,5,0,1,19,85,0.6,0.18,data_modification
3455,PACS,lab_results,S0,3456,4784,1,5,1,0,3,36,0.81,0.89,credential_sharing
546,PACS,lab_results,S0,1470,6428,0,3,1,0,8,44,0.55,0.16,audit_log_tampering
550,HL7_API,radiology,S0,1851,1765,0,1,0,0,15,78,0.12,0.57,unauthorized_access
2003,HL7_API,lab_results,REJ,3974,7453,0,2,1,1,15,45,0.67,0.5,policy_violation
1459,EHR,prescriptions,SF,8676,7242,1,2,0,1,15,34,0.34,0.84,insider_data_leakage
1531,HL7_API,prescriptions,S0,4114,7093,1,5,0,1,5,7,0.24,0.59,credential_sharing
2586,PACS,patient_records,REJ,5533,7512,1,3,0,0,4,4,0.07,0.44,privilege_misuse
3144,EHR,patient_records,REJ,3030,2314,0,1,0,0,18,17,0.15,0.29,normal
2038,EHR,lab_results,S0,4993,916,1,1,1,0,20,94,0.72,0.79,credential_sharing
1341,EHR,prescriptions,REJ,3367,6583,1,4,0,0,0,65,0.5,0.51,unauthorized_access
3009,PACS,radiology,SF,4163,6313,0,1,1,1,12,88,0.4,0.95,data_modification
3502,PACS,lab_results,REJ,3904,2278,1,4,0,0,7,31,0.99,0.43,privilege_misuse
1844,HL7_API,prescriptions,SF,1237,6391,0,5,1,1,3,40,0.08,0.59,audit_log_tampering
3126,PACS,radiology,REJ,271,3219,1,1,0,0,1,87,0.37,0.38,normal
3124,PACS,billing,SF,4632,5911,0,4,1,1,10,32,0.75,0.7,data_modification
62,HL7_API,lab_results,REJ,4187,4709,1,1,0,0,19,28,0.71,0.15,unauthorized_access
363,EHR,lab_results,S0,5368,6250,0,1,1,0,20,94,0.33,0.42,privilege_misuse
1880,PACS,billing,REJ,2054,36,0,4,1,0,6,69,0.19,0.75,data_modification
3206,EHR,radiology,S0,7747,3922,0,3,0,0,6,97,0.07,0.63,privilege_misuse
3215,PACS,billing,S0,1001,3668,0,1,0,0,10,78,0.41,0.49,normal
2848,HL7_API,patient_records,SF,2651,2517,1,2,0,0,0,43,0.13,0.46,insider_data_leakage
2283,EHR,billing,SF,2835,5144,1,1,1,1,7,49,0.14,0.3,policy_violation
2726,PACS,lab_results,S0,6848,754,0,1,0,0,14,5,0.4,0.94,normal
2655,EHR,radiology,SF,432,6102,1,3,1,1,4,79,0.01,0.75,data_modification
2160,PACS,billing,S0,4350,253,1,2,0,1,4,95,0.07,0.76,privilege_misuse
1204,EHR,billing,S0,5786,389,1,5,1,0,13,14,0.28,0.85,data_modification
3388,PACS,patient_records,S0,6301,2098,0,4,0,1,16,77,0.72,0.21,privilege_misuse
2960,EHR,lab_results,SF,5297,1053,0,2,1,1,18,78,0.07,0.02,audit_log_tampering
444,EHR,patient_records,S0,9474,6521,0,1,1,0,12,45,0.97,0.69,policy_violation
1060,PACS,prescriptions,SF,9398,6725,0,3,1,1,0,42,0.73,0.76,credential_sharing
2823,PACS,billing,SF,6841,4643,1,1,1,0,18,13,0.15,0.27,privilege_misuse
184,EHR,lab_results,REJ,8092,1150,0,1,0,1,7,94,0.52,0.47,unauthorized_access
570,EHR,prescriptions,S0,1137,1857,1,2,1,1,6,96,0.1,0.05,credential_sharing
2750,EHR,prescriptions,S0,9008,5321,0,2,0,0,0,94,0.82,0.19,policy_violation
3072,PACS,prescriptions,SF,1200,6939,1,3,1,0,3,13,0.71,0.18,unauthorized_access
3046,PACS,radiology,S0,2175,5924,1,4,0,1,13,25,0.67,0.22,unauthorized_access
2988,HL7_API,prescriptions,REJ,3302,599,0,2,0,0,1,94,0.39,0.19,data_modification
3252,EHR,patient_records,SF,780,6320,1,4,0,1,13,95,0.51,0.59,data_modification
3578,EHR,lab_results,REJ,1754,5988,1,3,1,1,13,27,0.97,0.01,policy_violation
1499,EHR,patient_records,S0,9726,630,0,2,1,1,16,15,0.43,0.98,data_modification
3096,HL7_API,radiology,SF,5583,7002,0,3,1,0,19,19,0.52,0.2,insider_data_leakage
1759,EHR,lab_results,REJ,4655,1447,0,2,1,1,10,98,0.78,0.26,insider_data_leakage
1002,EHR,prescriptions,REJ,9121,3664,1,1,1,0,18,68,0.85,0.13,insider_data_leakage
1138,EHR,billing,S0,3109,2418,0,4,0,0,20,43,0.93,0.21,audit_log_tampering
906,EHR,patient_records,REJ,6691,7243,0,3,0,0,11,7,0.54,0.87,unauthorized_access
1426,PACS,prescriptions,REJ,5579,7882,0,3,0,0,17,17,0.1,0.97,data_modification
2352,EHR,billing,S0,7687,5709,0,2,1,1,11,23,0.62,0.74,insider_data_leakage
2983,HL7_API,billing,REJ,3735,5661,1,2,0,0,8,61,0.63,0.39,credential_sharing
1653,PACS,prescriptions,REJ,6326,7815,1,2,0,0,7,67,0.99,0.87,policy_violation
1466,PACS,prescriptions,REJ,6878,6301,1,2,0,0,19,59,0.46,0.13,credential_sharing
706,PACS,patient_records,S0,6498,5478,0,3,1,1,3,72,0.54,0.37,unauthorized_access
727,EHR,billing,S0,7387,917,1,4,0,1,17,57,0.98,0.79,unauthorized_access
3162,EHR,lab_results,S0,4907,2041,0,1,0,0,4,55,0.35,0.56,insider_data_leakage
1252,HL7_API,prescriptions,S0,6952,1331,1,5,1,1,20,17,0.42,0.53,audit_log_tampering
1408,PACS,lab_results,REJ,8751,542,0,2,1,1,0,79,0.42,0.11,privilege_misuse
2406,PACS,prescriptions,REJ,6212,6493,1,3,1,0,17,6,0.95,0.15,insider_data_leakage
3391,EHR,lab_results,SF,4591,4571,0,5,1,1,0,14,0.33,0.33,insider_data_leakage
760,HL7_API,patient_records,REJ,8520,7961,0,2,1,0,3,18,0.25,0.77,credential_sharing
801,HL7_API,prescriptions,REJ,2055,2880,1,3,1,0,6,5,0.61,0.01,unauthorized_access
466,HL7_API,patient_records,REJ,4994,1197,1,2,1,0,18,97,0.72,0.76,policy_violation
715,PACS,prescriptions,REJ,3109,2026,1,2,0,0,13,95,0.82,0.72,policy_violation
2563,PACS,patient_records,S0,6609,2757,0,5,1,1,14,2,0.8,0.04,audit_log_tampering
2507,PACS,billing,REJ,1635,6456,0,2,1,0,13,76,0.04,0.78,insider_data_leakage
2729,PACS,prescriptions,REJ,9047,4098,0,1,0,0,20,6,0.6,0.33,normal
251,PACS,billing,S0,2531,4329,0,2,1,1,17,15,0.69,0.25,data_modification
3497,PACS,lab_results,REJ,3955,4276,0,4,0,0,16,26,0.94,0.23,policy_violation
2228,EHR,prescriptions,S0,5420,7368,0,1,0,0,3,11,0.38,0.27,credential_sharing
2765,PACS,prescriptions,S0,5958,6808,0,3,0,0,18,56,0.82,0.33,audit_log_tampering
1242,EHR,radiology,SF,5667,1327,1,2,0,0,11,56,0.38,0.78,privilege_misuse
1235,EHR,billing,S0,3344,985,1,1,1,1,5,54,0.25,0.13,audit_log_tampering
3176,HL7_API,lab_results,SF,9080,1173,1,1,1,0,16,90,0.11,0.67,policy_violation
1300,HL7_API,prescriptions,REJ,6723,5380,1,1,1,0,7,79,0.03,0.06,privilege_misuse
3124,PACS,lab_results,S0,4329,3723,0,4,1,1,11,63,0.56,0.1,unauthorized_access
57,HL7_API,lab_results,REJ,4045,5149,1,1,0,0,7,22,0.18,0.2,normal
2366,PACS,prescriptions,SF,1215,1413,0,2,1,1,16,19,0.13,0.43,policy_violation
3483,HL7_API,billing,SF,9325,3767,0,0,0,0,10,24,0.93,0.11,normal
2805,PACS,radiology,REJ,2019,6465,0,2,0,0,12,52,0.2,0.13,credential_sharing
1303,HL7_API,prescriptions,SF,5632,4090,1,2,0,0,3,26,0.27,0.3,credential_sharing
2196,PACS,patient_records,SF,9113,6839,1,4,1,0,9,100,0.25,0.12,credential_sharing
2775,EHR,patient_records,SF,1835,5307,1,2,0,0,14,21,0.09,0.95,audit_log_tampering
1436,HL7_API,prescriptions,REJ,3776,5964,1,5,0,1,5,91,0.04,0.92,credential_sharing
749,PACS,billing,SF,3846,1407,1,4,1,1,17,6,0.0,0.09,credential_sharing
171,PACS,prescriptions,REJ,8520,6810,1,1,0,0,4,34,0.24,0.25,data_modification
3038,EHR,prescriptions,REJ,2849,7563,1,5,1,0,12,85,0.69,0.22,policy_violation
2401,EHR,prescriptions,REJ,6901,4816,0,3,1,1,10,57,0.88,0.17,insider_data_leakage
3542,HL7_API,billing,SF,2024,864,0,5,1,0,8,89,0.57,0.74,audit_log_tampering
2377,EHR,prescriptions,SF,468,5263,0,4,0,0,3,62,0.1,1.0,unauthorized_access
2031,EHR,billing,S0,4585,5631,0,1,0,0,7,82,0.57,0.55,normal
1965,HL7_API,prescriptions,SF,2000,6288,0,3,1,0,11,45,0.76,0.89,policy_violation
1763,EHR,lab_results,REJ,1243,1950,0,4,1,0,20,74,0.95,0.53,unauthorized_access
1,HL7_API,prescriptions,SF,2443,3564,1,2,0,1,11,19,0.47,0.97,credential_sharing
1849,EHR,billing,S0,2855,5792,0,4,0,1,5,47,0.41,0.42,credential_sharing
337,PACS,billing,REJ,6823,6641,0,5,1,1,17,63,0.22,0.81,credential_sharing
548,EHR,lab_results,S0,7339,3429,0,1,1,1,10,35,0.46,0.12,data_modification
2084,EHR,lab_results,S0,7329,5023,0,2,0,0,19,2,0.5,0.8,privilege_misuse
1612,PACS,patient_records,SF,9726,7694,0,2,0,0,7,58,0.21,0.59,data_modification
1897,HL7_API,prescriptions,REJ,5384,6308,1,0,0,0,9,70,0.48,0.57,normal
1138,EHR,prescriptions,SF,5818,6717,1,1,1,0,15,43,0.59,0.11,data_modification
1715,PACS,radiology,S0,9642,5423,0,4,1,1,12,76,0.6,0.64,insider_data_leakage
2153,PACS,patient_records,REJ,5017,2291,0,5,1,1,4,68,0.87,0.06,unauthorized_access
1261,EHR,patient_records,S0,1204,675,1,1,1,1,0,10,0.89,0.98,privilege_misuse
448,PACS,patient_records,REJ,217,2336,0,1,0,0,12,13,0.11,0.15,normal
1880,EHR,lab_results,S0,3113,7521,1,1,1,0,5,28,0.82,0.37,credential_sharing
261,EHR,patient_records,REJ,7467,6069,0,3,1,1,8,72,0.97,0.14,privilege_misuse
2898,EHR,billing,REJ,4017,156,0,4,1,1,4,82,0.6,0.64,insider_data_leakage
2936,HL7_API,lab_results,S0,5958,2062,0,4,1,0,5,100,0.06,0.16,credential_sharing
391,EHR,patient_records,S0,4568,1700,0,3,1,0,20,11,0.42,0.74,policy_violation
2081,PACS,billing,SF,8933,5616,1,4,1,0,1,83,0.08,0.6,audit_log_tampering
1099,HL7_API,prescriptions,REJ,975,2853,1,4,0,0,6,54,1.0,0.57,privilege_misuse
1642,HL7_API,billing,REJ,6093,5245,0,2,1,0,14,60,0.32,0.55,credential_sharing
168,HL7_API,prescriptions,REJ,8372,3338,1,5,1,1,8,67,0.19,0.51,data_modification
3333,EHR,radiology,SF,8381,7400,1,1,0,1,17,74,0.03,0.24,privilege_misuse
141,PACS,prescriptions,REJ,7686,4644,0,3,1,0,20,75,0.5,0.41,unauthorized_access
959,PACS,patient_records,REJ,4053,275,1,5,0,0,12,59,0.89,0.7,policy_violation
482,EHR,lab_results,SF,1531,4288,0,1,0,0,11,7,0.28,0.62,normal
619,EHR,patient_records,S0,5369,3834,1,2,1,1,5,50,0.8,0.85,audit_log_tampering
3080,EHR,patient_records,S0,4392,3993,0,1,1,1,4,96,0.63,0.12,audit_log_tampering
3006,HL7_API,billing,SF,8618,6555,0,4,1,1,6,73,0.26,0.87,data_modification
1564,HL7_API,prescriptions,SF,5380,6142,0,3,1,1,2,91,0.8,0.63,unauthorized_access
570,HL7_API,prescriptions,S0,6462,5337,0,5,0,0,8,50,0.95,0.39,data_modification
171,EHR,lab_results,SF,1595,2833,1,1,0,1,9,73,0.24,0.97,privilege_misuse
3488,PACS,patient_records,REJ,980,1201,1,3,1,1,16,12,0.33,0.88,privilege_misuse
876,PACS,billing,S0,6251,7653,0,2,0,0,10,93,0.11,0.71,policy_violation
1977,HL7_API,patient_records,SF,211,7001,1,5,1,1,18,27,0.05,0.57,insider_data_leakage
2821,HL7_API,radiology,REJ,9141,3387,1,5,0,1,19,65,0.88,0.84,policy_violation
421,EHR,patient_records,S0,2082,5221,1,0,0,0,9,4,0.96,0.12,normal
2282,HL7_API,lab_results,S0,2536,7322,1,5,0,0,10,45,0.08,0.77,policy_violation
1720,EHR,billing,REJ,9786,7556,1,3,1,1,5,94,0.28,0.14,audit_log_tampering
1046,EHR,patient_records,REJ,7144,2095,1,1,0,1,17,39,0.82,0.56,unauthorized_access
2782,PACS,billing,REJ,7469,7248,1,2,0,1,11,21,0.14,0.13,audit_log_tampering
416,PACS,billing,SF,676,2768,1,2,1,0,13,93,0.72,0.54,credential_sharing
2803,EHR,radiology,S0,8237,5629,1,2,0,1,11,87,0.08,0.42,unauthorized_access
2338,HL7_API,patient_records,REJ,9939,4953,0,5,1,0,0,76,0.48,0.02,privilege_misuse
2690,HL7_API,radiology,SF,1873,604,0,5,1,0,8,75,0.31,0.44,privilege_misuse
2425,PACS,prescriptions,REJ,7116,5847,1,1,0,0,19,81,0.52,0.44,normal
2117,PACS,billing,SF,7054,4963,0,4,1,0,1,84,0.48,0.65,audit_log_tampering
668,PACS,radiology,REJ,2660,7271,0,3,1,0,13,14,0.09,0.96,data_modification
2858,HL7_API,radiology,REJ,5273,5681,0,4,1,1,2,15,0.32,0.94,credential_sharing
1481,HL7_API,prescriptions,REJ,1691,3918,1,2,0,1,6,45,0.13,0.16,credential_sharing
3401,EHR,billing,S0,4624,2334,1,2,0,0,1,36,0.07,0.91,audit_log_tampering
160,HL7_API,radiology,S0,6405,7003,0,2,0,0,14,8,0.55,0.58,privilege_misuse
637,HL7_API,billing,SF,9588,4270,0,2,1,0,9,22,0.33,0.34,audit_log_tampering
1206,PACS,lab_results,S0,672,2543,0,2,1,1,14,29,0.37,0.03,policy_violation
2390,EHR,prescriptions,SF,8765,6826,0,2,1,0,6,94,0.65,0.26,policy_violation
177,HL7_API,patient_records,S0,3029,1941,0,1,1,1,11,97,0.84,0.87,data_modification
1867,PACS,patient_records,SF,3371,6743,0,3,0,0,18,31,0.9,0.16,privilege_misuse
2636,PACS,lab_results,SF,8899,6223,1,1,0,1,5,39,0.51,0.86,privilege_misuse
372,EHR,patient_records,REJ,1878,460,1,0,0,0,3,98,0.29,0.31,normal
925,EHR,patient_records,S0,7407,7494,1,1,0,0,4,94,0.58,0.36,audit_log_tampering
2112,PACS,billing,REJ,5475,2324,1,2,0,1,15,37,0.63,0.35,unauthorized_access
2640,EHR,radiology,REJ,2617,2882,1,4,0,1,18,80,0.98,0.23,credential_sharing
1233,EHR,lab_results,REJ,4403,1247,1,5,0,1,6,50,0.31,0.44,policy_violation
843,EHR,lab_results,SF,5008,490,0,4,0,0,9,83,0.63,0.12,unauthorized_access
589,HL7_API,billing,SF,8721,7695,1,4,1,1,15,54,0.92,0.5,data_modification
2203,EHR,radiology,SF,4678,3831,0,1,0,0,17,92,0.09,0.69,normal
2000,HL7_API,lab_results,SF,7768,5442,1,2,1,0,18,2,0.55,0.24,privilege_misuse
625,HL7_API,radiology,REJ,7638,2415,0,1,1,0,6,70,0.74,0.25,audit_log_tampering
994,HL7_API,prescriptions,S0,8832,7944,1,1,1,1,1,33,0.63,0.36,data_modification
67,EHR,lab_results,S0,2504,2722,1,3,0,1,0,32,0.93,0.05,audit_log_tampering
3466,PACS,lab_results,S0,2904,6452,1,5,1,0,9,94,0.57,0.55,audit_log_tampering
1127,HL7_API,billing,S0,8684,1024,0,5,1,0,18,28,0.79,0.54,audit_log_tampering
1081,HL7_API,lab_results,S0,5783,5227,0,1,1,1,8,76,0.9,0.23,policy_violation
1420,PACS,lab_results,S0,1594,6615,1,2,1,1,14,54,0.43,0.59,policy_violation
2729,EHR,radiology,REJ,9386,1940,1,5,0,0,11,48,0.33,0.97,data_modification
2490,EHR,patient_records,REJ,1411,7515,0,4,0,0,8,30,0.75,0.95,policy_violation
2657,PACS,radiology,S0,6577,3184,1,5,0,0,6,44,0.67,0.58,privilege_misuse
684,PACS,lab_results,REJ,4210,2346,0,3,0,1,6,22,0.56,0.43,policy_violation
260,PACS,prescriptions,REJ,6979,4598,1,2,1,1,13,69,0.16,0.76,audit_log_tampering
932,EHR,prescriptions,SF,6380,1248,0,3,1,0,10,38,0.82,0.41,data_modification
1819,HL7_API,billing,S0,6191,6162,1,1,0,1,16,4,0.65,0.04,audit_log_tampering
520,PACS,patient_records,REJ,9209,2665,1,0,0,0,5,97,0.93,0.25,normal
1779,EHR,lab_results,S0,4747,7747,1,4,0,1,12,13,0.17,0.65,insider_data_leakage
3226,EHR,prescriptions,REJ,8938,7382,1,4,1,1,10,23,0.33,0.37,insider_data_leakage
3404,HL7_API,radiology,S0,1829,2541,0,1,0,0,5,56,0.2,0.85,audit_log_tampering
2174,EHR,radiology,REJ,6832,304,1,1,0,0,17,19,0.49,0.38,audit_log_tampering
134,PACS,prescriptions,SF,6605,154,1,4,1,1,18,96,0.95,0.89,data_modification
277,PACS,billing,S0,4990,653,1,2,1,1,17,88,0.22,0.26,privilege_misuse
1413,PACS,lab_results,SF,726,4323,1,0,0,0,13,17,0.56,0.14,normal
3338,PACS,lab_results,S0,6215,2722,1,5,1,0,9,36,0.96,0.99,audit_log_tampering
2308,PACS,billing,SF,737,2740,0,4,1,1,18,3,0.72,0.88,audit_log_tampering
159,EHR,patient_records,REJ,8853,2876,0,3,1,1,1,39,0.75,0.99,privilege_misuse
893,PACS,radiology,S0,8845,644,0,3,0,0,1,29,0.64,0.29,credential_sharing
91,EHR,lab_results,SF,2748,258,1,2,1,0,0,43,0.91,0.44,insider_data_leakage
2279,EHR,billing,SF,5090,7221,1,1,0,1,15,75,0.64,0.63,insider_data_leakage
122,EHR,prescriptions,SF,2860,1536,0,1,0,1,3,9,0.43,0.68,insider_data_leakage
3418,HL7_API,patient_records,S0,3642,7911,0,4,0,1,14,67,0.71,0.79,insider_data_leakage
776,HL7_API,billing,SF,6417,5425,0,5,1,1,9,4,0.77,0.49,insider_data_leakage
976,PACS,patient_records,S0,782,7201,0,5,1,0,12,8,0.22,0.7,insider_data_leakage
2442,EHR,prescriptions,REJ,1870,5400,0,1,0,0,8,15,0.44,0.57,normal
3035,EHR,prescriptions,SF,6912,185,0,5,0,1,3,9,0.58,0.37,policy_violation
1738,HL7_API,prescriptions,S0,517,6537,0,5,1,0,2,56,0.19,0.42,data_modification
3470,EHR,patient_records,S0,9727,2889,1,1,0,0,5,34,0.26,0.73,insider_data_leakage
1773,EHR,lab_results,S0,5089,1760,1,4,0,0,9,40,0.24,0.77,privilege_misuse
1852,HL7_API,radiology,SF,8881,5842,0,1,1,0,10,71,0.43,0.17,unauthorized_access
203,PACS,patient_records,SF,5448,57,0,1,0,0,4,74,0.84,0.38,insider_data_leakage
2735,EHR,prescriptions,S0,8757,5675,1,1,0,0,14,85,0.45,0.87,credential_sharing
519,HL7_API,lab_results,S0,4617,731,1,3,1,1,16,97,0.63,0.86,audit_log_tampering
1083,PACS,radiology,SF,9796,236,0,4,1,1,18,2,0.79,0.4,data_modification
2641,EHR,lab_results,REJ,238,7962,0,1,1,0,14,56,0.88,0.48,data_modification
327,PACS,radiology,SF,2457,7449,1,1,1,1,12,39,0.28,0.67,unauthorized_access
1720,EHR,prescriptions,REJ,5980,6547,0,4,1,1,7,45,0.9,0.44,privilege_misuse
2641,EHR,patient_records,S0,3237,2670,0,3,1,1,9,33,0.28,0.49,data_modification
2526,PACS,lab_results,SF,7851,728,0,1,0,0,1,58,0.3,0.39,data_modification
2961,EHR,prescriptions,S0,2014,894,1,3,0,0,7,78,0.05,0.89,audit_log_tampering
2070,PACS,radiology,SF,5122,4615,0,3,1,0,7,1,0.68,0.76,audit_log_tampering
2862,HL7_API,patient_records,REJ,324,7264,1,2,0,1,12,76,0.56,0.87,privilege_misuse
1108,EHR,billing,S0,5739,2429,0,2,1,0,17,44,0.91,0.58,insider_data_leakage
3188,HL7_API,patient_records,SF,5107,6399,0,1,0,1,8,3,0.51,0.2,policy_violation
1182,HL7_API,billing,S0,811,7675,0,3,1,1,13,22,0.06,0.23,privilege_misuse
339,EHR,billing,SF,5470,6973,0,1,0,0,3,97,0.08,0.79,audit_log_tampering
2336,HL7_API,patient_records,REJ,7272,3590,0,4,1,1,19,17,0.33,0.25,unauthorized_access
581,EHR,prescriptions,SF,8750,7843,0,5,0,0,16,81,0.66,0.5,unauthorized_access
228,PACS,prescriptions,SF,5274,5795,1,2,0,1,17,62,0.35,0.8,privilege_misuse
980,HL7_API,prescriptions,SF,5596,4526,1,1,1,1,16,33,0.13,0.07,credential_sharing
2909,HL7_API,radiology,REJ,1388,4103,1,1,1,0,13,24,0.6,0.68,data_modification
2952,EHR,patient_records,SF,6398,3225,1,4,1,1,19,71,0.02,0.32,data_modification
3119,EHR,lab_results,S0,6384,6890,1,4,1,0,17,67,0.55,0.07,audit_log_tampering
808,PACS,radiology,SF,8954,424,1,3,0,0,1,38,0.31,0.34,privilege_misuse
2210,HL7_API,patient_records,SF,8031,7003,0,5,1,1,20,14,0.46,0.89,policy_violation
566,HL7_API,lab_results,S0,1269,1449,0,3,0,1,17,25,0.97,0.14,audit_log_tampering
3319,HL7_API,radiology,S0,465,5375,0,5,0,0,11,72,0.65,0.39,privilege_misuse
1088,PACS,billing,SF,9069,6381,0,1,1,0,8,54,0.09,0.91,insider_data_leakage
3263,EHR,lab_results,SF,4534,7405,0,3,0,1,20,31,0.59,0.43,credential_sharing
1510,EHR,billing,S0,9866,70,0,0,0,0,12,73,0.22,0.24,normal
441,EHR,prescriptions,S0,3025,2690,0,5,0,1,5,48,0.31,0.9,privilege_misuse
978,HL7_API,billing,SF,7282,1152,1,5,0,1,7,31,0.02,0.82,audit_log_tampering
3469,PACS,prescriptions,SF,8047,3284,1,2,1,1,13,66,0.16,0.16,credential_sharing
1175,PACS,patient_records,REJ,4417,734,1,2,1,0,20,38,0.19,0.1,data_modification
2719,PACS,billing,S0,6748,6077,1,5,1,1,4,93,0.75,0.47,insider_data_leakage
2978,PACS,radiology,S0,3739,7673,0,2,0,1,12,83,0.12,0.11,audit_log_tampering
1741,HL7_API,billing,REJ,8833,7359,0,3,1,0,9,84,0.41,0.52,data_modification
1128,EHR,radiology,S0,8171,4959,1,2,0,0,0,42,0.29,0.94,unauthorized_access
2358,HL7_API,patient_records,SF,5997,660,1,4,1,0,15,64,0.89,0.87,credential_sharing
1696,PACS,billing,S0,5338,5071,1,1,0,1,17,33,0.39,0.4,data_modification
3205,HL7_API,lab_results,S0,4240,7218,0,4,1,1,6,57,0.64,0.43,credential_sharing
790,HL7_API,patient_records,REJ,7212,1762,0,1,0,0,8,75,0.16,0.36,normal
152,HL7_API,billing,S0,1513,7038,1,5,0,0,18,74,0.63,0.01,credential_sharing
2590,EHR,billing,S0,6863,2296,1,1,1,1,18,31,0.36,0.07,unauthorized_access
2752,HL7_API,lab_results,SF,4899,1993,0,4,0,0,16,64,0.19,0.41,unauthorized_access
3128,EHR,patient_records,SF,9333,1640,0,5,1,1,2,62,0.4,0.84,audit_log_tampering
3211,PACS,prescriptions,SF,7387,897,0,2,1,1,10,67,0.68,0.83,data_modification
1634,PACS,prescriptions,REJ,3227,1110,1,0,0,0,0,57,0.04,0.42,normal
1441,PACS,prescriptions,S0,3145,2841,0,1,1,1,7,49,0.31,0.73,unauthorized_access
2094,HL7_API,radiology,S0,7129,1033,0,3,0,0,11,13,0.84,0.56,privilege_misuse
2666,PACS,radiology,REJ,6668,3889,0,2,1,1,19,9,0.32,0.75,unauthorized_access
2577,EHR,lab_results,S0,3408,4204,1,4,1,0,13,79,0.98,0.71,policy_violation
1461,PACS,patient_records,SF,2880,4157,1,0,0,0,3,11,0.97,0.16,normal
1200,HL7_API,lab_results,REJ,2251,6946,0,1,0,0,14,37,0.43,0.2,normal
1653,PACS,billing,SF,4900,4188,1,1,1,1,9,21,0.01,0.83,insider_data_leakage
1665,HL7_API,prescriptions,S0,4322,1442,1,1,0,0,0,16,0.34,0.11,normal
448,PACS,lab_results,REJ,7432,7183,1,4,1,0,3,6,0.18,0.67,audit_log_tampering
994,HL7_API,prescriptions,SF,8746,543,0,3,0,1,15,28,0.61,0.91,credential_sharing
2100,PACS,radiology,S0,7142,3376,1,1,0,0,2,48,1.0,0.47,policy_violation
2064,PACS,radiology,SF,3952,98,1,3,0,1,0,65,0.96,0.68,policy_violation
920,HL7_API,billing,S0,5080,6339,1,5,0,0,7,48,0.82,0.72,policy_violation
2608,PACS,radiology,S0,7841,441,1,4,1,1,17,76,0.01,0.19,audit_log_tampering
1055,HL7_API,radiology,S0,4121,6816,0,3,1,1,7,39,0.92,0.17,privilege_misuse
1066,EHR,patient_records,REJ,382,7852,1,2,1,0,13,89,0.5,0.45,unauthorized_access
3538,PACS,lab_results,REJ,3844,4000,1,5,1,0,20,6,0.88,0.22,privilege_misuse
3533,HL7_API,patient_records,REJ,1459,5898,0,5,0,0,2,87,0.09,0.51,data_modification
1779,PACS,prescriptions,S0,4019,3750,0,2,0,0,0,34,0.06,0.47,insider_data_leakage
1915,PACS,prescriptions,REJ,226,1096,1,2,0,0,17,40,0.51,0.55,credential_sharing
2819,EHR,lab_results,REJ,3694,6963,0,4,1,0,13,89,0.34,0.7,policy_violation
863,EHR,patient_records,SF,2470,1287,1,3,0,0,10,15,0.24,0.55,audit_log_tampering
322,HL7_API,radiology,SF,8988,7453,1,1,0,1,14,74,0.73,0.99,data_modification
283,PACS,prescriptions,S0,494,7199,1,1,1,0,4,5,0.74,0.56,unauthorized_access
1290,PACS,billing,REJ,5574,6125,0,1,1,0,16,67,0.85,0.66,audit_log_tampering
644,PACS,radiology,SF,1302,781,1,2,0,1,3,49,0.83,0.27,audit_log_tampering
1364,PACS,lab_results,REJ,9137,6245,1,1,0,0,9,23,0.06,0.87,normal
1283,EHR,patient_records,SF,4729,6227,0,3,0,1,1,96,0.59,0.64,credential_sharing
1672,PACS,lab_results,REJ,3329,1851,1,3,0,1,10,7,0.64,0.26,credential_sharing
425,EHR,prescriptions,S0,1273,3429,1,2,1,1,4,30,0.58,0.98,audit_log_tampering
831,HL7_API,radiology,REJ,8213,5662,1,3,0,1,20,32,0.47,0.81,audit_log_tampering
3371,PACS,prescriptions,SF,2181,3813,0,5,0,0,10,41,0.04,0.67,data_modification
2388,EHR,lab_results,REJ,7129,7381,1,5,1,0,8,55,0.18,0.28,credential_sharing
1638,PACS,prescriptions,REJ,7970,5775,1,1,0,0,4,100,0.54,0.11,insider_data_leakage
2070,HL7_API,radiology,SF,9593,7488,1,4,1,0,12,42,0.37,0.4,insider_data_leakage
1551,HL7_API,lab_results,S0,2065,7028,1,2,1,1,15,29,0.97,0.12,unauthorized_access
1612,HL7_API,radiology,SF,2168,968,1,3,0,1,9,17,0.15,0.89,unauthorized_access
2416,PACS,lab_results,S0,3904,4303,0,3,0,0,8,93,0.41,0.44,data_modification
2179,EHR,radiology,SF,5693,5079,1,4,0,0,1,81,0.24,0.37,policy_violation
448,HL7_API,lab_results,S0,5713,2279,1,2,0,1,2,20,0.8,0.71,insider_data_leakage
330,PACS,prescriptions,SF,4596,5359,0,2,0,1,15,4,0.67,0.55,policy_violation
2298,PACS,billing,REJ,3898,574,0,3,0,0,9,35,0.52,0.67,data_modification
2085,PACS,billing,SF,4325,3776,1,5,0,0,9,82,0.79,0.78,unauthorized_access
1204,EHR,prescriptions,S0,1638,905,0,5,1,0,19,70,0.81,0.9,data_modification
1078,HL7_API,patient_records,SF,3894,4984,1,3,1,1,6,39,0.98,0.49,credential_sharing
1019,PACS,patient_records,REJ,7118,5234,0,1,1,1,12,33,0.58,0.46,data_modification
2308,PACS,radiology,S0,4458,4652,0,1,0,0,9,30,0.33,0.85,normal
3171,HL7_API,radiology,S0,8242,3124,1,1,1,0,14,78,0.87,0.18,privilege_misuse
2355,PACS,radiology,REJ,8213,7665,0,1,1,0,8,63,0.2,0.99,credential_sharing
2089,EHR,patient_records,S0,1321,5319,1,0,0,0,6,30,0.81,0.65,normal
3354,PACS,billing,S0,7113,4471,1,5,0,0,6,3,0.0,0.26,data_modification
2494,EHR,radiology,REJ,9162,6203,0,4,1,0,15,39,0.21,0.13,policy_violation
3588,HL7_API,billing,S0,2114,7777,0,1,0,0,14,13,0.01,0.31,normal
1953,PACS,lab_results,REJ,2375,7510,0,5,1,1,20,71,0.33,0.73,data_modification
222,EHR,radiology,S0,777,5811,1,5,0,1,12,84,0.22,0.25,unauthorized_access
336,PACS,prescriptions,SF,6027,4621,0,2,1,0,2,80,0.86,0.9,insider_data_leakage
2372,HL7_API,radiology,S0,2985,3503,0,1,0,1,18,3,0.66,0.32,data_modification
2620,PACS,prescriptions,S0,8994,5742,1,4,1,1,2,11,0.32,0.59,insider_data_leakage
2577,PACS,billing,S0,7117,1239,0,2,1,1,13,1,0.03,0.67,unauthorized_access
3319,EHR,billing,SF,8994,2701,0,5,0,0,10,86,0.79,0.9,audit_log_tampering
2330,HL7_API,lab_results,SF,3727,917,0,2,1,0,3,27,0.18,0.41,credential_sharing
66,HL7_API,lab_results,S0,1731,2365,0,5,1,1,0,90,0.1,0.02,policy_violation
124,EHR,lab_results,S0,8164,6890,0,3,1,1,0,57,0.52,0.95,insider_data_leakage
267,EHR,billing,REJ,2058,4446,0,0,0,0,5,54,0.12,0.79,normal
2985,EHR,lab_results,S0,2722,5232,0,3,1,1,11,71,0.6,0.02,insider_data_leakage
2274,HL7_API,radiology,REJ,1696,6633,1,4,0,1,0,85,0.4,0.58,policy_violation
161,EHR,prescriptions,S0,7064,7202,1,4,0,0,2,1,0.71,0.31,unauthorized_access
932,HL7_API,prescriptions,SF,2000,7847,0,3,1,1,8,92,0.23,0.58,data_modification
3107,HL7_API,patient_records,SF,7715,3519,0,2,1,1,4,27,0.06,0.29,privilege_misuse
2254,EHR,prescriptions,REJ,2747,6151,1,5,1,0,7,12,0.79,0.64,audit_log_tampering
1913,EHR,radiology,SF,7816,6398,1,2,0,0,5,26,0.98,0.52,data_modification
1451,EHR,prescriptions,SF,2811,1667,0,1,0,0,16,82,0.45,0.4,audit_log_tampering
456,EHR,billing,SF,6434,3192,1,4,1,0,19,17,0.2,0.01,unauthorized_access
2989,EHR,lab_results,S0,1306,3428,0,1,0,1,11,92,0.33,0.35,unauthorized_access
3089,PACS,radiology,S0,3902,2812,1,4,1,1,3,70,0.81,0.14,insider_data_leakage
3538,HL7_API,prescriptions,S0,7433,7956,0,0,0,0,12,73,0.11,0.74,normal
2500,EHR,billing,S0,6852,3990,1,1,0,0,9,24,0.25,0.9,normal
3006,EHR,radiology,S0,4622,7053,0,5,0,0,9,54,0.52,0.24,audit_log_tampering
384,PACS,lab_results,S0,8209,6860,0,1,1,0,14,17,0.22,0.14,policy_violation
1551,PACS,billing,REJ,5941,2138,0,3,1,0,18,73,0.35,0.01,data_modification
596,EHR,prescriptions,SF,7684,1709,0,4,0,1,3,52,0.43,0.55,insider_data_leakage
2221,HL7_API,billing,S0,3521,7778,1,2,0,0,17,66,0.09,0.52,policy_violation
3489,PACS,lab_results,SF,6489,6869,1,2,1,1,3,50,0.41,0.05,data_modification
2744,HL7_API,patient_records,SF,2050,1454,0,1,0,1,12,1,0.83,0.65,credential_sharing
2865,EHR,patient_records,REJ,2287,2618,1,4,0,0,14,3,0.18,0.43,audit_log_tampering
1583,HL7_API,prescriptions,S0,5960,5349,0,5,1,0,18,20,0.51,0.99,privilege_misuse
1969,PACS,radiology,S0,9095,7746,1,3,1,0,1,15,0.95,0.54,insider_data_leakage
1952,EHR,prescriptions,REJ,6145,5418,0,2,1,1,0,44,0.97,0.13,privilege_misuse
2776,PACS,patient_records,SF,7153,1077,1,1,0,0,7,24,0.84,0.81,normal
1763,HL7_API,patient_records,S0,3059,2976,0,4,1,0,2,30,0.05,0.37,data_modification
155,EHR,patient_records,S0,8552,7142,1,4,1,0,8,26,0.95,0.78,data_modification
1154,EHR,lab_results,REJ,2342,4466,0,3,1,0,10,62,0.36,0.62,data_modification
2652,EHR,patient_records,SF,4599,6267,0,1,0,0,3,56,0.62,0.52,normal
320,HL7_API,patient_records,REJ,3407,2721,0,1,1,1,16,80,0.93,0.61,data_modification
721,PACS,radiology,SF,8410,2516,0,5,0,0,8,79,0.67,0.78,unauthorized_access
3153,EHR,lab_results,S0,3882,3942,0,5,1,1,18,10,0.1,0.18,insider_data_leakage
1525,EHR,radiology,SF,8167,3575,0,5,0,1,9,21,0.19,0.49,policy_violation
1873,PACS,patient_records,REJ,9051,5060,1,1,1,0,7,73,0.69,0.79,credential_sharing
3025,HL7_API,prescriptions,SF,1404,6277,0,3,0,0,8,81,0.47,0.02,credential_sharing
290,PACS,patient_records,SF,901,7509,0,2,1,0,16,48,0.81,0.54,credential_sharing
579,PACS,prescriptions,REJ,2904,4056,1,5,1,0,10,66,0.84,0.26,policy_violation
1761,PACS,prescriptions,S0,5234,6329,1,2,1,1,20,76,0.37,0.75,credential_sharing
40,EHR,patient_records,SF,4928,7658,0,3,0,0,6,5,0.82,0.77,insider_data_leakage
736,HL7_API,radiology,REJ,3973,7802,0,4,0,1,19,81,0.82,0.03,data_modification
377,HL7_API,patient_records,SF,793,6737,0,2,0,1,11,19,0.6,0.25,credential_sharing
2061,EHR,prescriptions,S0,5109,3565,0,1,0,0,17,31,0.67,0.63,normal
2674,PACS,patient_records,REJ,6714,4971,1,1,0,0,15,73,0.78,0.94,normal
2421,PACS,prescriptions,REJ,3387,5926,0,5,1,0,14,32,0.31,0.39,policy_violation
2425,EHR,patient_records,S0,2997,2740,1,5,0,0,5,5,0.26,0.45,insider_data_leakage
3257,HL7_API,lab_results,REJ,6710,1633,0,1,1,1,0,18,0.02,0.24,data_modification
2500,HL7_API,lab_results,S0,5325,4181,0,2,1,0,7,67,0.97,0.06,data_modification
269,EHR,patient_records,REJ,876,6388,0,1,0,0,19,77,0.03,0.27,normal
270,PACS,lab_results,S0,8095,5056,0,5,1,1,0,17,0.04,0.47,insider_data_leakage
3228,EHR,prescriptions,SF,3951,7527,0,1,0,0,1,53,0.39,0.71,normal
3122,PACS,prescriptions,SF,5200,5867,1,4,1,1,15,48,0.09,0.36,unauthorized_access
3016,PACS,radiology,SF,3864,5816,1,0,0,0,14,100,0.13,0.79,normal
1569,EHR,prescriptions,REJ,1406,2780,0,1,0,1,20,14,0.52,0.96,data_modification
448,EHR,prescriptions,S0,2789,6077,0,5,0,0,7,64,0.08,0.08,policy_violation
2227,EHR,lab_results,SF,1838,7895,0,2,0,1,8,14,0.7,0.5,policy_violation
2344,PACS,prescriptions,SF,1583,618,1,2,1,0,12,84,0.34,0.27,policy_violation
1122,HL7_API,lab_results,REJ,9500,5939,1,4,1,1,10,39,0.05,0.78,privilege_misuse
1366,HL7_API,patient_records,S0,9198,7795,0,2,1,0,8,96,0.16,0.54,data_modification
1981,HL7_API,radiology,REJ,1398,3210,1,0,0,0,3,64,0.27,0.93,normal
3132,HL7_API,radiology,S0,2840,4646,1,2,0,0,1,36,0.28,0.4,insider_data_leakage
165,EHR,radiology,S0,1705,3655,1,5,0,1,1,94,0.1,0.71,policy_violation
1619,HL7_API,prescriptions,S0,6367,1321,0,3,0,1,3,44,0.01,0.5,data_modification
1578,HL7_API,billing,SF,9954,4611,1,2,0,0,0,25,0.08,0.88,policy_violation
1283,PACS,prescriptions,SF,6378,6199,0,3,0,1,2,62,0.14,0.79,audit_log_tampering
1657,EHR,prescriptions,SF,3695,5294,0,1,0,1,1,80,0.71,0.39,policy_violation
930,PACS,patient_records,REJ,2158,3876,1,5,0,1,8,51,0.22,0.06,unauthorized_access
1556,HL7_API,prescriptions,S0,3947,3224,1,0,0,0,13,29,0.59,0.35,normal
632,HL7_API,lab_results,REJ,3675,74,1,4,0,1,14,78,0.04,0.46,audit_log_tampering
2604,EHR,radiology,SF,5790,5853,0,5,0,1,19,9,0.95,0.6,unauthorized_access
2969,HL7_API,billing,SF,8354,4007,1,1,1,1,15,97,0.36,0.92,audit_log_tampering
1524,EHR,prescriptions,REJ,9828,410,1,0,0,0,2,59,0.16,0.93,normal
3089,PACS,prescriptions,REJ,6724,2483,0,3,0,1,7,75,0.15,0.76,unauthorized_access
353,EHR,prescriptions,S0,5583,870,1,4,0,1,9,99,0.43,0.63,insider_data_leakage
1129,HL7_API,patient_records,REJ,602,1214,0,5,1,0,19,98,0.36,0.87,credential_sharing
868,HL7_API,lab_results,REJ,8293,2960,0,1,0,0,18,94,0.37,0.27,normal
1441,EHR,patient_records,REJ,8820,3784,1,1,0,0,3,43,0.45,0.68,policy_violation
1017,HL7_API,prescriptions,SF,4406,3258,1,3,0,0,1,5,0.02,0.19,data_modification
1405,EHR,prescriptions,REJ,7668,1426,1,3,0,1,3,37,0.45,0.87,privilege_misuse
1958,EHR,lab_results,S0,1196,6687,0,1,0,1,6,30,0.59,0.97,policy_violation
1029,PACS,prescriptions,S0,7281,3262,1,3,0,1,17,52,0.95,0.45,audit_log_tampering
2508,HL7_API,lab_results,REJ,9167,2748,0,3,0,1,0,50,0.63,0.19,privilege_misuse
1066,PACS,radiology,SF,1852,3385,1,2,0,0,16,72,0.36,0.74,credential_sharing
3590,PACS,lab_results,SF,2023,7635,1,3,1,1,19,78,0.42,0.9,credential_sharing
2093,HL7_API,lab_results,S0,3010,6388,1,1,1,0,20,65,0.66,0.82,insider_data_leakage
2372,PACS,billing,REJ,5738,4350,0,3,1,1,14,57,0.41,0.96,credential_sharing
2885,PACS,billing,SF,7551,5067,1,1,0,0,15,60,0.03,0.7,normal
2289,HL7_API,radiology,S0,1381,4246,1,0,0,0,9,36,0.16,0.48,normal
3339,PACS,lab_results,REJ,9647,1301,0,2,1,1,5,47,0.69,0.55,audit_log_tampering
1216,HL7_API,billing,S0,545,4884,1,1,1,1,13,53,0.72,0.03,credential_sharing
3247,EHR,prescriptions,S0,8168,6638,0,5,0,1,10,42,0.56,0.36,privilege_misuse
2371,EHR,billing,S0,9634,6281,0,2,0,0,3,78,0.55,0.1,data_modification
1109,EHR,patient_records,S0,5503,2333,0,2,0,1,8,77,0.25,0.36,privilege_misuse
1218,HL7_API,billing,S0,7373,3925,0,1,0,0,17,87,0.42,0.06,normal
1197,HL7_API,billing,S0,4354,7837,1,2,1,0,14,53,0.4,0.95,unauthorized_access
3209,PACS,prescriptions,S0,5028,2590,1,1,0,1,16,47,0.71,0.2,audit_log_tampering
1132,EHR,prescriptions,SF,3092,4074,1,3,0,0,1,29,0.37,0.69,privilege_misuse
29,EHR,patient_records,S0,9505,3322,0,5,1,0,10,43,0.04,0.49,data_modification
208,PACS,radiology,SF,8285,4644,0,5,0,0,17,41,0.64,0.87,audit_log_tampering
249,HL7_API,lab_results,SF,3282,4274,0,0,0,0,19,23,0.62,0.5,normal
1009,HL7_API,lab_results,S0,5106,6161,0,1,0,0,20,36,0.36,0.3,audit_log_tampering
1304,HL7_API,lab_results,REJ,3488,3696,1,5,0,1,15,27,0.05,0.47,unauthorized_access
1166,PACS,lab_results,SF,1274,7240,1,3,0,0,2,26,0.93,0.77,audit_log_tampering
3224,PACS,patient_records,S0,974,3118,0,3,1,0,9,98,0.78,0.92,policy_violation
3297,HL7_API,radiology,S0,8903,539,0,1,0,0,4,6,0.68,0.05,normal
2757,HL7_API,radiology,S0,5209,2493,0,1,0,0,9,61,0.51,0.17,data_modification
574,EHR,prescriptions,SF,8716,1619,1,4,1,1,15,3,0.07,0.61,unauthorized_access
1746,PACS,radiology,S0,4334,221,1,0,0,0,17,70,0.06,0.32,normal
2565,EHR,lab_results,SF,9418,7493,0,1,1,0,3,87,0.99,0.31,privilege_misuse
2154,PACS,prescriptions,SF,7415,7656,1,4,1,1,17,94,0.48,0.58,credential_sharing
1473,PACS,prescriptions,REJ,7028,634,1,1,1,0,6,13,0.83,0.85,data_modification
526,EHR,prescriptions,REJ,2811,2663,1,4,1,1,20,66,0.95,0.42,credential_sharing
940,HL7_API,patient_records,SF,7166,1004,0,1,0,1,2,52,0.94,0.48,audit_log_tampering
51,EHR,prescriptions,REJ,8171,7132,1,1,0,0,3,89,0.85,0.88,normal
2618,PACS,radiology,SF,8012,1979,0,2,1,1,16,99,0.68,0.04,privilege_misuse
1649,EHR,lab_results,S0,9553,3202,0,4,0,1,15,3,0.98,0.0,privilege_misuse
3368,PACS,radiology,REJ,5850,318,0,1,1,1,7,44,0.85,0.01,privilege_misuse
1565,HL7_API,radiology,S0,6243,5723,1,1,1,1,15,70,0.86,0.74,audit_log_tampering
3309,PACS,lab_results,S0,2516,1133,0,4,0,1,15,62,0.98,0.83,data_modification
518,PACS,radiology,SF,7472,2854,0,2,0,1,4,82,1.0,0.7,unauthorized_access
2153,PACS,radiology,S0,8142,6952,1,1,0,1,4,10,0.12,0.41,policy_violation
225,PACS,patient_records,SF,4582,5913,0,4,1,1,20,17,0.32,0.46,data_modification
1404,HL7_API,radiology,S0,6597,68,1,1,0,1,4,42,0.02,0.13,insider_data_leakage
3243,EHR,patient_records,SF,6841,4881,0,4,0,1,6,79,0.62,0.75,data_modification
3170,HL7_API,billing,SF,5078,6727,1,4,0,0,5,44,0.44,0.38,data_modification
2583,HL7_API,billing,REJ,352,5757,1,5,1,0,0,20,0.18,0.13,privilege_misuse
3389,PACS,patient_records,S0,2816,6632,0,3,0,0,8,16,0.46,0.62,data_modification
2624,PACS,prescriptions,SF,3837,6190,1,2,0,1,4,85,0.4,0.99,data_modification
3576,HL7_API,radiology,REJ,858,3813,1,3,1,1,4,87,0.87,0.85,insider_data_leakage
2256,PACS,lab_results,REJ,7520,1586,0,1,0,0,5,78,0.92,0.39,normal
723,HL7_API,prescriptions,SF,821,2490,0,4,1,0,3,47,0.5,0.01,data_modification
2222,HL7_API,radiology,S0,1369,5947,1,1,0,0,15,89,0.19,0.17,normal
1419,PACS,billing,SF,207,4454,0,2,0,1,8,26,0.69,0.29,credential_sharing
3079,HL7_API,radiology,REJ,4847,3136,1,4,0,1,0,38,0.55,0.91,data_modification
3383,HL7_API,radiology,S0,7752,252,1,2,0,1,7,6,0.08,0.06,audit_log_tampering
3147,HL7_API,billing,REJ,3974,3176,0,0,0,0,15,3,0.45,0.88,normal
2802,PACS,lab_results,SF,8888,1696,0,2,0,1,3,26,0.71,0.08,credential_sharing
1670,EHR,billing,SF,3595,5079,1,1,1,1,13,2,0.03,0.75,privilege_misuse
62,HL7_API,prescriptions,SF,3816,1493,0,1,0,1,2,62,0.61,0.57,privilege_misuse
190,HL7_API,patient_records,REJ,9844,2890,1,5,1,1,16,27,0.69,0.87,credential_sharing
309,PACS,patient_records,S0,7938,7892,0,3,1,1,19,89,0.45,0.57,data_modification
2650,HL7_API,billing,SF,5620,4635,0,4,0,1,10,51,0.0,0.47,audit_log_tampering
3103,PACS,patient_records,S0,3315,2765,1,4,1,1,3,22,0.39,0.33,data_modification
1202,PACS,lab_results,SF,4164,7195,1,2,1,0,6,27,0.04,0.79,policy_violation
3105,PACS,billing,REJ,3062,2570,1,4,1,1,7,93,0.11,0.74,data_modification
1584,PACS,billing,REJ,7618,936,0,3,0,0,7,71,0.51,0.69,privilege_misuse
2011,EHR,billing,S0,7770,6160,1,4,0,0,11,19,0.69,0.02,policy_violation
1028,HL7_API,prescriptions,S0,2919,5529,0,4,1,0,15,47,0.07,0.66,unauthorized_access
2684,PACS,lab_results,SF,7296,2486,0,5,1,0,17,55,0.76,0.22,privilege_misuse
1818,PACS,lab_results,SF,6556,5375,0,4,1,1,3,2,0.45,0.14,unauthorized_access
3242,PACS,prescriptions,REJ,2347,3982,1,2,0,0,9,26,0.45,0.81,policy_violation
2276,PACS,prescriptions,REJ,1373,1603,0,5,1,1,6,45,0.85,0.59,unauthorized_access
1898,EHR,lab_results,S0,7941,6894,1,5,0,0,18,77,0.78,0.44,unauthorized_access
1165,HL7_API,lab_results,SF,2940,6759,0,4,1,0,13,36,0.55,0.58,insider_data_leakage
2837,PACS,billing,SF,8135,5419,1,2,0,1,8,94,0.79,0.38,audit_log_tampering
2422,PACS,patient_records,S0,7972,3041,1,5,1,1,2,5,0.94,0.73,privilege_misuse
732,EHR,prescriptions,S0,2852,3944,1,1,1,0,9,47,0.78,0.34,audit_log_tampering
2241,HL7_API,lab_results,REJ,5030,6911,1,5,0,0,11,31,0.64,0.5,data_modification
261,PACS,patient_records,REJ,5035,5398,1,0,0,0,7,24,0.08,0.39,normal
2480,HL7_API,lab_results,REJ,7045,4761,0,2,1,1,15,100,0.85,0.37,unauthorized_access
2124,EHR,patient_records,S0,9804,7220,0,5,1,1,20,64,0.24,0.71,unauthorized_access
1279,EHR,radiology,REJ,8971,256,1,1,1,0,8,2,0.98,0.02,insider_data_leakage
124,EHR,prescriptions,SF,3766,500,1,1,0,0,4,89,0.93,0.03,normal
9,HL7_API,prescriptions,REJ,7144,1703,0,1,1,0,8,7,0.07,0.78,insider_data_leakage
2782,EHR,radiology,REJ,1403,5799,0,1,0,0,18,57,0.69,0.36,normal
3548,HL7_API,patient_records,REJ,6396,3751,1,1,0,1,8,9,0.31,0.97,credential_sharing
710,PACS,patient_records,S0,8091,5683,1,2,1,0,0,55,0.07,0.56,audit_log_tampering
327,EHR,radiology,S0,1713,5092,0,3,0,1,14,21,0.11,0.83,audit_log_tampering
2315,HL7_API,patient_records,REJ,3751,7460,1,1,1,0,0,91,0.88,0.08,unauthorized_access
3297,PACS,lab_results,S0,2709,4040,1,2,1,1,7,77,0.05,0.06,credential_sharing
1138,HL7_API,billing,SF,5277,7432,0,1,0,0,0,82,0.28,0.09,normal
1312,EHR,patient_records,SF,3638,3130,1,5,1,1,17,42,0.0,0.31,policy_violation
2011,HL7_API,lab_results,S0,6412,859,0,2,1,1,9,33,0.01,0.14,data_modification
493,HL7_API,patient_records,REJ,6711,444,0,2,1,1,11,72,0.82,0.58,unauthorized_access
2806,PACS,billing,REJ,3867,966,0,4,1,0,13,94,1.0,0.27,unauthorized_access
902,PACS,radiology,S0,8370,1815,0,5,1,1,4,97,0.48,0.7,unauthorized_access
3543,HL7_API,billing,S0,398,6136,0,1,1,1,18,96,0.87,0.6,privilege_misuse
1274,HL7_API,billing,SF,2543,1623,1,1,1,0,4,51,0.65,0.59,privilege_misuse
116,EHR,patient_records,REJ,3878,1971,1,3,1,1,6,51,0.01,0.32,data_modification
1770,HL7_API,lab_results,SF,9942,5300,0,2,1,0,10,18,0.8,0.11,privilege_misuse
2916,HL7_API,radiology,SF,8895,7117,1,4,0,1,15,58,0.19,0.92,data_modification
2744,HL7_API,radiology,SF,6126,5095,0,1,0,0,9,94,0.05,0.5,normal
1692,HL7_API,radiology,REJ,9352,4543,0,2,0,0,17,38,0.62,0.26,credential_sharing
1407,EHR,billing,S0,4856,2486,1,0,0,0,5,2,0.57,0.63,normal
2258,EHR,prescriptions,REJ,2408,5679,1,3,0,0,13,59,0.87,0.72,privilege_misuse
1952,EHR,patient_records,S0,7652,2338,1,2,1,0,13,24,0.25,0.72,credential_sharing
1768,EHR,lab_results,REJ,9445,4728,1,2,0,1,9,56,0.01,0.7,policy_violation
1387,EHR,lab_results,SF,8493,6141,0,4,0,1,16,26,0.18,0.7,unauthorized_access
1365,PACS,billing,SF,2603,4115,0,1,0,0,8,47,0.22,0.9,normal
2057,EHR,prescriptions,S0,8268,3825,1,1,0,0,19,28,0.77,0.84,normal
45,HL7_API,patient_records,SF,4252,3146,0,1,0,0,3,57,0.4,0.44,unauthorized_access
2145,HL7_API,patient_records,S0,4831,3582,0,3,0,0,17,36,0.33,0.59,policy_violation
3051,HL7_API,radiology,REJ,3336,348,0,3,0,1,14,32,0.46,0.37,insider_data_leakage
1397,EHR,patient_records,REJ,7853,3006,1,4,0,1,19,3,0.2,0.17,insider_data_leakage
2548,PACS,patient_records,S0,7362,1238,1,0,0,0,2,27,0.46,0.71,normal
598,PACS,lab_results,S0,9549,4227,0,4,0,1,13,23,0.73,0.96,data_modification
2295,EHR,billing,REJ,6255,5113,0,4,1,0,11,92,0.85,0.65,insider_data_leakage
477,HL7_API,lab_results,REJ,3131,2338,1,4,1,0,16,82,0.94,0.94,privilege_misuse
2458,EHR,radiology,REJ,5592,6402,1,3,1,1,19,95,0.38,0.81,insider_data_leakage
1413,HL7_API,radiology,SF,7012,7029,1,2,0,1,20,49,0.41,0.07,audit_log_tampering
1503,PACS,radiology,SF,8079,5438,0,5,0,1,16,38,0.27,0.26,insider_data_leakage
936,PACS,prescriptions,S0,7639,3541,1,4,1,0,15,62,0.11,0.71,unauthorized_access
3356,HL7_API,prescriptions,S0,6279,461,1,1,0,1,15,3,0.74,0.54,unauthorized_access
1121,HL7_API,radiology,S0,7170,1702,1,3,0,1,12,97,0.81,0.72,data_modification
1099,HL7_API,billing,S0,6035,7288,0,4,0,1,6,50,0.01,0.41,audit_log_tampering
3456,HL7_API,lab_results,S0,7734,720,0,2,1,0,9,11,0.15,0.71,unauthorized_access
3123,EHR,radiology,S0,8148,6072,0,1,0,0,14,98,0.77,0.62,policy_violation
2324,HL7_API,radiology,REJ,1300,1495,1,3,1,0,18,99,0.75,0.97,audit_log_tampering
2150,PACS,billing,SF,7363,1296,1,1,1,0,7,68,0.24,0.99,policy_violation
3511,PACS,radiology,S0,6266,7066,0,1,0,0,17,53,0.49,0.92,policy_violation
690,EHR,lab_results,S0,3388,4287,0,2,1,0,10,29,0.93,0.01,policy_violation
3396,HL7_API,lab_results,S0,4321,2635,0,1,0,0,18,26,0.64,0.07,normal
1678,HL7_API,radiology,S0,4110,6730,0,2,1,1,6,65,0.9,0.88,unauthorized_access
2290,PACS,billing,S0,8455,2733,1,1,0,0,4,66,0.08,0.82,normal
824,EHR,patient_records,S0,8496,1464,0,4,1,0,18,5,0.58,0.83,policy_violation
1686,EHR,patient_records,S0,6064,961,0,4,0,0,12,83,0.11,0.29,credential_sharing
2378,HL7_API,lab_results,S0,4188,6239,0,2,1,0,16,45,0.0,0.8,audit_log_tampering
858,HL7_API,prescriptions,SF,6296,4567,0,2,0,0,19,100,0.94,0.96,credential_sharing
2259,HL7_API,lab_results,SF,5074,7302,0,1,1,1,5,82,0.59,0.82,data_modification
1609,HL7_API,patient_records,REJ,5736,4764,1,3,1,1,4,69,0.9,0.33,unauthorized_access
636,EHR,patient_records,SF,9827,1068,1,1,1,1,2,20,0.65,0.24,insider_data_leakage
1941,HL7_API,patient_records,S0,7550,3424,1,2,0,0,7,92,0.14,0.9,privilege_misuse
1121,HL7_API,lab_results,REJ,7207,4096,0,3,0,1,6,35,0.58,0.99,privilege_misuse
3060,PACS,billing,S0,2935,6276,1,4,0,1,1,94,0.11,0.54,policy_violation
2684,PACS,lab_results,SF,1768,7675,1,2,1,1,14,8,0.6,0.81,audit_log_tampering
1107,EHR,patient_records,SF,9644,6834,0,5,1,1,9,68,0.01,0.56,data_modification
14,EHR,patient_records,REJ,6577,7965,1,2,0,0,18,24,0.33,0.36,insider_data_leakage
2012,HL7_API,prescriptions,REJ,4592,1430,0,4,0,1,9,41,0.71,0.34,unauthorized_access
3095,EHR,radiology,SF,9428,7652,0,0,0,0,15,85,0.12,0.99,normal
170,PACS,prescriptions,REJ,4044,2808,1,1,0,1,20,15,0.95,0.75,unauthorized_access
1326,EHR,patient_records,SF,7715,3431,1,5,1,0,18,37,0.08,0.99,policy_violation
1537,HL7_API,radiology,SF,8065,7745,0,4,1,1,2,60,0.44,0.13,unauthorized_access
382,EHR,prescriptions,S0,7495,172,0,1,1,1,6,75,0.45,0.97,unauthorized_access
674,HL7_API,radiology,REJ,3619,3253,1,4,0,1,12,13,0.3,0.37,policy_violation
2645,PACS,prescriptions,S0,1423,3881,0,1,1,0,3,57,0.82,0.99,credential_sharing
2822,PACS,billing,REJ,1868,4582,0,4,1,1,13,41,0.02,0.19,policy_violation
1371,EHR,billing,S0,5805,1751,0,5,0,0,16,59,0.07,0.78,unauthorized_access
3266,PACS,lab_results,SF,5578,6969,1,4,1,0,2,45,0.63,0.8,data_modification
762,HL7_API,patient_records,S0,8857,1702,0,4,0,0,12,80,0.4,0.07,data_modification
3577,EHR,radiology,REJ,8253,137,1,3,1,0,15,18,0.85,0.28,privilege_misuse
926,PACS,prescriptions,SF,1723,5015,1,4,1,1,12,5,0.44,0.65,credential_sharing
2480,HL7_API,radiology,SF,8121,5997,0,3,1,0,5,70,0.83,0.18,privilege_misuse
290,EHR,lab_results,S0,3821,2348,0,4,1,1,9,73,0.55,0.68,insider_data_leakage
22,HL7_API,prescriptions,REJ,2465,591,0,1,0,0,18,77,0.57,0.6,normal
1799,EHR,patient_records,S0,3728,4617,0,1,0,1,13,68,0.32,0.37,unauthorized_access
506,HL7_API,patient_records,S0,7603,3725,0,4,0,0,16,45,0.84,0.92,credential_sharing
3321,PACS,lab_results,S0,6168,584,1,2,0,0,7,81,0.62,0.18,credential_sharing
362,HL7_API,billing,SF,4671,3530,0,4,0,0,6,37,0.82,0.27,privilege_misuse
2544,HL7_API,patient_records,REJ,4406,2289,1,4,0,0,5,3,0.89,0.51,insider_data_leakage
3050,EHR,prescriptions,REJ,7531,1441,1,4,0,1,1,15,0.09,0.65,policy_violation
1944,PACS,lab_results,REJ,5274,4726,1,3,0,0,13,99,0.73,0.5,credential_sharing
927,HL7_API,lab_results,REJ,9643,4742,0,1,1,1,11,31,0.1,0.51,insider_data_leakage
3174,HL7_API,radiology,REJ,7722,3462,1,4,0,0,7,70,0.64,0.36,policy_violation
1391,EHR,patient_records,S0,9938,5241,1,1,0,1,14,32,0.38,0.76,unauthorized_access
2526,EHR,lab_results,S0,2917,854,0,4,1,0,12,22,0.64,0.35,policy_violation
514,HL7_API,billing,REJ,6976,4310,0,3,1,0,16,24,0.52,0.26,policy_violation
2751,HL7_API,lab_results,SF,5189,7178,1,2,0,1,14,83,0.01,0.22,data_modification
2295,HL7_API,patient_records,SF,2074,2006,1,1,1,1,16,43,0.73,0.25,insider_data_leakage
299,HL7_API,prescriptions,REJ,6371,5077,0,4,1,0,14,32,0.28,0.95,policy_violation
57,EHR,billing,REJ,482,3998,0,5,1,0,6,96,0.65,0.4,data_modification
1800,HL7_API,lab_results,SF,5186,4519,0,1,0,0,0,82,0.8,0.14,normal
3504,PACS,prescriptions,REJ,4010,4534,0,2,0,0,6,1,0.98,0.45,privilege_misuse
2843,PACS,prescriptions,REJ,324,3462,1,5,0,0,8,99,0.52,0.62,data_modification
3366,HL7_API,lab_results,S0,6089,4773,0,0,0,0,1,77,0.64,0.3,normal
1827,EHR,lab_results,REJ,5172,5238,0,1,0,0,8,27,0.32,0.95,insider_data_leakage
881,HL7_API,radiology,SF,5301,4652,1,5,1,0,2,22,0.6,0.13,policy_violation
3258,EHR,radiology,S0,1272,5617,1,4,1,1,10,40,0.97,0.1,privilege_misuse
2550,PACS,billing,REJ,4490,2917,1,4,1,0,18,40,0.05,0.06,unauthorized_access
1062,PACS,billing,S0,5567,4004,0,5,1,1,9,85,0.31,0.3,insider_data_leakage
1439,HL7_API,patient_records,S0,1107,7035,1,4,1,0,18,7,0.07,0.49,policy_violation
1157,EHR,billing,SF,6993,7037,1,5,0,1,12,95,0.32,0.94,audit_log_tampering
140,EHR,billing,SF,8258,1787,1,3,0,0,9,65,0.32,0.34,unauthorized_access
3548,EHR,billing,SF,2717,6006,1,3,1,0,13,81,0.92,0.66,privilege_misuse
941,EHR,prescriptions,SF,5761,40,0,1,0,1,12,25,0.25,0.73,privilege_misuse
3163,HL7_API,billing,SF,7180,969,0,5,0,0,14,90,0.47,0.11,credential_sharing
665,HL7_API,lab_results,S0,3701,5783,1,3,1,0,2,54,0.82,0.65,unauthorized_access
1014,HL7_API,lab_results,REJ,1280,2474,0,1,0,0,10,23,0.56,0.55,normal
1462,EHR,patient_records,REJ,6863,208,1,2,0,1,10,87,0.93,0.31,credential_sharing
1265,HL7_API,patient_records,SF,6711,4354,0,5,0,0,2,99,0.88,0.93,insider_data_leakage
1276,HL7_API,lab_results,SF,3323,7462,0,2,1,0,1,50,0.82,0.22,audit_log_tampering
754,HL7_API,billing,S0,1772,7559,0,1,1,0,10,86,0.34,0.21,data_modification
3121,PACS,patient_records,S0,4134,14,0,1,0,1,20,4,0.09,0.28,credential_sharing
357,PACS,radiology,REJ,6946,3340,1,5,0,1,17,72,0.45,0.63,privilege_misuse
3085,EHR,lab_results,SF,8288,4795,1,0,0,0,13,26,0.67,0.2,normal
2088,EHR,lab_results,SF,435,7723,0,2,1,0,11,25,0.71,0.56,unauthorized_access
1530,HL7_API,prescriptions,REJ,5496,2447,1,2,0,0,18,5,0.43,0.23,policy_violation
2351,EHR,radiology,REJ,3833,5282,1,4,1,1,13,23,0.2,0.22,credential_sharing
1697,HL7_API,lab_results,S0,3525,7422,1,2,0,1,18,41,0.97,0.35,data_modification
2178,EHR,patient_records,S0,519,313,1,3,1,0,20,95,0.82,0.64,audit_log_tampering
1571,HL7_API,radiology,S0,1972,7600,0,4,1,1,8,11,0.48,0.65,privilege_misuse
353,EHR,billing,REJ,9139,6077,0,4,0,1,17,89,0.51,0.84,audit_log_tampering
1241,HL7_API,prescriptions,REJ,3911,7543,0,2,0,1,15,38,0.09,0.2,policy_violation
3258,EHR,radiology,REJ,1051,4721,1,4,1,1,16,34,0.62,0.05,unauthorized_access
3266,EHR,lab_results,SF,950,3679,1,2,1,1,15,77,0.15,0.84,audit_log_tampering
3426,HL7_API,patient_records,REJ,2344,477,1,1,0,1,11,17,0.11,0.4,policy_violation
1228,PACS,radiology,S0,285,4191,1,5,1,0,0,2,0.15,0.01,audit_log_tampering
541,HL7_API,patient_records,S0,9466,2680,0,5,0,1,11,89,0.11,0.01,policy_violation
1128,HL7_API,billing,REJ,1095,5257,0,3,1,0,18,65,0.0,0.82,unauthorized_access
583,PACS,radiology,S0,6244,2920,0,5,0,0,11,87,0.89,0.02,privilege_misuse
2047,EHR,billing,S0,3312,6688,0,4,1,1,0,95,0.59,1.0,unauthorized_access
1071,HL7_API,prescriptions,REJ,5153,4726,0,4,0,1,20,82,0.52,0.83,audit_log_tampering
3188,PACS,radiology,SF,4939,6399,0,1,1,1,6,100,0.88,0.18,policy_violation
507,HL7_API,billing,REJ,2609,6882,1,1,0,0,20,20,0.09,0.36,audit_log_tampering
3116,HL7_API,lab_results,SF,6025,5937,1,4,0,1,12,73,0.09,0.35,data_modification
824,EHR,prescriptions,REJ,6639,3859,1,5,1,0,16,24,0.0,0.81,unauthorized_access
858,HL7_API,prescriptions,S0,6591,6841,1,1,0,1,3,69,0.16,0.14,unauthorized_access
939,EHR,billing,SF,2431,5827,1,4,1,0,2,24,0.21,0.43,privilege_misuse
1983,EHR,patient_records,REJ,1736,993,0,5,1,0,11,37,0.02,0.68,credential_sharing
2696,PACS,billing,S0,3252,2123,0,3,1,0,17,43,0.17,0.68,privilege_misuse
3357,PACS,prescriptions,SF,3279,1604,1,3,1,1,1,70,0.7,0.08,credential_sharing
3121,PACS,radiology,REJ,1542,1518,0,4,1,1,19,100,0.84,0.03,audit_log_tampering
2402,EHR,radiology,SF,2775,7946,1,4,0,0,4,19,0.33,0.78,data_modification
21,HL7_API,prescriptions,S0,2319,6975,1,3,0,1,1,77,0.23,0.17,credential_sharing
3321,EHR,patient_records,REJ,7265,2696,0,2,1,1,5,38,0.68,0.95,policy_violation
475,HL7_API,patient_records,SF,5494,2274,0,3,0,1,6,85,0.09,0.08,privilege_misuse
3549,PACS,lab_results,SF,5203,3908,1,4,0,1,13,46,0.99,0.28,credential_sharing
337,EHR,prescriptions,SF,2669,6373,1,1,0,0,10,9,0.72,0.32,normal
549,PACS,patient_records,S0,1087,2661,1,5,0,0,10,50,0.3,0.44,unauthorized_access
663,PACS,radiology,REJ,5134,2879,1,1,1,1,13,83,0.44,0.74,data_modification
2392,PACS,lab_results,S0,9517,2676,0,4,1,0,0,19,0.07,0.07,audit_log_tampering
425,PACS,patient_records,SF,4358,4706,1,5,1,0,4,69,0.54,0.34,privilege_misuse
2258,PACS,patient_records,SF,6665,7159,1,4,0,1,4,44,0.61,0.18,policy_violation
1515,EHR,lab_results,REJ,3145,423,1,4,1,1,4,30,0.05,0.55,policy_violation
1452,EHR,patient_records,SF,4758,1215,0,3,0,1,9,87,0.82,0.17,insider_data_leakage
2512,HL7_API,patient_records,SF,6316,1709,1,4,1,1,7,5,0.07,0.88,credential_sharing
332,PACS,lab_results,S0,9507,1950,1,5,0,1,12,13,0.62,0.35,audit_log_tampering
284,PACS,radiology,S0,4185,7638,0,3,0,0,1,32,0.96,0.7,insider_data_leakage
2720,EHR,radiology,SF,590,1474,0,5,1,0,11,52,0.75,0.81,data_modification
1330,HL7_API,lab_results,REJ,2548,6513,1,1,0,0,10,75,0.45,0.21,normal
1029,EHR,patient_records,REJ,4952,2015,1,2,1,1,16,26,0.53,0.82,policy_violation
1379,HL7_API,lab_results,SF,3184,7551,0,2,0,1,4,53,0.04,0.57,unauthorized_access
796,EHR,patient_records,S0,9376,5256,0,0,0,0,10,60,0.52,0.53,normal
2712,PACS,lab_results,S0,4957,7414,0,1,1,0,9,22,0.17,0.99,unauthorized_access
173,EHR,patient_records,REJ,3741,3119,1,4,0,1,6,54,0.91,0.3,privilege_misuse
955,HL7_API,radiology,REJ,5683,2301,0,2,1,0,20,17,0.47,0.81,audit_log_tampering
1457,HL7_API,patient_records,REJ,4777,5527,1,5,0,1,6,2,0.21,0.2,policy_violation
2067,EHR,prescriptions,S0,8337,122,0,3,0,0,12,26,0.7,0.08,credential_sharing
1733,PACS,billing,REJ,6855,376,0,4,0,0,6,58,0.63,0.3,privilege_misuse
1246,PACS,prescriptions,REJ,6110,7325,0,3,0,1,18,12,0.94,0.15,privilege_misuse
2279,HL7_API,patient_records,REJ,9802,876,0,1,1,0,16,20,0.72,0.63,credential_sharing
2528,EHR,patient_records,SF,3534,140,0,1,0,0,12,48,0.68,0.59,policy_violation
1826,EHR,radiology,REJ,2780,5459,0,2,1,0,7,94,0.07,0.99,privilege_misuse
156,EHR,lab_results,SF,6018,2023,1,5,1,0,11,44,0.01,0.51,insider_data_leakage
3340,PACS,billing,S0,4983,5979,1,3,1,0,16,96,0.31,0.0,privilege_misuse
901,PACS,radiology,S0,4566,2053,0,1,1,1,10,39,0.27,0.99,credential_sharing
1889,PACS,radiology,SF,1456,7199,0,3,0,1,17,8,0.7,0.48,data_modification
354,PACS,lab_results,SF,1598,4466,1,5,0,1,11,100,0.08,0.06,data_modification
1234,HL7_API,billing,S0,7125,6281,0,4,0,0,20,82,0.75,0.74,credential_sharing
2655,EHR,billing,S0,3854,2783,0,5,1,1,13,95,0.98,0.91,policy_violation
868,HL7_API,lab_results,SF,6760,7938,0,1,1,1,18,43,0.9,0.86,audit_log_tampering
2601,HL7_API,prescriptions,REJ,4391,1840,1,1,1,0,5,47,0.11,0.5,insider_data_leakage
469,EHR,billing,S0,1488,306,1,5,0,1,14,15,0.21,0.03,privilege_misuse
654,PACS,patient_records,SF,5695,1852,1,1,0,0,11,16,0.66,0.55,unauthorized_access
3194,PACS,lab_results,S0,2389,7211,0,3,1,1,0,28,0.02,0.51,insider_data_leakage
2084,PACS,lab_results,REJ,6679,397,1,1,1,0,14,32,0.76,0.42,audit_log_tampering
3565,HL7_API,billing,SF,2991,5555,1,3,0,0,4,58,0.39,0.63,privilege_misuse
2413,HL7_API,lab_results,SF,3861,4746,1,5,1,1,19,39,0.99,0.77,privilege_misuse
3176,HL7_API,patient_records,SF,6024,6077,0,3,1,1,3,13,0.06,0.07,data_modification
2590,HL7_API,prescriptions,S0,3038,7135,0,2,1,1,20,67,0.32,0.94,privilege_misuse
1002,EHR,lab_results,REJ,5705,2247,1,4,1,1,3,80,0.63,0.88,unauthorized_access
1998,PACS,lab_results,S0,5010,554,0,3,0,1,16,67,0.03,0.35,privilege_misuse
638,PACS,prescriptions,SF,6188,2652,0,4,0,0,11,98,0.43,0.43,data_modification
381,HL7_API,prescriptions,REJ,5933,6278,0,1,1,0,7,50,0.8,0.83,data_modification
1180,PACS,patient_records,S0,6656,4187,1,3,0,1,8,48,0.24,0.05,data_modification
